<?xml version="1.0" encoding="UTF-8"?>
<osm version="0.6" upload="false" generator="vectormap-rs 0.1.0">
  <node id="59" visible="true" version="1" lat="0.00000000000" lon="0.00000000000">
    <tag k="ele" v="27.9915"/>
    <tag k="local_x" v="-9342.977012749556"/>
    <tag k="local_y" v="-40855.20391510947"/>
  </node>
  <node id="60" visible="true" version="1" lat="0.00000000000" lon="0.00000000000">
    <tag k="ele" v="27.999"/>
    <tag k="local_x" v="-9341.146553658116"/>
    <tag k="local_y" v="-40853.504078262726"/>
  </node>
  <node id="61" visible="true" version="1" lat="0.00000000000" lon="0.00000000000">
    <tag k="ele" v="28.009749999999997"/>
    <tag k="local_x" v="-9340.058136992424"/>
    <tag k="local_y" v="-40852.48357551893"/>
  </node>
  <node id="62" visible="true" version="1" lat="0.00000000000" lon="0.00000000000">
    <tag k="ele" v="28.033749999999998"/>
    <tag k="local_x" v="-9338.572414855731"/>
    <tag k="local_y" v="-40851.15922431803"/>
  </node>
  <node id="63" visible="true" version="1" lat="0.00000000000" lon="0.00000000000">
    <tag k="ele" v="28.0565"/>
    <tag k="local_x" v="-9336.989132270823"/>
    <tag k="local_y" v="-40849.95239751528"/>
  </node>
  <node id="64" visible="true" version="1" lat="0.00000000000" lon="0.00000000000">
    <tag k="ele" v="28.131249999999998"/>
    <tag k="local_x" v="-9335.248761035355"/>
    <tag k="local_y" v="-40848.92138165792"/>
  </node>
  <node id="65" visible="true" version="1" lat="0.00000000000" lon="0.00000000000">
    <tag k="ele" v="28.160749999999997"/>
    <tag k="local_x" v="-9333.429014819869"/>
    <tag k="local_y" v="-40847.972141516206"/>
  </node>
  <node id="66" visible="true" version="1" lat="0.00000000000" lon="0.00000000000">
    <tag k="ele" v="28.186249999999998"/>
    <tag k="local_x" v="-9331.912916060004"/>
    <tag k="local_y" v="-40846.691147745645"/>
  </node>
  <node id="67" visible="true" version="1" lat="0.00000000000" lon="0.00000000000">
    <tag k="ele" v="28.221749999999997"/>
    <tag k="local_x" v="-9330.50953539652"/>
    <tag k="local_y" v="-40845.29209931633"/>
  </node>
  <node id="68" visible="true" version="1" lat="0.00000000000" lon="0.00000000000">
    <tag k="ele" v="28.245749999999997"/>
    <tag k="local_x" v="-9329.275923993027"/>
    <tag k="local_y" v="-40843.722912674064"/>
  </node>
  <node id="69" visible="true" version="1" lat="0.00000000000" lon="0.00000000000">
    <tag k="ele" v="28.24"/>
    <tag k="local_x" v="-9328.111332415236"/>
    <tag k="local_y" v="-40842.094277024466"/>
  </node>
  <node id="70" visible="true" version="1" lat="0.00000000000" lon="0.00000000000">
    <tag k="ele" v="28.264"/>
    <tag k="local_x" v="-9326.83757579101"/>
    <tag k="local_y" v="-40840.583741361115"/>
  </node>
  <node id="71" visible="true" version="1" lat="0.00000000000" lon="0.00000000000">
    <tag k="ele" v="28.296249999999997"/>
    <tag k="local_x" v="-9325.49545642095"/>
    <tag k="local_y" v="-40839.14403966368"/>
  </node>
  <node id="72" visible="true" version="1" lat="0.00000000000" lon="0.00000000000">
    <tag k="ele" v="28.3295"/>
    <tag k="local_x" v="-9324.13323134003"/>
    <tag k="local_y" v="-40837.724130296425"/>
  </node>
  <node id="73" visible="true" version="1" lat="0.00000000000" lon="0.00000000000">
    <tag k="ele" v="28.345249999999997"/>
    <tag k="local_x" v="-9322.75978299843"/>
    <tag k="local_y" v="-40836.312991652216"/>
  </node>
  <node id="74" visible="true" version="1" lat="0.00000000000" lon="0.00000000000">
    <tag k="ele" v="28.380499999999998"/>
    <tag k="local_x" v="-9321.371532282297"/>
    <tag k="local_y" v="-40834.912732998055"/>
  </node>
  <node id="75" visible="true" version="1" lat="0.00000000000" lon="0.00000000000">
    <tag k="ele" v="28.418499999999998"/>
    <tag k="local_x" v="-9320.037353618583"/>
    <tag k="local_y" v="-40833.46330107533"/>
  </node>
  <node id="76" visible="true" version="1" lat="0.00000000000" lon="0.00000000000">
    <tag k="ele" v="28.440749999999998"/>
    <tag k="local_x" v="-9318.744034340158"/>
    <tag k="local_y" v="-40831.97957990623"/>
  </node>
  <node id="77" visible="true" version="1" lat="0.00000000000" lon="0.00000000000">
    <tag k="ele" v="28.46875"/>
    <tag k="local_x" v="-9317.463084642312"/>
    <tag k="local_y" v="-40830.4866412074"/>
  </node>
  <node id="78" visible="true" version="1" lat="0.00000000000" lon="0.00000000000">
    <tag k="ele" v="28.535999999999998"/>
    <tag k="local_x" v="-9316.174986965008"/>
    <tag k="local_y" v="-40828.99912594738"/>
  </node>
  <node id="79" visible="true" version="1" lat="0.00000000000" lon="0.00000000000">
    <tag k="ele" v="28.5615"/>
    <tag k="local_x" v="-9314.910653775036"/>
    <tag k="local_y" v="-40827.4873695423"/>
  </node>
  <node id="80" visible="true" version="1" lat="0.00000000000" lon="0.00000000000">
    <tag k="ele" v="28.542749999999998"/>
    <tag k="local_x" v="-9313.744706995874"/>
    <tag k="local_y" v="-40826.05120744983"/>
  </node>
  <node id="81" visible="true" version="1" lat="0.00000000000" lon="0.00000000000">
    <tag k="ele" v="28.56675"/>
    <tag k="local_x" v="-9312.92049199855"/>
    <tag k="local_y" v="-40825.024312515714"/>
  </node>
  <node id="82" visible="true" version="1" lat="0.00000000000" lon="0.00000000000">
    <tag k="ele" v="28.6375"/>
    <tag k="local_x" v="-9311.908792682741"/>
    <tag k="local_y" v="-40823.755839815814"/>
  </node>
  <node id="83" visible="true" version="1" lat="0.00000000000" lon="0.00000000000">
    <tag k="ele" v="27.9915"/>
    <tag k="local_x" v="-9340.747050241096"/>
    <tag k="local_y" v="-40857.73638961181"/>
  </node>
  <node id="84" visible="true" version="1" lat="0.00000000000" lon="0.00000000000">
    <tag k="ele" v="28.007749999999998"/>
    <tag k="local_x" v="-9338.842746484701"/>
    <tag k="local_y" v="-40856.11556127216"/>
  </node>
  <node id="85" visible="true" version="1" lat="0.00000000000" lon="0.00000000000">
    <tag k="ele" v="28.037"/>
    <tag k="local_x" v="-9337.684553383655"/>
    <tag k="local_y" v="-40855.15924885824"/>
  </node>
  <node id="86" visible="true" version="1" lat="0.00000000000" lon="0.00000000000">
    <tag k="ele" v="28.075999999999997"/>
    <tag k="local_x" v="-9336.107946537457"/>
    <tag k="local_y" v="-40853.92018783233"/>
  </node>
  <node id="87" visible="true" version="1" lat="0.00000000000" lon="0.00000000000">
    <tag k="ele" v="28.107999999999997"/>
    <tag k="local_x" v="-9334.456106353631"/>
    <tag k="local_y" v="-40852.7614075643"/>
  </node>
  <node id="88" visible="true" version="1" lat="0.00000000000" lon="0.00000000000">
    <tag k="ele" v="28.131249999999998"/>
    <tag k="local_x" v="-9332.729716895807"/>
    <tag k="local_y" v="-40851.678236230466"/>
  </node>
  <node id="89" visible="true" version="1" lat="0.00000000000" lon="0.00000000000">
    <tag k="ele" v="28.160749999999997"/>
    <tag k="local_x" v="-9331.004212542457"/>
    <tag k="local_y" v="-40850.58415421039"/>
  </node>
  <node id="90" visible="true" version="1" lat="0.00000000000" lon="0.00000000000">
    <tag k="ele" v="28.186249999999998"/>
    <tag k="local_x" v="-9329.38308056362"/>
    <tag k="local_y" v="-40849.36852049424"/>
  </node>
  <node id="91" visible="true" version="1" lat="0.00000000000" lon="0.00000000000">
    <tag k="ele" v="28.221749999999997"/>
    <tag k="local_x" v="-9327.898080871675"/>
    <tag k="local_y" v="-40848.00378661398"/>
  </node>
  <node id="92" visible="true" version="1" lat="0.00000000000" lon="0.00000000000">
    <tag k="ele" v="28.245749999999997"/>
    <tag k="local_x" v="-9326.54445919201"/>
    <tag k="local_y" v="-40846.502573071244"/>
  </node>
  <node id="93" visible="true" version="1" lat="0.00000000000" lon="0.00000000000">
    <tag k="ele" v="28.270999999999997"/>
    <tag k="local_x" v="-9325.285814988003"/>
    <tag k="local_y" v="-40844.90899268217"/>
  </node>
  <node id="94" visible="true" version="1" lat="0.00000000000" lon="0.00000000000">
    <tag k="ele" v="28.290999999999997"/>
    <tag k="local_x" v="-9324.082380854961"/>
    <tag k="local_y" v="-40843.26774177904"/>
  </node>
  <node id="95" visible="true" version="1" lat="0.00000000000" lon="0.00000000000">
    <tag k="ele" v="28.318749999999998"/>
    <tag k="local_x" v="-9322.85541203237"/>
    <tag k="local_y" v="-40841.657265461596"/>
  </node>
  <node id="96" visible="true" version="1" lat="0.00000000000" lon="0.00000000000">
    <tag k="ele" v="28.3405"/>
    <tag k="local_x" v="-9321.58632838617"/>
    <tag k="local_y" v="-40840.09284394293"/>
  </node>
  <node id="97" visible="true" version="1" lat="0.00000000000" lon="0.00000000000">
    <tag k="ele" v="28.388749999999998"/>
    <tag k="local_x" v="-9320.276991314478"/>
    <tag k="local_y" v="-40838.56939030403"/>
  </node>
  <node id="98" visible="true" version="1" lat="0.00000000000" lon="0.00000000000">
    <tag k="ele" v="28.419249999999998"/>
    <tag k="local_x" v="-9318.923177337887"/>
    <tag k="local_y" v="-40837.08717402961"/>
  </node>
  <node id="99" visible="true" version="1" lat="0.00000000000" lon="0.00000000000">
    <tag k="ele" v="28.444"/>
    <tag k="local_x" v="-9317.52456518018"/>
    <tag k="local_y" v="-40835.64269407079"/>
  </node>
  <node id="100" visible="true" version="1" lat="0.00000000000" lon="0.00000000000">
    <tag k="ele" v="28.474999999999998"/>
    <tag k="local_x" v="-9316.109788165537"/>
    <tag k="local_y" v="-40834.20780463494"/>
  </node>
  <node id="101" visible="true" version="1" lat="0.00000000000" lon="0.00000000000">
    <tag k="ele" v="28.5035"/>
    <tag k="local_x" v="-9314.674022961826"/>
    <tag k="local_y" v="-40832.7845030457"/>
  </node>
  <node id="102" visible="true" version="1" lat="0.00000000000" lon="0.00000000000">
    <tag k="ele" v="28.535999999999998"/>
    <tag k="local_x" v="-9313.203439333722"/>
    <tag k="local_y" v="-40831.38185102565"/>
  </node>
  <node id="103" visible="true" version="1" lat="0.00000000000" lon="0.00000000000">
    <tag k="ele" v="28.5615"/>
    <tag k="local_x" v="-9311.71924184706"/>
    <tag k="local_y" v="-40829.982937348606"/>
  </node>
  <node id="104" visible="true" version="1" lat="0.00000000000" lon="0.00000000000">
    <tag k="ele" v="28.591499999999996"/>
    <tag k="local_x" v="-9310.090083789099"/>
    <tag k="local_y" v="-40828.85548425845"/>
  </node>
  <node id="105" visible="true" version="1" lat="0.00000000000" lon="0.00000000000">
    <tag k="ele" v="28.6175"/>
    <tag k="local_x" v="-9309.266466327683"/>
    <tag k="local_y" v="-40827.77195059505"/>
  </node>
  <node id="106" visible="true" version="1" lat="0.00000000000" lon="0.00000000000">
    <tag k="ele" v="28.6375"/>
    <tag k="local_x" v="-9308.60644661155"/>
    <tag k="local_y" v="-40826.21701468781"/>
  </node>
  <node id="107" visible="true" version="1" lat="0.00000000000" lon="0.00000000000">
    <tag k="ele" v="27.9915"/>
    <tag k="local_x" v="-9338.433951590378"/>
    <tag k="local_y" v="-40860.363278329496"/>
  </node>
  <node id="108" visible="true" version="1" lat="0.00000000000" lon="0.00000000000">
    <tag k="ele" v="28.007749999999998"/>
    <tag k="local_x" v="-9336.527172026254"/>
    <tag k="local_y" v="-40858.74038309974"/>
  </node>
  <node id="109" visible="true" version="1" lat="0.00000000000" lon="0.00000000000">
    <tag k="ele" v="28.037"/>
    <tag k="local_x" v="-9335.361738817124"/>
    <tag k="local_y" v="-40857.777691699215"/>
  </node>
  <node id="110" visible="true" version="1" lat="0.00000000000" lon="0.00000000000">
    <tag k="ele" v="28.075999999999997"/>
    <tag k="local_x" v="-9333.777124867653"/>
    <tag k="local_y" v="-40856.531425940346"/>
  </node>
  <node id="111" visible="true" version="1" lat="0.00000000000" lon="0.00000000000">
    <tag k="ele" v="28.107999999999997"/>
    <tag k="local_x" v="-9332.112309619952"/>
    <tag k="local_y" v="-40855.36057109164"/>
  </node>
  <node id="112" visible="true" version="1" lat="0.00000000000" lon="0.00000000000">
    <tag k="ele" v="28.131249999999998"/>
    <tag k="local_x" v="-9330.369417103895"/>
    <tag k="local_y" v="-40854.26136019076"/>
  </node>
  <node id="113" visible="true" version="1" lat="0.00000000000" lon="0.00000000000">
    <tag k="ele" v="28.160749999999997"/>
    <tag k="local_x" v="-9328.62455666589"/>
    <tag k="local_y" v="-40853.14753490962"/>
  </node>
  <node id="114" visible="true" version="1" lat="0.00000000000" lon="0.00000000000">
    <tag k="ele" v="28.186249999999998"/>
    <tag k="local_x" v="-9326.98224564719"/>
    <tag k="local_y" v="-40851.90936948948"/>
  </node>
  <node id="115" visible="true" version="1" lat="0.00000000000" lon="0.00000000000">
    <tag k="ele" v="28.221749999999997"/>
    <tag k="local_x" v="-9325.474522349774"/>
    <tag k="local_y" v="-40850.520366089695"/>
  </node>
  <node id="116" visible="true" version="1" lat="0.00000000000" lon="0.00000000000">
    <tag k="ele" v="28.245749999999997"/>
    <tag k="local_x" v="-9324.095693316218"/>
    <tag k="local_y" v="-40848.99454643453"/>
  </node>
  <node id="117" visible="true" version="1" lat="0.00000000000" lon="0.00000000000">
    <tag k="ele" v="28.270999999999997"/>
    <tag k="local_x" v="-9322.807065730382"/>
    <tag k="local_y" v="-40847.37826584244"/>
  </node>
  <node id="118" visible="true" version="1" lat="0.00000000000" lon="0.00000000000">
    <tag k="ele" v="28.290999999999997"/>
    <tag k="local_x" v="-9321.565501193367"/>
    <tag k="local_y" v="-40845.719585013496"/>
  </node>
  <node id="119" visible="true" version="1" lat="0.00000000000" lon="0.00000000000">
    <tag k="ele" v="28.318749999999998"/>
    <tag k="local_x" v="-9320.288757663371"/>
    <tag k="local_y" v="-40844.10062664234"/>
  </node>
  <node id="120" visible="true" version="1" lat="0.00000000000" lon="0.00000000000">
    <tag k="ele" v="28.3405"/>
    <tag k="local_x" v="-9318.957230884978"/>
    <tag k="local_y" v="-40842.53800154881"/>
  </node>
  <node id="121" visible="true" version="1" lat="0.00000000000" lon="0.00000000000">
    <tag k="ele" v="28.377999999999997"/>
    <tag k="local_x" v="-9317.579815854759"/>
    <tag k="local_y" v="-40841.02062417532"/>
  </node>
  <node id="122" visible="true" version="1" lat="0.00000000000" lon="0.00000000000">
    <tag k="ele" v="28.419249999999998"/>
    <tag k="local_x" v="-9316.17572416651"/>
    <tag k="local_y" v="-40839.52725116049"/>
  </node>
  <node id="123" visible="true" version="1" lat="0.00000000000" lon="0.00000000000">
    <tag k="ele" v="28.49375"/>
    <tag k="local_x" v="-9314.77380725735"/>
    <tag k="local_y" v="-40838.02848288516"/>
  </node>
  <node id="124" visible="true" version="1" lat="0.00000000000" lon="0.00000000000">
    <tag k="ele" v="28.52425"/>
    <tag k="local_x" v="-9313.384354179681"/>
    <tag k="local_y" v="-40836.51316222158"/>
  </node>
  <node id="125" visible="true" version="1" lat="0.00000000000" lon="0.00000000000">
    <tag k="ele" v="28.5035"/>
    <tag k="local_x" v="-9311.954954391049"/>
    <tag k="local_y" v="-40835.02469871734"/>
  </node>
  <node id="126" visible="true" version="1" lat="0.00000000000" lon="0.00000000000">
    <tag k="ele" v="28.535999999999998"/>
    <tag k="local_x" v="-9310.473226654012"/>
    <tag k="local_y" v="-40833.57106251682"/>
  </node>
  <node id="127" visible="true" version="1" lat="0.00000000000" lon="0.00000000000">
    <tag k="ele" v="28.5615"/>
    <tag k="local_x" v="-9308.963234988685"/>
    <tag k="local_y" v="-40832.138034260235"/>
  </node>
  <node id="128" visible="true" version="1" lat="0.00000000000" lon="0.00000000000">
    <tag k="ele" v="28.591499999999996"/>
    <tag k="local_x" v="-9307.313341884159"/>
    <tag k="local_y" v="-40830.98614246505"/>
  </node>
  <node id="129" visible="true" version="1" lat="0.00000000000" lon="0.00000000000">
    <tag k="ele" v="28.6175"/>
    <tag k="local_x" v="-9306.469084452245"/>
    <tag k="local_y" v="-40829.875436901864"/>
  </node>
  <node id="130" visible="true" version="1" lat="0.00000000000" lon="0.00000000000">
    <tag k="ele" v="28.6375"/>
    <tag k="local_x" v="-9305.80010236313"/>
    <tag k="local_y" v="-40828.30852896206"/>
  </node>
  <node id="131" visible="true" version="1" lat="0.00000000000" lon="0.00000000000">
    <tag k="ele" v="28.0445"/>
    <tag k="local_x" v="-9335.312372558012"/>
    <tag k="local_y" v="-40863.90832416615"/>
  </node>
  <node id="132" visible="true" version="1" lat="0.00000000000" lon="0.00000000000">
    <tag k="ele" v="28.057"/>
    <tag k="local_x" v="-9333.312354792914"/>
    <tag k="local_y" v="-40862.38454250692"/>
  </node>
  <node id="133" visible="true" version="1" lat="0.00000000000" lon="0.00000000000">
    <tag k="ele" v="28.07425"/>
    <tag k="local_x" v="-9332.115094369592"/>
    <tag k="local_y" v="-40861.43754170762"/>
  </node>
  <node id="134" visible="true" version="1" lat="0.00000000000" lon="0.00000000000">
    <tag k="ele" v="28.088749999999997"/>
    <tag k="local_x" v="-9330.54224240191"/>
    <tag k="local_y" v="-40860.15549056912"/>
  </node>
  <node id="135" visible="true" version="1" lat="0.00000000000" lon="0.00000000000">
    <tag k="ele" v="28.115"/>
    <tag k="local_x" v="-9328.952839307407"/>
    <tag k="local_y" v="-40858.86427936295"/>
  </node>
  <node id="136" visible="true" version="1" lat="0.00000000000" lon="0.00000000000">
    <tag k="ele" v="28.14175"/>
    <tag k="local_x" v="-9327.402574871265"/>
    <tag k="local_y" v="-40857.508287247976"/>
  </node>
  <node id="137" visible="true" version="1" lat="0.00000000000" lon="0.00000000000">
    <tag k="ele" v="28.160749999999997"/>
    <tag k="local_x" v="-9325.893429067728"/>
    <tag k="local_y" v="-40856.08952322029"/>
  </node>
  <node id="138" visible="true" version="1" lat="0.00000000000" lon="0.00000000000">
    <tag k="ele" v="28.186249999999998"/>
    <tag k="local_x" v="-9324.425266318887"/>
    <tag k="local_y" v="-40854.6154690687"/>
  </node>
  <node id="139" visible="true" version="1" lat="0.00000000000" lon="0.00000000000">
    <tag k="ele" v="28.221749999999997"/>
    <tag k="local_x" v="-9323.009756742364"/>
    <tag k="local_y" v="-40853.0797342601"/>
  </node>
  <node id="140" visible="true" version="1" lat="0.00000000000" lon="0.00000000000">
    <tag k="ele" v="28.245749999999997"/>
    <tag k="local_x" v="-9321.658206811979"/>
    <tag k="local_y" v="-40851.475041406295"/>
  </node>
  <node id="141" visible="true" version="1" lat="0.00000000000" lon="0.00000000000">
    <tag k="ele" v="28.270999999999997"/>
    <tag k="local_x" v="-9320.358664372478"/>
    <tag k="local_y" v="-40849.81730712105"/>
  </node>
  <node id="142" visible="true" version="1" lat="0.00000000000" lon="0.00000000000">
    <tag k="ele" v="28.290999999999997"/>
    <tag k="local_x" v="-9319.091956916165"/>
    <tag k="local_y" v="-40848.12921265433"/>
  </node>
  <node id="143" visible="true" version="1" lat="0.00000000000" lon="0.00000000000">
    <tag k="ele" v="28.318749999999998"/>
    <tag k="local_x" v="-9317.793116163943"/>
    <tag k="local_y" v="-40846.47638616588"/>
  </node>
  <node id="144" visible="true" version="1" lat="0.00000000000" lon="0.00000000000">
    <tag k="ele" v="28.3405"/>
    <tag k="local_x" v="-9316.45211908729"/>
    <tag k="local_y" v="-40844.86784787933"/>
  </node>
  <node id="145" visible="true" version="1" lat="0.00000000000" lon="0.00000000000">
    <tag k="ele" v="28.377999999999997"/>
    <tag k="local_x" v="-9315.07776502259"/>
    <tag k="local_y" v="-40843.294525832454"/>
  </node>
  <node id="146" visible="true" version="1" lat="0.00000000000" lon="0.00000000000">
    <tag k="ele" v="28.544999999999998"/>
    <tag k="local_x" v="-9313.673604072806"/>
    <tag k="local_y" v="-40841.74944227296"/>
  </node>
  <node id="147" visible="true" version="1" lat="0.00000000000" lon="0.00000000000">
    <tag k="ele" v="28.444"/>
    <tag k="local_x" v="-9312.22911987761"/>
    <tag k="local_y" v="-40840.235542487266"/>
  </node>
  <node id="148" visible="true" version="1" lat="0.00000000000" lon="0.00000000000">
    <tag k="ele" v="28.474999999999998"/>
    <tag k="local_x" v="-9310.79469970361"/>
    <tag k="local_y" v="-40838.70366825629"/>
  </node>
  <node id="149" visible="true" version="1" lat="0.00000000000" lon="0.00000000000">
    <tag k="ele" v="28.627249999999997"/>
    <tag k="local_x" v="-9309.391869887957"/>
    <tag k="local_y" v="-40837.13638169274"/>
  </node>
  <node id="150" visible="true" version="1" lat="0.00000000000" lon="0.00000000000">
    <tag k="ele" v="28.639"/>
    <tag k="local_x" v="-9308.027732837943"/>
    <tag k="local_y" v="-40835.53197318268"/>
  </node>
  <node id="151" visible="true" version="1" lat="0.00000000000" lon="0.00000000000">
    <tag k="ele" v="28.741749999999996"/>
    <tag k="local_x" v="-9306.701139581695"/>
    <tag k="local_y" v="-40833.9069104191"/>
  </node>
  <node id="152" visible="true" version="1" lat="0.00000000000" lon="0.00000000000">
    <tag k="ele" v="28.733749999999997"/>
    <tag k="local_x" v="-9305.542475476677"/>
    <tag k="local_y" v="-40832.34496916665"/>
  </node>
  <node id="153" visible="true" version="1" lat="0.00000000000" lon="0.00000000000">
    <tag k="ele" v="28.688249999999996"/>
    <tag k="local_x" v="-9304.735034138386"/>
    <tag k="local_y" v="-40831.17935293942"/>
  </node>
  <node id="154" visible="true" version="1" lat="0.00000000000" lon="0.00000000000">
    <tag k="ele" v="28.710499999999996"/>
    <tag k="local_x" v="-9303.798621919013"/>
    <tag k="local_y" v="-40829.800193757226"/>
  </node>
  <node id="155" visible="true" version="1" lat="0.00000000000" lon="0.00000000000">
    <tag k="ele" v="27.9915"/>
    <tag k="local_x" v="-9333.83082689664"/>
    <tag k="local_y" v="-40865.59085317605"/>
  </node>
  <node id="156" visible="true" version="1" lat="0.00000000000" lon="0.00000000000">
    <tag k="ele" v="28.007749999999998"/>
    <tag k="local_x" v="-9331.901554004493"/>
    <tag k="local_y" v="-40863.98375720301"/>
  </node>
  <node id="157" visible="true" version="1" lat="0.00000000000" lon="0.00000000000">
    <tag k="ele" v="28.037"/>
    <tag k="local_x" v="-9330.705655392838"/>
    <tag k="local_y" v="-40863.02636220653"/>
  </node>
  <node id="158" visible="true" version="1" lat="0.00000000000" lon="0.00000000000">
    <tag k="ele" v="28.075999999999997"/>
    <tag k="local_x" v="-9329.073881685485"/>
    <tag k="local_y" v="-40861.80050679183"/>
  </node>
  <node id="159" visible="true" version="1" lat="0.00000000000" lon="0.00000000000">
    <tag k="ele" v="28.107999999999997"/>
    <tag k="local_x" v="-9327.386157853436"/>
    <tag k="local_y" v="-40860.601657538966"/>
  </node>
  <node id="160" visible="true" version="1" lat="0.00000000000" lon="0.00000000000">
    <tag k="ele" v="28.131249999999998"/>
    <tag k="local_x" v="-9325.497130403763"/>
    <tag k="local_y" v="-40859.59361525414"/>
  </node>
  <node id="161" visible="true" version="1" lat="0.00000000000" lon="0.00000000000">
    <tag k="ele" v="28.113999999999997"/>
    <tag k="local_x" v="-9323.668408101217"/>
    <tag k="local_y" v="-40858.4863301944"/>
  </node>
  <node id="162" visible="true" version="1" lat="0.00000000000" lon="0.00000000000">
    <tag k="ele" v="28.186249999999998"/>
    <tag k="local_x" v="-9322.022808177553"/>
    <tag k="local_y" v="-40857.158035953566"/>
  </node>
  <node id="163" visible="true" version="1" lat="0.00000000000" lon="0.00000000000">
    <tag k="ele" v="28.221749999999997"/>
    <tag k="local_x" v="-9320.527592614366"/>
    <tag k="local_y" v="-40855.6571687406"/>
  </node>
  <node id="164" visible="true" version="1" lat="0.00000000000" lon="0.00000000000">
    <tag k="ele" v="28.245749999999997"/>
    <tag k="local_x" v="-9319.147527519113"/>
    <tag k="local_y" v="-40854.03002062396"/>
  </node>
  <node id="165" visible="true" version="1" lat="0.00000000000" lon="0.00000000000">
    <tag k="ele" v="28.270999999999997"/>
    <tag k="local_x" v="-9317.835961198994"/>
    <tag k="local_y" v="-40852.33036616422"/>
  </node>
  <node id="166" visible="true" version="1" lat="0.00000000000" lon="0.00000000000">
    <tag k="ele" v="28.290999999999997"/>
    <tag k="local_x" v="-9316.552397898593"/>
    <tag k="local_y" v="-40850.6031492079"/>
  </node>
  <node id="167" visible="true" version="1" lat="0.00000000000" lon="0.00000000000">
    <tag k="ele" v="28.318749999999998"/>
    <tag k="local_x" v="-9315.220852761251"/>
    <tag k="local_y" v="-40848.92508694176"/>
  </node>
  <node id="168" visible="true" version="1" lat="0.00000000000" lon="0.00000000000">
    <tag k="ele" v="28.3405"/>
    <tag k="local_x" v="-9313.82820259207"/>
    <tag k="local_y" v="-40847.308186958646"/>
  </node>
  <node id="169" visible="true" version="1" lat="0.00000000000" lon="0.00000000000">
    <tag k="ele" v="28.377999999999997"/>
    <tag k="local_x" v="-9312.389541317289"/>
    <tag k="local_y" v="-40845.73762421386"/>
  </node>
  <node id="170" visible="true" version="1" lat="0.00000000000" lon="0.00000000000">
    <tag k="ele" v="28.419249999999998"/>
    <tag k="local_x" v="-9310.92977683317"/>
    <tag k="local_y" v="-40844.18629912943"/>
  </node>
  <node id="171" visible="true" version="1" lat="0.00000000000" lon="0.00000000000">
    <tag k="ele" v="28.444"/>
    <tag k="local_x" v="-9309.485013653511"/>
    <tag k="local_y" v="-40842.61556214678"/>
  </node>
  <node id="172" visible="true" version="1" lat="0.00000000000" lon="0.00000000000">
    <tag k="ele" v="28.474999999999998"/>
    <tag k="local_x" v="-9308.07647745649"/>
    <tag k="local_y" v="-40841.0029256634"/>
  </node>
  <node id="173" visible="true" version="1" lat="0.00000000000" lon="0.00000000000">
    <tag k="ele" v="28.5035"/>
    <tag k="local_x" v="-9306.721770466513"/>
    <tag k="local_y" v="-40839.336232491296"/>
  </node>
  <node id="174" visible="true" version="1" lat="0.00000000000" lon="0.00000000000">
    <tag k="ele" v="28.535999999999998"/>
    <tag k="local_x" v="-9305.436101269739"/>
    <tag k="local_y" v="-40837.610063894135"/>
  </node>
  <node id="175" visible="true" version="1" lat="0.00000000000" lon="0.00000000000">
    <tag k="ele" v="28.5615"/>
    <tag k="local_x" v="-9304.232738419521"/>
    <tag k="local_y" v="-40835.837110159024"/>
  </node>
  <node id="176" visible="true" version="1" lat="0.00000000000" lon="0.00000000000">
    <tag k="ele" v="28.660749999999997"/>
    <tag k="local_x" v="-9303.1179386921"/>
    <tag k="local_y" v="-40834.20537224843"/>
  </node>
  <node id="177" visible="true" version="1" lat="0.00000000000" lon="0.00000000000">
    <tag k="ele" v="28.6865"/>
    <tag k="local_x" v="-9302.224318676725"/>
    <tag k="local_y" v="-40833.06728094821"/>
  </node>
  <node id="178" visible="true" version="1" lat="0.00000000000" lon="0.00000000000">
    <tag k="ele" v="28.6375"/>
    <tag k="local_x" v="-9300.989226508698"/>
    <tag k="local_y" v="-40831.89398200362"/>
  </node>
  <node id="179" visible="true" version="1" lat="0.00000000000" lon="0.00000000000">
    <tag k="ele" v="27.9915"/>
    <tag k="local_x" v="-9331.494938231779"/>
    <tag k="local_y" v="-40868.24362355297"/>
  </node>
  <node id="180" visible="true" version="1" lat="0.00000000000" lon="0.00000000000">
    <tag k="ele" v="28.007749999999998"/>
    <tag k="local_x" v="-9329.580919962622"/>
    <tag k="local_y" v="-40866.61431432662"/>
  </node>
  <node id="181" visible="true" version="1" lat="0.00000000000" lon="0.00000000000">
    <tag k="ele" v="28.037"/>
    <tag k="local_x" v="-9328.393814798985"/>
    <tag k="local_y" v="-40865.63243440002"/>
  </node>
  <node id="182" visible="true" version="1" lat="0.00000000000" lon="0.00000000000">
    <tag k="ele" v="28.075999999999997"/>
    <tag k="local_x" v="-9326.785066981174"/>
    <tag k="local_y" v="-40864.364684161344"/>
  </node>
  <node id="183" visible="true" version="1" lat="0.00000000000" lon="0.00000000000">
    <tag k="ele" v="28.107999999999997"/>
    <tag k="local_x" v="-9325.080659258469"/>
    <tag k="local_y" v="-40863.1583501797"/>
  </node>
  <node id="184" visible="true" version="1" lat="0.00000000000" lon="0.00000000000">
    <tag k="ele" v="28.131249999999998"/>
    <tag k="local_x" v="-9323.286595276586"/>
    <tag k="local_y" v="-40862.0128360123"/>
  </node>
  <node id="185" visible="true" version="1" lat="0.00000000000" lon="0.00000000000">
    <tag k="ele" v="28.160749999999997"/>
    <tag k="local_x" v="-9321.480616024754"/>
    <tag k="local_y" v="-40860.8430339674"/>
  </node>
  <node id="186" visible="true" version="1" lat="0.00000000000" lon="0.00000000000">
    <tag k="ele" v="28.186249999999998"/>
    <tag k="local_x" v="-9319.770406768472"/>
    <tag k="local_y" v="-40859.54179496088"/>
  </node>
  <node id="187" visible="true" version="1" lat="0.00000000000" lon="0.00000000000">
    <tag k="ele" v="28.221749999999997"/>
    <tag k="local_x" v="-9318.190187533155"/>
    <tag k="local_y" v="-40858.084288036735"/>
  </node>
  <node id="188" visible="true" version="1" lat="0.00000000000" lon="0.00000000000">
    <tag k="ele" v="28.245749999999997"/>
    <tag k="local_x" v="-9316.735229575874"/>
    <tag k="local_y" v="-40856.48488259271"/>
  </node>
  <node id="189" visible="true" version="1" lat="0.00000000000" lon="0.00000000000">
    <tag k="ele" v="28.270999999999997"/>
    <tag k="local_x" v="-9315.367395542473"/>
    <tag k="local_y" v="-40854.789494654644"/>
  </node>
  <node id="190" visible="true" version="1" lat="0.00000000000" lon="0.00000000000">
    <tag k="ele" v="28.290999999999997"/>
    <tag k="local_x" v="-9314.044819014029"/>
    <tag k="local_y" v="-40853.04593199835"/>
  </node>
  <node id="191" visible="true" version="1" lat="0.00000000000" lon="0.00000000000">
    <tag k="ele" v="28.318749999999998"/>
    <tag k="local_x" v="-9312.687531494817"/>
    <tag k="local_y" v="-40851.336716226775"/>
  </node>
  <node id="192" visible="true" version="1" lat="0.00000000000" lon="0.00000000000">
    <tag k="ele" v="28.3405"/>
    <tag k="local_x" v="-9311.278483976392"/>
    <tag k="local_y" v="-40849.67951927446"/>
  </node>
  <node id="193" visible="true" version="1" lat="0.00000000000" lon="0.00000000000">
    <tag k="ele" v="28.377999999999997"/>
    <tag k="local_x" v="-9309.828196188837"/>
    <tag k="local_y" v="-40848.065413424716"/>
  </node>
  <node id="194" visible="true" version="1" lat="0.00000000000" lon="0.00000000000">
    <tag k="ele" v="28.419249999999998"/>
    <tag k="local_x" v="-9308.352628392013"/>
    <tag k="local_y" v="-40846.475124664175"/>
  </node>
  <node id="195" visible="true" version="1" lat="0.00000000000" lon="0.00000000000">
    <tag k="ele" v="28.444"/>
    <tag k="local_x" v="-9306.870622117613"/>
    <tag k="local_y" v="-40844.88307759441"/>
  </node>
  <node id="196" visible="true" version="1" lat="0.00000000000" lon="0.00000000000">
    <tag k="ele" v="28.474999999999998"/>
    <tag k="local_x" v="-9305.375411505243"/>
    <tag k="local_y" v="-40843.287671107624"/>
  </node>
  <node id="197" visible="true" version="1" lat="0.00000000000" lon="0.00000000000">
    <tag k="ele" v="28.5035"/>
    <tag k="local_x" v="-9303.848678493667"/>
    <tag k="local_y" v="-40841.70332549915"/>
  </node>
  <node id="198" visible="true" version="1" lat="0.00000000000" lon="0.00000000000">
    <tag k="ele" v="28.535999999999998"/>
    <tag k="local_x" v="-9302.276046658199"/>
    <tag k="local_y" v="-40840.143942635426"/>
  </node>
  <node id="199" visible="true" version="1" lat="0.00000000000" lon="0.00000000000">
    <tag k="ele" v="28.5615"/>
    <tag k="local_x" v="-9300.6907194881"/>
    <tag k="local_y" v="-40838.606839863016"/>
  </node>
  <node id="200" visible="true" version="1" lat="0.00000000000" lon="0.00000000000">
    <tag k="ele" v="28.591499999999996"/>
    <tag k="local_x" v="-9298.983116169336"/>
    <tag k="local_y" v="-40837.378117084845"/>
  </node>
  <node id="201" visible="true" version="1" lat="0.00000000000" lon="0.00000000000">
    <tag k="ele" v="28.6175"/>
    <tag k="local_x" v="-9298.076938825929"/>
    <tag k="local_y" v="-40836.18589582232"/>
  </node>
  <node id="202" visible="true" version="1" lat="0.00000000000" lon="0.00000000000">
    <tag k="ele" v="28.6375"/>
    <tag k="local_x" v="-9297.381069617872"/>
    <tag k="local_y" v="-40834.583071784786"/>
  </node>
  <node id="203" visible="true" version="1" lat="0.00000000000" lon="0.00000000000">
    <tag k="ele" v="27.9915"/>
    <tag k="local_x" v="-9329.219670500253"/>
    <tag k="local_y" v="-40870.82754928903"/>
  </node>
  <node id="204" visible="true" version="1" lat="0.00000000000" lon="0.00000000000">
    <tag k="ele" v="28.007749999999998"/>
    <tag k="local_x" v="-9327.295356346223"/>
    <tag k="local_y" v="-40869.20511733309"/>
  </node>
  <node id="205" visible="true" version="1" lat="0.00000000000" lon="0.00000000000">
    <tag k="ele" v="27.9745"/>
    <tag k="local_x" v="-9326.087470857858"/>
    <tag k="local_y" v="-40868.23231037311"/>
  </node>
  <node id="206" visible="true" version="1" lat="0.00000000000" lon="0.00000000000">
    <tag k="ele" v="28.075999999999997"/>
    <tag k="local_x" v="-9324.433602729463"/>
    <tag k="local_y" v="-40866.999048318525"/>
  </node>
  <node id="207" visible="true" version="1" lat="0.00000000000" lon="0.00000000000">
    <tag k="ele" v="28.107999999999997"/>
    <tag k="local_x" v="-9322.698379582687"/>
    <tag k="local_y" v="-40865.800189532165"/>
  </node>
  <node id="208" visible="true" version="1" lat="0.00000000000" lon="0.00000000000">
    <tag k="ele" v="28.131249999999998"/>
    <tag k="local_x" v="-9320.780421060088"/>
    <tag k="local_y" v="-40864.75560567635"/>
  </node>
  <node id="209" visible="true" version="1" lat="0.00000000000" lon="0.00000000000">
    <tag k="ele" v="28.028499999999998"/>
    <tag k="local_x" v="-9318.906321246868"/>
    <tag k="local_y" v="-40863.61608094985"/>
  </node>
  <node id="210" visible="true" version="1" lat="0.00000000000" lon="0.00000000000">
    <tag k="ele" v="28.186249999999998"/>
    <tag k="local_x" v="-9317.213305707593"/>
    <tag k="local_y" v="-40862.248023372005"/>
  </node>
  <node id="211" visible="true" version="1" lat="0.00000000000" lon="0.00000000000">
    <tag k="ele" v="28.221749999999997"/>
    <tag k="local_x" v="-9315.669141430033"/>
    <tag k="local_y" v="-40860.70209685922"/>
  </node>
  <node id="212" visible="true" version="1" lat="0.00000000000" lon="0.00000000000">
    <tag k="ele" v="28.245749999999997"/>
    <tag k="local_x" v="-9314.238667581969"/>
    <tag k="local_y" v="-40859.025495417365"/>
  </node>
  <node id="213" visible="true" version="1" lat="0.00000000000" lon="0.00000000000">
    <tag k="ele" v="28.270999999999997"/>
    <tag k="local_x" v="-9312.875579680847"/>
    <tag k="local_y" v="-40857.27178446614"/>
  </node>
  <node id="214" visible="true" version="1" lat="0.00000000000" lon="0.00000000000">
    <tag k="ele" v="28.290999999999997"/>
    <tag k="local_x" v="-9311.540688309211"/>
    <tag k="local_y" v="-40855.485355710385"/>
  </node>
  <node id="215" visible="true" version="1" lat="0.00000000000" lon="0.00000000000">
    <tag k="ele" v="28.318749999999998"/>
    <tag k="local_x" v="-9310.160156427066"/>
    <tag k="local_y" v="-40853.74268494789"/>
  </node>
  <node id="216" visible="true" version="1" lat="0.00000000000" lon="0.00000000000">
    <tag k="ele" v="28.3405"/>
    <tag k="local_x" v="-9308.722689872271"/>
    <tag k="local_y" v="-40852.05650201851"/>
  </node>
  <node id="217" visible="true" version="1" lat="0.00000000000" lon="0.00000000000">
    <tag k="ele" v="28.377999999999997"/>
    <tag k="local_x" v="-9307.242855218512"/>
    <tag k="local_y" v="-40850.41501041976"/>
  </node>
  <node id="218" visible="true" version="1" lat="0.00000000000" lon="0.00000000000">
    <tag k="ele" v="28.419249999999998"/>
    <tag k="local_x" v="-9305.7382295454"/>
    <tag k="local_y" v="-40848.79703315131"/>
  </node>
  <node id="219" visible="true" version="1" lat="0.00000000000" lon="0.00000000000">
    <tag k="ele" v="28.444"/>
    <tag k="local_x" v="-9304.227504284254"/>
    <tag k="local_y" v="-40847.17550794953"/>
  </node>
  <node id="220" visible="true" version="1" lat="0.00000000000" lon="0.00000000000">
    <tag k="ele" v="28.474999999999998"/>
    <tag k="local_x" v="-9302.703254708405"/>
    <tag k="local_y" v="-40845.5479632212"/>
  </node>
  <node id="221" visible="true" version="1" lat="0.00000000000" lon="0.00000000000">
    <tag k="ele" v="28.5035"/>
    <tag k="local_x" v="-9301.147120612886"/>
    <tag k="local_y" v="-40843.92909440261"/>
  </node>
  <node id="222" visible="true" version="1" lat="0.00000000000" lon="0.00000000000">
    <tag k="ele" v="28.535999999999998"/>
    <tag k="local_x" v="-9299.545148516981"/>
    <tag k="local_y" v="-40842.333703761506"/>
  </node>
  <node id="223" visible="true" version="1" lat="0.00000000000" lon="0.00000000000">
    <tag k="ele" v="28.5615"/>
    <tag k="local_x" v="-9297.93358889836"/>
    <tag k="local_y" v="-40840.76281549162"/>
  </node>
  <node id="224" visible="true" version="1" lat="0.00000000000" lon="0.00000000000">
    <tag k="ele" v="28.591499999999996"/>
    <tag k="local_x" v="-9296.206374264395"/>
    <tag k="local_y" v="-40839.50877529144"/>
  </node>
  <node id="225" visible="true" version="1" lat="0.00000000000" lon="0.00000000000">
    <tag k="ele" v="28.6175"/>
    <tag k="local_x" v="-9295.27955695049"/>
    <tag k="local_y" v="-40838.289382129136"/>
  </node>
  <node id="226" visible="true" version="1" lat="0.00000000000" lon="0.00000000000">
    <tag k="ele" v="28.6375"/>
    <tag k="local_x" v="-9294.574725369452"/>
    <tag k="local_y" v="-40836.67458605903"/>
  </node>
  <node id="227" visible="true" version="1" lat="0.00000000000" lon="0.00000000000">
    <tag k="ele" v="28.769499999999997"/>
    <tag k="local_x" v="-9298.149440881374"/>
    <tag k="local_y" v="-40802.216651015224"/>
  </node>
  <node id="228" visible="true" version="1" lat="0.00000000000" lon="0.00000000000">
    <tag k="ele" v="28.7475"/>
    <tag k="local_x" v="-9297.102540418728"/>
    <tag k="local_y" v="-40799.955275436274"/>
  </node>
  <node id="229" visible="true" version="1" lat="0.00000000000" lon="0.00000000000">
    <tag k="ele" v="28.737499999999997"/>
    <tag k="local_x" v="-9296.520997217016"/>
    <tag k="local_y" v="-40798.5956597997"/>
  </node>
  <node id="230" visible="true" version="1" lat="0.00000000000" lon="0.00000000000">
    <tag k="ele" v="28.722749999999998"/>
    <tag k="local_x" v="-9295.749572124934"/>
    <tag k="local_y" v="-40796.767215402615"/>
  </node>
  <node id="231" visible="true" version="1" lat="0.00000000000" lon="0.00000000000">
    <tag k="ele" v="28.726"/>
    <tag k="local_x" v="-9295.055384856121"/>
    <tag k="local_y" v="-40795.07461269433"/>
  </node>
  <node id="232" visible="true" version="1" lat="0.00000000000" lon="0.00000000000">
    <tag k="ele" v="28.723249999999997"/>
    <tag k="local_x" v="-9294.575873175376"/>
    <tag k="local_y" v="-40793.876745574315"/>
  </node>
  <node id="233" visible="true" version="1" lat="0.00000000000" lon="0.00000000000">
    <tag k="ele" v="28.7095"/>
    <tag k="local_x" v="-9294.05234232805"/>
    <tag k="local_y" v="-40792.527788281375"/>
  </node>
  <node id="234" visible="true" version="1" lat="0.00000000000" lon="0.00000000000">
    <tag k="ele" v="28.769499999999997"/>
    <tag k="local_x" v="-9295.01066426168"/>
    <tag k="local_y" v="-40803.682836823486"/>
  </node>
  <node id="235" visible="true" version="1" lat="0.00000000000" lon="0.00000000000">
    <tag k="ele" v="28.752"/>
    <tag k="local_x" v="-9293.921673758381"/>
    <tag k="local_y" v="-40801.421937354964"/>
  </node>
  <node id="236" visible="true" version="1" lat="0.00000000000" lon="0.00000000000">
    <tag k="ele" v="28.740249999999996"/>
    <tag k="local_x" v="-9293.2921905768"/>
    <tag k="local_y" v="-40800.03254880456"/>
  </node>
  <node id="237" visible="true" version="1" lat="0.00000000000" lon="0.00000000000">
    <tag k="ele" v="28.733249999999998"/>
    <tag k="local_x" v="-9292.494019527136"/>
    <tag k="local_y" v="-40798.179447602604"/>
  </node>
  <node id="238" visible="true" version="1" lat="0.00000000000" lon="0.00000000000">
    <tag k="ele" v="28.726"/>
    <tag k="local_x" v="-9291.796130634888"/>
    <tag k="local_y" v="-40796.45216734542"/>
  </node>
  <node id="239" visible="true" version="1" lat="0.00000000000" lon="0.00000000000">
    <tag k="ele" v="28.723249999999997"/>
    <tag k="local_x" v="-9291.313827910555"/>
    <tag k="local_y" v="-40795.21890128996"/>
  </node>
  <node id="240" visible="true" version="1" lat="0.00000000000" lon="0.00000000000">
    <tag k="ele" v="28.7095"/>
    <tag k="local_x" v="-9290.796685130146"/>
    <tag k="local_y" v="-40793.85070753573"/>
  </node>
  <node id="241" visible="true" version="1" lat="0.00000000000" lon="0.00000000000">
    <tag k="ele" v="28.769499999999997"/>
    <tag k="local_x" v="-9291.839574564947"/>
    <tag k="local_y" v="-40805.164116721164"/>
  </node>
  <node id="242" visible="true" version="1" lat="0.00000000000" lon="0.00000000000">
    <tag k="ele" v="28.752"/>
    <tag k="local_x" v="-9290.74327230841"/>
    <tag k="local_y" v="-40802.88746259283"/>
  </node>
  <node id="243" visible="true" version="1" lat="0.00000000000" lon="0.00000000000">
    <tag k="ele" v="28.740249999999996"/>
    <tag k="local_x" v="-9290.094535585446"/>
    <tag k="local_y" v="-40801.455574649815"/>
  </node>
  <node id="244" visible="true" version="1" lat="0.00000000000" lon="0.00000000000">
    <tag k="ele" v="28.733249999999998"/>
    <tag k="local_x" v="-9289.283112201563"/>
    <tag k="local_y" v="-40799.57231304714"/>
  </node>
  <node id="245" visible="true" version="1" lat="0.00000000000" lon="0.00000000000">
    <tag k="ele" v="28.726"/>
    <tag k="local_x" v="-9288.572262515083"/>
    <tag k="local_y" v="-40797.81476572576"/>
  </node>
  <node id="246" visible="true" version="1" lat="0.00000000000" lon="0.00000000000">
    <tag k="ele" v="28.723249999999997"/>
    <tag k="local_x" v="-9288.077091584939"/>
    <tag k="local_y" v="-40796.550643741946"/>
  </node>
  <node id="247" visible="true" version="1" lat="0.00000000000" lon="0.00000000000">
    <tag k="ele" v="28.7095"/>
    <tag k="local_x" v="-9287.554159267385"/>
    <tag k="local_y" v="-40795.1682909408"/>
  </node>
  <node id="248" visible="true" version="1" lat="0.00000000000" lon="0.00000000000">
    <tag k="ele" v="28.769499999999997"/>
    <tag k="local_x" v="-9288.756405569391"/>
    <tag k="local_y" v="-40806.60432708765"/>
  </node>
  <node id="249" visible="true" version="1" lat="0.00000000000" lon="0.00000000000">
    <tag k="ele" v="28.752"/>
    <tag k="local_x" v="-9287.508067472127"/>
    <tag k="local_y" v="-40804.37917923463"/>
  </node>
  <node id="250" visible="true" version="1" lat="0.00000000000" lon="0.00000000000">
    <tag k="ele" v="28.740249999999996"/>
    <tag k="local_x" v="-9286.731482602529"/>
    <tag k="local_y" v="-40802.95220618968"/>
  </node>
  <node id="251" visible="true" version="1" lat="0.00000000000" lon="0.00000000000">
    <tag k="ele" v="28.733249999999998"/>
    <tag k="local_x" v="-9285.735366334424"/>
    <tag k="local_y" v="-40801.11129630741"/>
  </node>
  <node id="252" visible="true" version="1" lat="0.00000000000" lon="0.00000000000">
    <tag k="ele" v="28.784"/>
    <tag k="local_x" v="-9284.851902700639"/>
    <tag k="local_y" v="-40799.38721102098"/>
  </node>
  <node id="253" visible="true" version="1" lat="0.00000000000" lon="0.00000000000">
    <tag k="ele" v="28.770999999999997"/>
    <tag k="local_x" v="-9284.273701279868"/>
    <tag k="local_y" v="-40798.115533748794"/>
  </node>
  <node id="254" visible="true" version="1" lat="0.00000000000" lon="0.00000000000">
    <tag k="ele" v="28.758999999999997"/>
    <tag k="local_x" v="-9283.710051958236"/>
    <tag k="local_y" v="-40796.730323816475"/>
  </node>
  <node id="255" visible="true" version="1" lat="0.00000000000" lon="0.00000000000">
    <tag k="ele" v="28.769499999999997"/>
    <tag k="local_x" v="-9285.497395171484"/>
    <tag k="local_y" v="-40808.126676516535"/>
  </node>
  <node id="256" visible="true" version="1" lat="0.00000000000" lon="0.00000000000">
    <tag k="ele" v="28.752"/>
    <tag k="local_x" v="-9284.386469408466"/>
    <tag k="local_y" v="-40805.81851306856"/>
  </node>
  <node id="257" visible="true" version="1" lat="0.00000000000" lon="0.00000000000">
    <tag k="ele" v="28.740249999999996"/>
    <tag k="local_x" v="-9283.699225602739"/>
    <tag k="local_y" v="-40804.30162634033"/>
  </node>
  <node id="258" visible="true" version="1" lat="0.00000000000" lon="0.00000000000">
    <tag k="ele" v="28.733249999999998"/>
    <tag k="local_x" v="-9282.861297550418"/>
    <tag k="local_y" v="-40802.35804393621"/>
  </node>
  <node id="259" visible="true" version="1" lat="0.00000000000" lon="0.00000000000">
    <tag k="ele" v="28.726"/>
    <tag k="local_x" v="-9282.124526275467"/>
    <tag k="local_y" v="-40800.53996248643"/>
  </node>
  <node id="260" visible="true" version="1" lat="0.00000000000" lon="0.00000000000">
    <tag k="ele" v="28.723249999999997"/>
    <tag k="local_x" v="-9281.603618933703"/>
    <tag k="local_y" v="-40799.21412864592"/>
  </node>
  <node id="261" visible="true" version="1" lat="0.00000000000" lon="0.00000000000">
    <tag k="ele" v="28.7095"/>
    <tag k="local_x" v="-9281.069107541862"/>
    <tag k="local_y" v="-40797.80345775094"/>
  </node>
  <node id="262" visible="true" version="1" lat="0.00000000000" lon="0.00000000000">
    <tag k="ele" v="28.769499999999997"/>
    <tag k="local_x" v="-9282.32630547475"/>
    <tag k="local_y" v="-40809.60795641421"/>
  </node>
  <node id="263" visible="true" version="1" lat="0.00000000000" lon="0.00000000000">
    <tag k="ele" v="28.752"/>
    <tag k="local_x" v="-9281.208067958494"/>
    <tag k="local_y" v="-40807.284038306425"/>
  </node>
  <node id="264" visible="true" version="1" lat="0.00000000000" lon="0.00000000000">
    <tag k="ele" v="28.740249999999996"/>
    <tag k="local_x" v="-9280.501570611386"/>
    <tag k="local_y" v="-40805.72465218559"/>
  </node>
  <node id="265" visible="true" version="1" lat="0.00000000000" lon="0.00000000000">
    <tag k="ele" v="28.733249999999998"/>
    <tag k="local_x" v="-9279.650390224844"/>
    <tag k="local_y" v="-40803.750909380746"/>
  </node>
  <node id="266" visible="true" version="1" lat="0.00000000000" lon="0.00000000000">
    <tag k="ele" v="28.726"/>
    <tag k="local_x" v="-9278.90065815566"/>
    <tag k="local_y" v="-40801.902560866765"/>
  </node>
  <node id="267" visible="true" version="1" lat="0.00000000000" lon="0.00000000000">
    <tag k="ele" v="28.723249999999997"/>
    <tag k="local_x" v="-9278.366882608087"/>
    <tag k="local_y" v="-40800.545871097915"/>
  </node>
  <node id="268" visible="true" version="1" lat="0.00000000000" lon="0.00000000000">
    <tag k="ele" v="28.7095"/>
    <tag k="local_x" v="-9277.8265816791"/>
    <tag k="local_y" v="-40799.12104115602"/>
  </node>
  <node id="269" visible="true" version="1" lat="0.00000000000" lon="0.00000000000">
    <tag k="ele" v="28.769499999999997"/>
    <tag k="local_x" v="-9279.15521577802"/>
    <tag k="local_y" v="-40811.0892363119"/>
  </node>
  <node id="270" visible="true" version="1" lat="0.00000000000" lon="0.00000000000">
    <tag k="ele" v="28.752"/>
    <tag k="local_x" v="-9278.02966650852"/>
    <tag k="local_y" v="-40808.74956354428"/>
  </node>
  <node id="271" visible="true" version="1" lat="0.00000000000" lon="0.00000000000">
    <tag k="ele" v="28.740249999999996"/>
    <tag k="local_x" v="-9277.303915620034"/>
    <tag k="local_y" v="-40807.14767803085"/>
  </node>
  <node id="272" visible="true" version="1" lat="0.00000000000" lon="0.00000000000">
    <tag k="ele" v="28.733249999999998"/>
    <tag k="local_x" v="-9276.439482899274"/>
    <tag k="local_y" v="-40805.14377482529"/>
  </node>
  <node id="273" visible="true" version="1" lat="0.00000000000" lon="0.00000000000">
    <tag k="ele" v="28.726"/>
    <tag k="local_x" v="-9275.676790035854"/>
    <tag k="local_y" v="-40803.2651592471"/>
  </node>
  <node id="274" visible="true" version="1" lat="0.00000000000" lon="0.00000000000">
    <tag k="ele" v="28.723249999999997"/>
    <tag k="local_x" v="-9275.130146282469"/>
    <tag k="local_y" v="-40801.87761354991"/>
  </node>
  <node id="275" visible="true" version="1" lat="0.00000000000" lon="0.00000000000">
    <tag k="ele" v="28.7095"/>
    <tag k="local_x" v="-9274.584055816338"/>
    <tag k="local_y" v="-40800.43862456109"/>
  </node>
  <node id="276" visible="true" version="1" lat="0.00000000000" lon="0.00000000000">
    <tag k="ele" v="28.442749999999997"/>
    <tag k="local_x" v="-9288.562783398824"/>
    <tag k="local_y" v="-40776.64012626491"/>
  </node>
  <node id="277" visible="true" version="1" lat="0.00000000000" lon="0.00000000000">
    <tag k="ele" v="28.390249999999998"/>
    <tag k="local_x" v="-9288.102465696516"/>
    <tag k="local_y" v="-40774.1841109984"/>
  </node>
  <node id="278" visible="true" version="1" lat="0.00000000000" lon="0.00000000000">
    <tag k="ele" v="28.343249999999998"/>
    <tag k="local_x" v="-9287.841534568322"/>
    <tag k="local_y" v="-40772.719720194065"/>
  </node>
  <node id="279" visible="true" version="1" lat="0.00000000000" lon="0.00000000000">
    <tag k="ele" v="28.2995"/>
    <tag k="local_x" v="-9287.506010924168"/>
    <tag k="local_y" v="-40770.7574835313"/>
  </node>
  <node id="280" visible="true" version="1" lat="0.00000000000" lon="0.00000000000">
    <tag k="ele" v="28.238749999999996"/>
    <tag k="local_x" v="-9287.188464642628"/>
    <tag k="local_y" v="-40768.79686766695"/>
  </node>
  <node id="281" visible="true" version="1" lat="0.00000000000" lon="0.00000000000">
    <tag k="ele" v="28.182249999999996"/>
    <tag k="local_x" v="-9286.889784464953"/>
    <tag k="local_y" v="-40766.83370753251"/>
  </node>
  <node id="282" visible="true" version="1" lat="0.00000000000" lon="0.00000000000">
    <tag k="ele" v="28.125749999999996"/>
    <tag k="local_x" v="-9286.59014057019"/>
    <tag k="local_y" v="-40764.87198693958"/>
  </node>
  <node id="283" visible="true" version="1" lat="0.00000000000" lon="0.00000000000">
    <tag k="ele" v="28.04525"/>
    <tag k="local_x" v="-9286.268084498892"/>
    <tag k="local_y" v="-40762.9149554546"/>
  </node>
  <node id="284" visible="true" version="1" lat="0.00000000000" lon="0.00000000000">
    <tag k="ele" v="27.992749999999997"/>
    <tag k="local_x" v="-9285.924775353318"/>
    <tag k="local_y" v="-40760.961233306654"/>
  </node>
  <node id="285" visible="true" version="1" lat="0.00000000000" lon="0.00000000000">
    <tag k="ele" v="27.936249999999998"/>
    <tag k="local_x" v="-9285.57073858522"/>
    <tag k="local_y" v="-40759.00829046041"/>
  </node>
  <node id="286" visible="true" version="1" lat="0.00000000000" lon="0.00000000000">
    <tag k="ele" v="27.85475"/>
    <tag k="local_x" v="-9285.219973457766"/>
    <tag k="local_y" v="-40757.05305159433"/>
  </node>
  <node id="287" visible="true" version="1" lat="0.00000000000" lon="0.00000000000">
    <tag k="ele" v="27.80175"/>
    <tag k="local_x" v="-9284.89074341317"/>
    <tag k="local_y" v="-40755.092080445196"/>
  </node>
  <node id="288" visible="true" version="1" lat="0.00000000000" lon="0.00000000000">
    <tag k="ele" v="27.7035"/>
    <tag k="local_x" v="-9284.609060418268"/>
    <tag k="local_y" v="-40753.12161031982"/>
  </node>
  <node id="289" visible="true" version="1" lat="0.00000000000" lon="0.00000000000">
    <tag k="ele" v="27.673499999999997"/>
    <tag k="local_x" v="-9284.385695349556"/>
    <tag k="local_y" v="-40751.1411002933"/>
  </node>
  <node id="290" visible="true" version="1" lat="0.00000000000" lon="0.00000000000">
    <tag k="ele" v="27.605249999999998"/>
    <tag k="local_x" v="-9284.234854111926"/>
    <tag k="local_y" v="-40749.20102208436"/>
  </node>
  <node id="291" visible="true" version="1" lat="0.00000000000" lon="0.00000000000">
    <tag k="ele" v="27.541249999999998"/>
    <tag k="local_x" v="-9284.155886567694"/>
    <tag k="local_y" v="-40747.772087675316"/>
  </node>
  <node id="292" visible="true" version="1" lat="0.00000000000" lon="0.00000000000">
    <tag k="ele" v="27.530749999999998"/>
    <tag k="local_x" v="-9284.051476332308"/>
    <tag k="local_y" v="-40745.623227773176"/>
  </node>
  <node id="293" visible="true" version="1" lat="0.00000000000" lon="0.00000000000">
    <tag k="ele" v="28.442749999999997"/>
    <tag k="local_x" v="-9285.16796261715"/>
    <tag k="local_y" v="-40777.49231485907"/>
  </node>
  <node id="294" visible="true" version="1" lat="0.00000000000" lon="0.00000000000">
    <tag k="ele" v="28.390249999999998"/>
    <tag k="local_x" v="-9284.70463570339"/>
    <tag k="local_y" v="-40775.023624221605"/>
  </node>
  <node id="295" visible="true" version="1" lat="0.00000000000" lon="0.00000000000">
    <tag k="ele" v="28.343249999999998"/>
    <tag k="local_x" v="-9284.435796436383"/>
    <tag k="local_y" v="-40773.52602988934"/>
  </node>
  <node id="296" visible="true" version="1" lat="0.00000000000" lon="0.00000000000">
    <tag k="ele" v="28.2995"/>
    <tag k="local_x" v="-9284.09447818394"/>
    <tag k="local_y" v="-40771.53793679868"/>
  </node>
  <node id="297" visible="true" version="1" lat="0.00000000000" lon="0.00000000000">
    <tag k="ele" v="28.238749999999996"/>
    <tag k="local_x" v="-9283.769858730466"/>
    <tag k="local_y" v="-40769.54432115821"/>
  </node>
  <node id="298" visible="true" version="1" lat="0.00000000000" lon="0.00000000000">
    <tag k="ele" v="28.182249999999996"/>
    <tag k="local_x" v="-9283.464702502373"/>
    <tag k="local_y" v="-40767.54938389501"/>
  </node>
  <node id="299" visible="true" version="1" lat="0.00000000000" lon="0.00000000000">
    <tag k="ele" v="28.125749999999996"/>
    <tag k="local_x" v="-9283.15892528659"/>
    <tag k="local_y" v="-40765.55721283392"/>
  </node>
  <node id="300" visible="true" version="1" lat="0.00000000000" lon="0.00000000000">
    <tag k="ele" v="28.04525"/>
    <tag k="local_x" v="-9282.830687233183"/>
    <tag k="local_y" v="-40763.57170574409"/>
  </node>
  <node id="301" visible="true" version="1" lat="0.00000000000" lon="0.00000000000">
    <tag k="ele" v="27.992749999999997"/>
    <tag k="local_x" v="-9282.48043630297"/>
    <tag k="local_y" v="-40761.59190792801"/>
  </node>
  <node id="302" visible="true" version="1" lat="0.00000000000" lon="0.00000000000">
    <tag k="ele" v="27.936249999999998"/>
    <tag k="local_x" v="-9282.11779277239"/>
    <tag k="local_y" v="-40759.6152563068"/>
  </node>
  <node id="303" visible="true" version="1" lat="0.00000000000" lon="0.00000000000">
    <tag k="ele" v="27.85475"/>
    <tag k="local_x" v="-9281.756358391"/>
    <tag k="local_y" v="-40757.639189376474"/>
  </node>
  <node id="304" visible="true" version="1" lat="0.00000000000" lon="0.00000000000">
    <tag k="ele" v="27.80175"/>
    <tag k="local_x" v="-9281.415472911"/>
    <tag k="local_y" v="-40755.660721242806"/>
  </node>
  <node id="305" visible="true" version="1" lat="0.00000000000" lon="0.00000000000">
    <tag k="ele" v="27.735249999999997"/>
    <tag k="local_x" v="-9281.125269331398"/>
    <tag k="local_y" v="-40753.67525120128"/>
  </node>
  <node id="306" visible="true" version="1" lat="0.00000000000" lon="0.00000000000">
    <tag k="ele" v="27.673499999999997"/>
    <tag k="local_x" v="-9280.905847611679"/>
    <tag k="local_y" v="-40751.67986486427"/>
  </node>
  <node id="307" visible="true" version="1" lat="0.00000000000" lon="0.00000000000">
    <tag k="ele" v="27.605249999999998"/>
    <tag k="local_x" v="-9280.762381580125"/>
    <tag k="local_y" v="-40749.72801357872"/>
  </node>
  <node id="308" visible="true" version="1" lat="0.00000000000" lon="0.00000000000">
    <tag k="ele" v="27.541249999999998"/>
    <tag k="local_x" v="-9280.68781282037"/>
    <tag k="local_y" v="-40748.284712604815"/>
  </node>
  <node id="309" visible="true" version="1" lat="0.00000000000" lon="0.00000000000">
    <tag k="ele" v="27.530749999999998"/>
    <tag k="local_x" v="-9280.591433860754"/>
    <tag k="local_y" v="-40746.1289237103"/>
  </node>
  <node id="310" visible="true" version="1" lat="0.00000000000" lon="0.00000000000">
    <tag k="ele" v="28.586"/>
    <tag k="local_x" v="-9282.558275512667"/>
    <tag k="local_y" v="-40778.14741441448"/>
  </node>
  <node id="311" visible="true" version="1" lat="0.00000000000" lon="0.00000000000">
    <tag k="ele" v="28.596249999999998"/>
    <tag k="local_x" v="-9282.128181873066"/>
    <tag k="local_y" v="-40775.66019728851"/>
  </node>
  <node id="312" visible="true" version="1" lat="0.00000000000" lon="0.00000000000">
    <tag k="ele" v="28.488249999999997"/>
    <tag k="local_x" v="-9281.842903105096"/>
    <tag k="local_y" v="-40774.139898293426"/>
  </node>
  <node id="313" visible="true" version="1" lat="0.00000000000" lon="0.00000000000">
    <tag k="ele" v="28.440499999999997"/>
    <tag k="local_x" v="-9281.417887383464"/>
    <tag k="local_y" v="-40772.150258061505"/>
  </node>
  <node id="314" visible="true" version="1" lat="0.00000000000" lon="0.00000000000">
    <tag k="ele" v="28.3605"/>
    <tag k="local_x" v="-9280.906635366186"/>
    <tag k="local_y" v="-40770.17034426673"/>
  </node>
  <node id="315" visible="true" version="1" lat="0.00000000000" lon="0.00000000000">
    <tag k="ele" v="28.342"/>
    <tag k="local_x" v="-9280.437175814903"/>
    <tag k="local_y" v="-40768.18199044596"/>
  </node>
  <node id="316" visible="true" version="1" lat="0.00000000000" lon="0.00000000000">
    <tag k="ele" v="28.285999999999998"/>
    <tag k="local_x" v="-9280.022887203406"/>
    <tag k="local_y" v="-40766.18349079162"/>
  </node>
  <node id="317" visible="true" version="1" lat="0.00000000000" lon="0.00000000000">
    <tag k="ele" v="28.14725"/>
    <tag k="local_x" v="-9279.649803315548"/>
    <tag k="local_y" v="-40764.17944650615"/>
  </node>
  <node id="318" visible="true" version="1" lat="0.00000000000" lon="0.00000000000">
    <tag k="ele" v="28.35025"/>
    <tag k="local_x" v="-9279.287279239034"/>
    <tag k="local_y" v="-40762.17658995052"/>
  </node>
  <node id="319" visible="true" version="1" lat="0.00000000000" lon="0.00000000000">
    <tag k="ele" v="27.936249999999998"/>
    <tag k="local_x" v="-9278.853938303717"/>
    <tag k="local_y" v="-40760.18898329166"/>
  </node>
  <node id="320" visible="true" version="1" lat="0.00000000000" lon="0.00000000000">
    <tag k="ele" v="27.85475"/>
    <tag k="local_x" v="-9278.391315331988"/>
    <tag k="local_y" v="-40758.20864609652"/>
  </node>
  <node id="321" visible="true" version="1" lat="0.00000000000" lon="0.00000000000">
    <tag k="ele" v="27.80175"/>
    <tag k="local_x" v="-9277.900965671486"/>
    <tag k="local_y" v="-40756.23578214774"/>
  </node>
  <node id="322" visible="true" version="1" lat="0.00000000000" lon="0.00000000000">
    <tag k="ele" v="27.735249999999997"/>
    <tag k="local_x" v="-9277.373577302236"/>
    <tag k="local_y" v="-40754.27146665456"/>
  </node>
  <node id="323" visible="true" version="1" lat="0.00000000000" lon="0.00000000000">
    <tag k="ele" v="27.673499999999997"/>
    <tag k="local_x" v="-9276.889273230076"/>
    <tag k="local_y" v="-40752.30172769751"/>
  </node>
  <node id="324" visible="true" version="1" lat="0.00000000000" lon="0.00000000000">
    <tag k="ele" v="27.621"/>
    <tag k="local_x" v="-9276.261787997975"/>
    <tag k="local_y" v="-40750.41103540701"/>
  </node>
  <node id="325" visible="true" version="1" lat="0.00000000000" lon="0.00000000000">
    <tag k="ele" v="27.56675"/>
    <tag k="local_x" v="-9275.964428105224"/>
    <tag k="local_y" v="-40748.98288828762"/>
  </node>
  <node id="326" visible="true" version="1" lat="0.00000000000" lon="0.00000000000">
    <tag k="ele" v="27.529749999999996"/>
    <tag k="local_x" v="-9275.620746703455"/>
    <tag k="local_y" v="-40746.855405052906"/>
  </node>
  <node id="327" visible="true" version="1" lat="0.00000000000" lon="0.00000000000">
    <tag k="ele" v="28.442749999999997"/>
    <tag k="local_x" v="-9278.47282156613"/>
    <tag k="local_y" v="-40779.172969953084"/>
  </node>
  <node id="328" visible="true" version="1" lat="0.00000000000" lon="0.00000000000">
    <tag k="ele" v="28.381999999999998"/>
    <tag k="local_x" v="-9278.03596401582"/>
    <tag k="local_y" v="-40776.67127524425"/>
  </node>
  <node id="329" visible="true" version="1" lat="0.00000000000" lon="0.00000000000">
    <tag k="ele" v="28.33025"/>
    <tag k="local_x" v="-9277.748880182637"/>
    <tag k="local_y" v="-40775.10915965386"/>
  </node>
  <node id="330" visible="true" version="1" lat="0.00000000000" lon="0.00000000000">
    <tag k="ele" v="28.2995"/>
    <tag k="local_x" v="-9277.36002174843"/>
    <tag k="local_y" v="-40773.078572322156"/>
  </node>
  <node id="331" visible="true" version="1" lat="0.00000000000" lon="0.00000000000">
    <tag k="ele" v="28.238749999999996"/>
    <tag k="local_x" v="-9276.980729790497"/>
    <tag k="local_y" v="-40771.02871516537"/>
  </node>
  <node id="332" visible="true" version="1" lat="0.00000000000" lon="0.00000000000">
    <tag k="ele" v="28.182249999999996"/>
    <tag k="local_x" v="-9276.63339013323"/>
    <tag k="local_y" v="-40768.97679755719"/>
  </node>
  <node id="333" visible="true" version="1" lat="0.00000000000" lon="0.00000000000">
    <tag k="ele" v="28.125749999999996"/>
    <tag k="local_x" v="-9276.301408933743"/>
    <tag k="local_y" v="-40766.92668323652"/>
  </node>
  <node id="334" visible="true" version="1" lat="0.00000000000" lon="0.00000000000">
    <tag k="ele" v="28.04525"/>
    <tag k="local_x" v="-9275.96144936747"/>
    <tag k="local_y" v="-40764.88414466463"/>
  </node>
  <node id="335" visible="true" version="1" lat="0.00000000000" lon="0.00000000000">
    <tag k="ele" v="27.992749999999997"/>
    <tag k="local_x" v="-9275.610571028017"/>
    <tag k="local_y" v="-40762.84981245414"/>
  </node>
  <node id="336" visible="true" version="1" lat="0.00000000000" lon="0.00000000000">
    <tag k="ele" v="27.936249999999998"/>
    <tag k="local_x" v="-9275.253199452525"/>
    <tag k="local_y" v="-40760.82192849929"/>
  </node>
  <node id="337" visible="true" version="1" lat="0.00000000000" lon="0.00000000000">
    <tag k="ele" v="27.85475"/>
    <tag k="local_x" v="-9274.894014183112"/>
    <tag k="local_y" v="-40758.80048447906"/>
  </node>
  <node id="338" visible="true" version="1" lat="0.00000000000" lon="0.00000000000">
    <tag k="ele" v="27.80175"/>
    <tag k="local_x" v="-9274.535994436344"/>
    <tag k="local_y" v="-40756.78637523851"/>
  </node>
  <node id="339" visible="true" version="1" lat="0.00000000000" lon="0.00000000000">
    <tag k="ele" v="27.735249999999997"/>
    <tag k="local_x" v="-9274.182701309242"/>
    <tag k="local_y" v="-40754.77855773819"/>
  </node>
  <node id="340" visible="true" version="1" lat="0.00000000000" lon="0.00000000000">
    <tag k="ele" v="27.673499999999997"/>
    <tag k="local_x" v="-9273.82022119409"/>
    <tag k="local_y" v="-40752.77689116097"/>
  </node>
  <node id="341" visible="true" version="1" lat="0.00000000000" lon="0.00000000000">
    <tag k="ele" v="27.605249999999998"/>
    <tag k="local_x" v="-9273.436969522316"/>
    <tag k="local_y" v="-40750.83973723147"/>
  </node>
  <node id="342" visible="true" version="1" lat="0.00000000000" lon="0.00000000000">
    <tag k="ele" v="27.53925"/>
    <tag k="local_x" v="-9273.136884816382"/>
    <tag k="local_y" v="-40749.40083475724"/>
  </node>
  <node id="343" visible="true" version="1" lat="0.00000000000" lon="0.00000000000">
    <tag k="ele" v="27.480999999999998"/>
    <tag k="local_x" v="-9272.701034450864"/>
    <tag k="local_y" v="-40747.28213005292"/>
  </node>
  <node id="344" visible="true" version="1" lat="0.00000000000" lon="0.00000000000">
    <tag k="ele" v="28.442749999999997"/>
    <tag k="local_x" v="-9275.362591023804"/>
    <tag k="local_y" v="-40779.953718971614"/>
  </node>
  <node id="345" visible="true" version="1" lat="0.00000000000" lon="0.00000000000">
    <tag k="ele" v="28.339499999999997"/>
    <tag k="local_x" v="-9274.852268357134"/>
    <tag k="local_y" v="-40777.4578815811"/>
  </node>
  <node id="346" visible="true" version="1" lat="0.00000000000" lon="0.00000000000">
    <tag k="ele" v="28.3095"/>
    <tag k="local_x" v="-9274.44835325257"/>
    <tag k="local_y" v="-40775.89056056025"/>
  </node>
  <node id="347" visible="true" version="1" lat="0.00000000000" lon="0.00000000000">
    <tag k="ele" v="28.2995"/>
    <tag k="local_x" v="-9273.775254784625"/>
    <tag k="local_y" v="-40773.898656226585"/>
  </node>
  <node id="348" visible="true" version="1" lat="0.00000000000" lon="0.00000000000">
    <tag k="ele" v="28.238749999999996"/>
    <tag k="local_x" v="-9273.003322767672"/>
    <tag k="local_y" v="-40771.89834648345"/>
  </node>
  <node id="349" visible="true" version="1" lat="0.00000000000" lon="0.00000000000">
    <tag k="ele" v="28.137749999999997"/>
    <tag k="local_x" v="-9272.267322638996"/>
    <tag k="local_y" v="-40769.889094353835"/>
  </node>
  <node id="350" visible="true" version="1" lat="0.00000000000" lon="0.00000000000">
    <tag k="ele" v="28.065499999999997"/>
    <tag k="local_x" v="-9271.80204514641"/>
    <tag k="local_y" v="-40767.825222185646"/>
  </node>
  <node id="351" visible="true" version="1" lat="0.00000000000" lon="0.00000000000">
    <tag k="ele" v="28.000749999999996"/>
    <tag k="local_x" v="-9271.514804774157"/>
    <tag k="local_y" v="-40765.73372209145"/>
  </node>
  <node id="352" visible="true" version="1" lat="0.00000000000" lon="0.00000000000">
    <tag k="ele" v="27.9275"/>
    <tag k="local_x" v="-9271.262290621207"/>
    <tag k="local_y" v="-40763.64600297399"/>
  </node>
  <node id="353" visible="true" version="1" lat="0.00000000000" lon="0.00000000000">
    <tag k="ele" v="27.845999999999997"/>
    <tag k="local_x" v="-9271.011301298897"/>
    <tag k="local_y" v="-40761.56757799473"/>
  </node>
  <node id="354" visible="true" version="1" lat="0.00000000000" lon="0.00000000000">
    <tag k="ele" v="27.7945"/>
    <tag k="local_x" v="-9270.770006981627"/>
    <tag k="local_y" v="-40759.498378554475"/>
  </node>
  <node id="355" visible="true" version="1" lat="0.00000000000" lon="0.00000000000">
    <tag k="ele" v="27.729499999999998"/>
    <tag k="local_x" v="-9270.548690740814"/>
    <tag k="local_y" v="-40757.438797417526"/>
  </node>
  <node id="356" visible="true" version="1" lat="0.00000000000" lon="0.00000000000">
    <tag k="ele" v="27.660749999999997"/>
    <tag k="local_x" v="-9270.332438998008"/>
    <tag k="local_y" v="-40755.39043789021"/>
  </node>
  <node id="357" visible="true" version="1" lat="0.00000000000" lon="0.00000000000">
    <tag k="ele" v="27.59725"/>
    <tag k="local_x" v="-9270.043927069968"/>
    <tag k="local_y" v="-40753.361552800474"/>
  </node>
  <node id="358" visible="true" version="1" lat="0.00000000000" lon="0.00000000000">
    <tag k="ele" v="27.537249999999997"/>
    <tag k="local_x" v="-9269.728129190951"/>
    <tag k="local_y" v="-40751.40260052"/>
  </node>
  <node id="359" visible="true" version="1" lat="0.00000000000" lon="0.00000000000">
    <tag k="ele" v="27.4775"/>
    <tag k="local_x" v="-9269.516664569874"/>
    <tag k="local_y" v="-40749.93594885336"/>
  </node>
  <node id="360" visible="true" version="1" lat="0.00000000000" lon="0.00000000000">
    <tag k="ele" v="27.419999999999998"/>
    <tag k="local_x" v="-9269.358359659569"/>
    <tag k="local_y" v="-40747.77067233961"/>
  </node>
  <node id="361" visible="true" version="1" lat="0.00000000000" lon="0.00000000000">
    <tag k="ele" v="28.442749999999997"/>
    <tag k="local_x" v="-9271.589252300259"/>
    <tag k="local_y" v="-40780.9009254455"/>
  </node>
  <node id="362" visible="true" version="1" lat="0.00000000000" lon="0.00000000000">
    <tag k="ele" v="28.390249999999998"/>
    <tag k="local_x" v="-9271.113332991341"/>
    <tag k="local_y" v="-40778.38167284982"/>
  </node>
  <node id="363" visible="true" version="1" lat="0.00000000000" lon="0.00000000000">
    <tag k="ele" v="28.343249999999998"/>
    <tag k="local_x" v="-9270.812392131273"/>
    <tag k="local_y" v="-40776.75137562887"/>
  </node>
  <node id="364" visible="true" version="1" lat="0.00000000000" lon="0.00000000000">
    <tag k="ele" v="28.2995"/>
    <tag k="local_x" v="-9270.447045329642"/>
    <tag k="local_y" v="-40774.66004770117"/>
  </node>
  <node id="365" visible="true" version="1" lat="0.00000000000" lon="0.00000000000">
    <tag k="ele" v="28.238749999999996"/>
    <tag k="local_x" v="-9270.092952416644"/>
    <tag k="local_y" v="-40772.53467794009"/>
  </node>
  <node id="366" visible="true" version="1" lat="0.00000000000" lon="0.00000000000">
    <tag k="ele" v="28.182249999999996"/>
    <tag k="local_x" v="-9269.760670766278"/>
    <tag k="local_y" v="-40770.41286327788"/>
  </node>
  <node id="367" visible="true" version="1" lat="0.00000000000" lon="0.00000000000">
    <tag k="ele" v="28.125749999999996"/>
    <tag k="local_x" v="-9269.430013721172"/>
    <tag k="local_y" v="-40768.29892529677"/>
  </node>
  <node id="368" visible="true" version="1" lat="0.00000000000" lon="0.00000000000">
    <tag k="ele" v="28.04525"/>
    <tag k="local_x" v="-9269.079425974267"/>
    <tag k="local_y" v="-40766.19902639241"/>
  </node>
  <node id="369" visible="true" version="1" lat="0.00000000000" lon="0.00000000000">
    <tag k="ele" v="27.992749999999997"/>
    <tag k="local_x" v="-9268.709386344744"/>
    <tag k="local_y" v="-40764.113451710706"/>
  </node>
  <node id="370" visible="true" version="1" lat="0.00000000000" lon="0.00000000000">
    <tag k="ele" v="27.936249999999998"/>
    <tag k="local_x" v="-9268.329201183871"/>
    <tag k="local_y" v="-40762.039043014636"/>
  </node>
  <node id="371" visible="true" version="1" lat="0.00000000000" lon="0.00000000000">
    <tag k="ele" v="27.85475"/>
    <tag k="local_x" v="-9267.952617825102"/>
    <tag k="local_y" v="-40759.975157353445"/>
  </node>
  <node id="372" visible="true" version="1" lat="0.00000000000" lon="0.00000000000">
    <tag k="ele" v="27.80175"/>
    <tag k="local_x" v="-9267.599203515523"/>
    <tag k="local_y" v="-40757.921406977635"/>
  </node>
  <node id="373" visible="true" version="1" lat="0.00000000000" lon="0.00000000000">
    <tag k="ele" v="27.735249999999997"/>
    <tag k="local_x" v="-9267.29877660419"/>
    <tag k="local_y" v="-40755.872544732985"/>
  </node>
  <node id="374" visible="true" version="1" lat="0.00000000000" lon="0.00000000000">
    <tag k="ele" v="27.673499999999997"/>
    <tag k="local_x" v="-9267.070683740714"/>
    <tag k="local_y" v="-40753.82188275953"/>
  </node>
  <node id="375" visible="true" version="1" lat="0.00000000000" lon="0.00000000000">
    <tag k="ele" v="27.605249999999998"/>
    <tag k="local_x" v="-9266.920872248824"/>
    <tag k="local_y" v="-40751.8286371603"/>
  </node>
  <node id="376" visible="true" version="1" lat="0.00000000000" lon="0.00000000000">
    <tag k="ele" v="27.541249999999998"/>
    <tag k="local_x" v="-9266.838291369326"/>
    <tag k="local_y" v="-40750.331846107314"/>
  </node>
  <node id="377" visible="true" version="1" lat="0.00000000000" lon="0.00000000000">
    <tag k="ele" v="27.530749999999998"/>
    <tag k="local_x" v="-9266.738605348508"/>
    <tag k="local_y" v="-40748.15355755627"/>
  </node>
  <node id="378" visible="true" version="1" lat="0.00000000000" lon="0.00000000000">
    <tag k="ele" v="28.302249999999997"/>
    <tag k="local_x" v="-9267.99284729575"/>
    <tag k="local_y" v="-40781.80371693934"/>
  </node>
  <node id="379" visible="true" version="1" lat="0.00000000000" lon="0.00000000000">
    <tag k="ele" v="28.27875"/>
    <tag k="local_x" v="-9267.592666611345"/>
    <tag k="local_y" v="-40779.25153567006"/>
  </node>
  <node id="380" visible="true" version="1" lat="0.00000000000" lon="0.00000000000">
    <tag k="ele" v="28.23575"/>
    <tag k="local_x" v="-9267.331927047795"/>
    <tag k="local_y" v="-40777.575376956076"/>
  </node>
  <node id="381" visible="true" version="1" lat="0.00000000000" lon="0.00000000000">
    <tag k="ele" v="28.14475"/>
    <tag k="local_x" v="-9267.002118077684"/>
    <tag k="local_y" v="-40775.44814060087"/>
  </node>
  <node id="382" visible="true" version="1" lat="0.00000000000" lon="0.00000000000">
    <tag k="ele" v="28.146749999999997"/>
    <tag k="local_x" v="-9266.648460006614"/>
    <tag k="local_y" v="-40773.287791327144"/>
  </node>
  <node id="383" visible="true" version="1" lat="0.00000000000" lon="0.00000000000">
    <tag k="ele" v="28.051249999999996"/>
    <tag k="local_x" v="-9266.33468044016"/>
    <tag k="local_y" v="-40771.1287294444"/>
  </node>
  <node id="384" visible="true" version="1" lat="0.00000000000" lon="0.00000000000">
    <tag k="ele" v="27.979999999999997"/>
    <tag k="local_x" v="-9266.052447443648"/>
    <tag k="local_y" v="-40768.973437293804"/>
  </node>
  <node id="385" visible="true" version="1" lat="0.00000000000" lon="0.00000000000">
    <tag k="ele" v="27.967249999999996"/>
    <tag k="local_x" v="-9265.787075407263"/>
    <tag k="local_y" v="-40766.82806401036"/>
  </node>
  <node id="386" visible="true" version="1" lat="0.00000000000" lon="0.00000000000">
    <tag k="ele" v="27.849999999999998"/>
    <tag k="local_x" v="-9265.560377461059"/>
    <tag k="local_y" v="-40764.690049994526"/>
  </node>
  <node id="387" visible="true" version="1" lat="0.00000000000" lon="0.00000000000">
    <tag k="ele" v="27.811749999999996"/>
    <tag k="local_x" v="-9265.283595730147"/>
    <tag k="local_y" v="-40762.57440574322"/>
  </node>
  <node id="388" visible="true" version="1" lat="0.00000000000" lon="0.00000000000">
    <tag k="ele" v="27.743249999999996"/>
    <tag k="local_x" v="-9264.983981750183"/>
    <tag k="local_y" v="-40760.477531240664"/>
  </node>
  <node id="389" visible="true" version="1" lat="0.00000000000" lon="0.00000000000">
    <tag k="ele" v="27.64625"/>
    <tag k="local_x" v="-9264.705195126951"/>
    <tag k="local_y" v="-40758.39493881849"/>
  </node>
  <node id="390" visible="true" version="1" lat="0.00000000000" lon="0.00000000000">
    <tag k="ele" v="27.8265"/>
    <tag k="local_x" v="-9264.402978896183"/>
    <tag k="local_y" v="-40756.332742246435"/>
  </node>
  <node id="391" visible="true" version="1" lat="0.00000000000" lon="0.00000000000">
    <tag k="ele" v="27.587249999999997"/>
    <tag k="local_x" v="-9264.121439855508"/>
    <tag k="local_y" v="-40754.278497024345"/>
  </node>
  <node id="392" visible="true" version="1" lat="0.00000000000" lon="0.00000000000">
    <tag k="ele" v="27.544249999999998"/>
    <tag k="local_x" v="-9263.836285124393"/>
    <tag k="local_y" v="-40752.29676215287"/>
  </node>
  <node id="393" visible="true" version="1" lat="0.00000000000" lon="0.00000000000">
    <tag k="ele" v="27.441249999999997"/>
    <tag k="local_x" v="-9263.617461193024"/>
    <tag k="local_y" v="-40750.8079253266"/>
  </node>
  <node id="394" visible="true" version="1" lat="0.00000000000" lon="0.00000000000">
    <tag k="ele" v="27.642249999999997"/>
    <tag k="local_x" v="-9263.303830591947"/>
    <tag k="local_y" v="-40748.6555605385"/>
  </node>
  <node id="395" visible="true" version="1" lat="0.00000000000" lon="0.00000000000">
    <tag k="ele" v="28.925749999999997"/>
    <tag k="local_x" v="-9326.733636620258"/>
    <tag k="local_y" v="-40793.10045493039"/>
  </node>
  <node id="396" visible="true" version="1" lat="0.00000000000" lon="0.00000000000">
    <tag k="ele" v="28.843249999999998"/>
    <tag k="local_x" v="-9324.559339383566"/>
    <tag k="local_y" v="-40794.345948169685"/>
  </node>
  <node id="397" visible="true" version="1" lat="0.00000000000" lon="0.00000000000">
    <tag k="ele" v="28.840249999999997"/>
    <tag k="local_x" v="-9323.289335084302"/>
    <tag k="local_y" v="-40795.14510517738"/>
  </node>
  <node id="398" visible="true" version="1" lat="0.00000000000" lon="0.00000000000">
    <tag k="ele" v="28.85025"/>
    <tag k="local_x" v="-9321.628796128061"/>
    <tag k="local_y" v="-40796.25984801848"/>
  </node>
  <node id="399" visible="true" version="1" lat="0.00000000000" lon="0.00000000000">
    <tag k="ele" v="28.846999999999998"/>
    <tag k="local_x" v="-9320.026484014581"/>
    <tag k="local_y" v="-40797.46193112373"/>
  </node>
  <node id="400" visible="true" version="1" lat="0.00000000000" lon="0.00000000000">
    <tag k="ele" v="28.846999999999998"/>
    <tag k="local_x" v="-9318.516623788539"/>
    <tag k="local_y" v="-40798.80269206013"/>
  </node>
  <node id="401" visible="true" version="1" lat="0.00000000000" lon="0.00000000000">
    <tag k="ele" v="28.85025"/>
    <tag k="local_x" v="-9317.081362517372"/>
    <tag k="local_y" v="-40800.255351428845"/>
  </node>
  <node id="402" visible="true" version="1" lat="0.00000000000" lon="0.00000000000">
    <tag k="ele" v="28.848499999999998"/>
    <tag k="local_x" v="-9315.667679220269"/>
    <tag k="local_y" v="-40801.74037775865"/>
  </node>
  <node id="403" visible="true" version="1" lat="0.00000000000" lon="0.00000000000">
    <tag k="ele" v="28.8375"/>
    <tag k="local_x" v="-9314.573477053527"/>
    <tag k="local_y" v="-40802.803237965134"/>
  </node>
  <node id="404" visible="true" version="1" lat="0.00000000000" lon="0.00000000000">
    <tag k="ele" v="28.814999999999998"/>
    <tag k="local_x" v="-9312.625559561291"/>
    <tag k="local_y" v="-40804.38830082111"/>
  </node>
  <node id="405" visible="true" version="1" lat="0.00000000000" lon="0.00000000000">
    <tag k="ele" v="28.88075"/>
    <tag k="local_x" v="-9328.704306142612"/>
    <tag k="local_y" v="-40796.05645921391"/>
  </node>
  <node id="406" visible="true" version="1" lat="0.00000000000" lon="0.00000000000">
    <tag k="ele" v="28.843249999999998"/>
    <tag k="local_x" v="-9326.517318066022"/>
    <tag k="local_y" v="-40797.28291619336"/>
  </node>
  <node id="407" visible="true" version="1" lat="0.00000000000" lon="0.00000000000">
    <tag k="ele" v="28.840249999999997"/>
    <tag k="local_x" v="-9325.241565648552"/>
    <tag k="local_y" v="-40798.07345102377"/>
  </node>
  <node id="408" visible="true" version="1" lat="0.00000000000" lon="0.00000000000">
    <tag k="ele" v="28.85025"/>
    <tag k="local_x" v="-9323.57403829351"/>
    <tag k="local_y" v="-40799.17771126665"/>
  </node>
  <node id="409" visible="true" version="1" lat="0.00000000000" lon="0.00000000000">
    <tag k="ele" v="28.846999999999998"/>
    <tag k="local_x" v="-9321.96078424813"/>
    <tag k="local_y" v="-40800.363381474046"/>
  </node>
  <node id="410" visible="true" version="1" lat="0.00000000000" lon="0.00000000000">
    <tag k="ele" v="28.846999999999998"/>
    <tag k="local_x" v="-9320.430244530588"/>
    <tag k="local_y" v="-40801.6731231732"/>
  </node>
  <node id="411" visible="true" version="1" lat="0.00000000000" lon="0.00000000000">
    <tag k="ele" v="28.85025"/>
    <tag k="local_x" v="-9318.960569795148"/>
    <tag k="local_y" v="-40803.0741623455"/>
  </node>
  <node id="412" visible="true" version="1" lat="0.00000000000" lon="0.00000000000">
    <tag k="ele" v="28.848499999999998"/>
    <tag k="local_x" v="-9317.501700133998"/>
    <tag k="local_y" v="-40804.491409129245"/>
  </node>
  <node id="413" visible="true" version="1" lat="0.00000000000" lon="0.00000000000">
    <tag k="ele" v="28.83525"/>
    <tag k="local_x" v="-9316.378057829956"/>
    <tag k="local_y" v="-40805.51010912978"/>
  </node>
  <node id="414" visible="true" version="1" lat="0.00000000000" lon="0.00000000000">
    <tag k="ele" v="28.814999999999998"/>
    <tag k="local_x" v="-9314.444741862568"/>
    <tag k="local_y" v="-40807.117074273025"/>
  </node>
  <node id="415" visible="true" version="1" lat="0.00000000000" lon="0.00000000000">
    <tag k="ele" v="28.88075"/>
    <tag k="local_x" v="-9330.625012065655"/>
    <tag k="local_y" v="-40798.93751809848"/>
  </node>
  <node id="416" visible="true" version="1" lat="0.00000000000" lon="0.00000000000">
    <tag k="ele" v="28.843249999999998"/>
    <tag k="local_x" v="-9328.464681899664"/>
    <tag k="local_y" v="-40800.20396194383"/>
  </node>
  <node id="417" visible="true" version="1" lat="0.00000000000" lon="0.00000000000">
    <tag k="ele" v="28.840249999999997"/>
    <tag k="local_x" v="-9327.209786282554"/>
    <tag k="local_y" v="-40801.02578197477"/>
  </node>
  <node id="418" visible="true" version="1" lat="0.00000000000" lon="0.00000000000">
    <tag k="ele" v="28.85025"/>
    <tag k="local_x" v="-9325.57716048958"/>
    <tag k="local_y" v="-40802.18239456077"/>
  </node>
  <node id="419" visible="true" version="1" lat="0.00000000000" lon="0.00000000000">
    <tag k="ele" v="28.857499999999998"/>
    <tag k="local_x" v="-9324.005087090527"/>
    <tag k="local_y" v="-40803.42983573765"/>
  </node>
  <node id="420" visible="true" version="1" lat="0.00000000000" lon="0.00000000000">
    <tag k="ele" v="28.89325"/>
    <tag k="local_x" v="-9322.503604643667"/>
    <tag k="local_y" v="-40804.78316334282"/>
  </node>
  <node id="421" visible="true" version="1" lat="0.00000000000" lon="0.00000000000">
    <tag k="ele" v="28.85025"/>
    <tag k="local_x" v="-9321.04168494089"/>
    <tag k="local_y" v="-40806.195835064114"/>
  </node>
  <node id="422" visible="true" version="1" lat="0.00000000000" lon="0.00000000000">
    <tag k="ele" v="28.947249999999997"/>
    <tag k="local_x" v="-9319.576863976019"/>
    <tag k="local_y" v="-40807.60415489229"/>
  </node>
  <node id="423" visible="true" version="1" lat="0.00000000000" lon="0.00000000000">
    <tag k="ele" v="28.83525"/>
    <tag k="local_x" v="-9318.425199980235"/>
    <tag k="local_y" v="-40808.5808223552"/>
  </node>
  <node id="424" visible="true" version="1" lat="0.00000000000" lon="0.00000000000">
    <tag k="ele" v="28.814999999999998"/>
    <tag k="local_x" v="-9316.428611349485"/>
    <tag k="local_y" v="-40810.09287850339"/>
  </node>
  <node id="425" visible="true" version="1" lat="0.00000000000" lon="0.00000000000">
    <tag k="ele" v="28.99"/>
    <tag k="local_x" v="-9262.507208312461"/>
    <tag k="local_y" v="-40820.96849252449"/>
  </node>
  <node id="426" visible="true" version="1" lat="0.00000000000" lon="0.00000000000">
    <tag k="ele" v="28.925749999999997"/>
    <tag k="local_x" v="-9264.985911520196"/>
    <tag k="local_y" v="-40820.502314660174"/>
  </node>
  <node id="427" visible="true" version="1" lat="0.00000000000" lon="0.00000000000">
    <tag k="ele" v="28.924999999999997"/>
    <tag k="local_x" v="-9266.380731817726"/>
    <tag k="local_y" v="-40820.06287230683"/>
  </node>
  <node id="428" visible="true" version="1" lat="0.00000000000" lon="0.00000000000">
    <tag k="ele" v="28.892249999999997"/>
    <tag k="local_x" v="-9267.741245660138"/>
    <tag k="local_y" v="-40819.57674973577"/>
  </node>
  <node id="429" visible="true" version="1" lat="0.00000000000" lon="0.00000000000">
    <tag k="ele" v="28.8615"/>
    <tag k="local_x" v="-9269.584533583504"/>
    <tag k="local_y" v="-40818.82366624647"/>
  </node>
  <node id="430" visible="true" version="1" lat="0.00000000000" lon="0.00000000000">
    <tag k="ele" v="28.997249999999998"/>
    <tag k="local_x" v="-9261.702749275608"/>
    <tag k="local_y" v="-40817.84635993833"/>
  </node>
  <node id="431" visible="true" version="1" lat="0.00000000000" lon="0.00000000000">
    <tag k="ele" v="28.94775"/>
    <tag k="local_x" v="-9264.06847299422"/>
    <tag k="local_y" v="-40817.05384083495"/>
  </node>
  <node id="432" visible="true" version="1" lat="0.00000000000" lon="0.00000000000">
    <tag k="ele" v="28.924999999999997"/>
    <tag k="local_x" v="-9265.378635730222"/>
    <tag k="local_y" v="-40816.56820501388"/>
  </node>
  <node id="433" visible="true" version="1" lat="0.00000000000" lon="0.00000000000">
    <tag k="ele" v="28.892249999999997"/>
    <tag k="local_x" v="-9266.659372201175"/>
    <tag k="local_y" v="-40816.07442782614"/>
  </node>
  <node id="434" visible="true" version="1" lat="0.00000000000" lon="0.00000000000">
    <tag k="ele" v="28.8615"/>
    <tag k="local_x" v="-9268.462018295222"/>
    <tag k="local_y" v="-40815.321569360756"/>
  </node>
  <node id="435" visible="true" version="1" lat="0.00000000000" lon="0.00000000000">
    <tag k="ele" v="28.997249999999998"/>
    <tag k="local_x" v="-9260.829451152731"/>
    <tag k="local_y" v="-40814.45706054339"/>
  </node>
  <node id="436" visible="true" version="1" lat="0.00000000000" lon="0.00000000000">
    <tag k="ele" v="28.94775"/>
    <tag k="local_x" v="-9263.168626757273"/>
    <tag k="local_y" v="-40813.671493018745"/>
  </node>
  <node id="437" visible="true" version="1" lat="0.00000000000" lon="0.00000000000">
    <tag k="ele" v="28.924999999999997"/>
    <tag k="local_x" v="-9264.413890425518"/>
    <tag k="local_y" v="-40813.20379325296"/>
  </node>
  <node id="438" visible="true" version="1" lat="0.00000000000" lon="0.00000000000">
    <tag k="ele" v="28.892249999999997"/>
    <tag k="local_x" v="-9265.626377589691"/>
    <tag k="local_y" v="-40812.73034018784"/>
  </node>
  <node id="439" visible="true" version="1" lat="0.00000000000" lon="0.00000000000">
    <tag k="ele" v="28.8615"/>
    <tag k="local_x" v="-9267.393711190267"/>
    <tag k="local_y" v="-40811.98859472396"/>
  </node>
  <node id="440" visible="true" version="1" lat="0.00000000000" lon="0.00000000000">
    <tag k="ele" v="28.997249999999998"/>
    <tag k="local_x" v="-9259.956153029852"/>
    <tag k="local_y" v="-40811.06776114844"/>
  </node>
  <node id="441" visible="true" version="1" lat="0.00000000000" lon="0.00000000000">
    <tag k="ele" v="28.94775"/>
    <tag k="local_x" v="-9262.268780520324"/>
    <tag k="local_y" v="-40810.28914520253"/>
  </node>
  <node id="442" visible="true" version="1" lat="0.00000000000" lon="0.00000000000">
    <tag k="ele" v="28.924999999999997"/>
    <tag k="local_x" v="-9263.449145120812"/>
    <tag k="local_y" v="-40809.839381492035"/>
  </node>
  <node id="443" visible="true" version="1" lat="0.00000000000" lon="0.00000000000">
    <tag k="ele" v="28.892249999999997"/>
    <tag k="local_x" v="-9264.593382978208"/>
    <tag k="local_y" v="-40809.386252549535"/>
  </node>
  <node id="444" visible="true" version="1" lat="0.00000000000" lon="0.00000000000">
    <tag k="ele" v="28.8615"/>
    <tag k="local_x" v="-9266.325404085312"/>
    <tag k="local_y" v="-40808.65562008717"/>
  </node>
  <node id="445" visible="true" version="1" lat="0.00000000000" lon="0.00000000000">
    <tag k="ele" v="28.997249999999998"/>
    <tag k="local_x" v="-9259.09062815255"/>
    <tag k="local_y" v="-40807.70862998108"/>
  </node>
  <node id="446" visible="true" version="1" lat="0.00000000000" lon="0.00000000000">
    <tag k="ele" v="28.858749999999997"/>
    <tag k="local_x" v="-9261.370585060098"/>
    <tag k="local_y" v="-40806.913002336456"/>
  </node>
  <node id="447" visible="true" version="1" lat="0.00000000000" lon="0.00000000000">
    <tag k="ele" v="28.924999999999997"/>
    <tag k="local_x" v="-9262.480469508288"/>
    <tag k="local_y" v="-40806.461263342695"/>
  </node>
  <node id="448" visible="true" version="1" lat="0.00000000000" lon="0.00000000000">
    <tag k="ele" v="28.779249999999998"/>
    <tag k="local_x" v="-9263.546878855144"/>
    <tag k="local_y" v="-40805.998430907035"/>
  </node>
  <node id="449" visible="true" version="1" lat="0.00000000000" lon="0.00000000000">
    <tag k="ele" v="28.75425"/>
    <tag k="local_x" v="-9265.218735927516"/>
    <tag k="local_y" v="-40805.202964119446"/>
  </node>
  <node id="450" visible="true" version="1" lat="0.00000000000" lon="0.00000000000">
    <tag k="ele" v="28.815749999999998"/>
    <tag k="local_x" v="-9317"/>
    <tag k="local_y" v="-40788.65741324041"/>
  </node>
  <node id="451" visible="true" version="1" lat="0.00000000000" lon="0.00000000000">
    <tag k="ele" v="29.949749999999998"/>
    <tag k="local_x" v="-9314.516807985729"/>
    <tag k="local_y" v="-40788.75464934828"/>
  </node>
  <node id="452" visible="true" version="1" lat="0.00000000000" lon="0.00000000000">
    <tag k="ele" v="30.354249999999997"/>
    <tag k="local_x" v="-9313.083184029401"/>
    <tag k="local_y" v="-40788.712774108375"/>
  </node>
  <node id="453" visible="true" version="1" lat="0.00000000000" lon="0.00000000000">
    <tag k="ele" v="29.046499999999998"/>
    <tag k="local_x" v="-9311.179488945527"/>
    <tag k="local_y" v="-40788.468581177694"/>
  </node>
  <node id="454" visible="true" version="1" lat="0.00000000000" lon="0.00000000000">
    <tag k="ele" v="28.594499999999996"/>
    <tag k="local_x" v="-9309.518946592068"/>
    <tag k="local_y" v="-40788.08224085087"/>
  </node>
  <node id="455" visible="true" version="1" lat="0.00000000000" lon="0.00000000000">
    <tag k="ele" v="28.598"/>
    <tag k="local_x" v="-9308.401008897568"/>
    <tag k="local_y" v="-40787.751509568436"/>
  </node>
  <node id="456" visible="true" version="1" lat="0.00000000000" lon="0.00000000000">
    <tag k="ele" v="28.59725"/>
    <tag k="local_x" v="-9307.398468430158"/>
    <tag k="local_y" v="-40787.406126279384"/>
  </node>
  <node id="457" visible="true" version="1" lat="0.00000000000" lon="0.00000000000">
    <tag k="ele" v="28.815749999999998"/>
    <tag k="local_x" v="-9317"/>
    <tag k="local_y" v="-40792.0586942223"/>
  </node>
  <node id="458" visible="true" version="1" lat="0.00000000000" lon="0.00000000000">
    <tag k="ele" v="29.949749999999998"/>
    <tag k="local_x" v="-9314.471358994824"/>
    <tag k="local_y" v="-40792.12209214338"/>
  </node>
  <node id="459" visible="true" version="1" lat="0.00000000000" lon="0.00000000000">
    <tag k="ele" v="30.059749999999998"/>
    <tag k="local_x" v="-9312.874377162914"/>
    <tag k="local_y" v="-40792.07699157415"/>
  </node>
  <node id="460" visible="true" version="1" lat="0.00000000000" lon="0.00000000000">
    <tag k="ele" v="29.196499999999997"/>
    <tag k="local_x" v="-9310.78342994448"/>
    <tag k="local_y" v="-40791.87590737292"/>
  </node>
  <node id="461" visible="true" version="1" lat="0.00000000000" lon="0.00000000000">
    <tag k="ele" v="28.594499999999996"/>
    <tag k="local_x" v="-9308.919522496073"/>
    <tag k="local_y" v="-40791.50561153882"/>
  </node>
  <node id="462" visible="true" version="1" lat="0.00000000000" lon="0.00000000000">
    <tag k="ele" v="28.598"/>
    <tag k="local_x" v="-9307.630231073419"/>
    <tag k="local_y" v="-40791.16941405211"/>
  </node>
  <node id="463" visible="true" version="1" lat="0.00000000000" lon="0.00000000000">
    <tag k="ele" v="28.59725"/>
    <tag k="local_x" v="-9306.542786381913"/>
    <tag k="local_y" v="-40790.82885447233"/>
  </node>
  <node id="464" visible="true" version="1" lat="0.00000000000" lon="0.00000000000">
    <tag k="ele" v="28.815749999999998"/>
    <tag k="local_x" v="-9317"/>
    <tag k="local_y" v="-40795.57230741172"/>
  </node>
  <node id="465" visible="true" version="1" lat="0.00000000000" lon="0.00000000000">
    <tag k="ele" v="29.949749999999998"/>
    <tag k="local_x" v="-9314.423232068173"/>
    <tag k="local_y" v="-40795.687950684405"/>
  </node>
  <node id="466" visible="true" version="1" lat="0.00000000000" lon="0.00000000000">
    <tag k="ele" v="30.059749999999998"/>
    <tag k="local_x" v="-9312.651709757985"/>
    <tag k="local_y" v="-40795.66452480679"/>
  </node>
  <node id="467" visible="true" version="1" lat="0.00000000000" lon="0.00000000000">
    <tag k="ele" v="29.1895"/>
    <tag k="local_x" v="-9310.365743206183"/>
    <tag k="local_y" v="-40795.46929866322"/>
  </node>
  <node id="468" visible="true" version="1" lat="0.00000000000" lon="0.00000000000">
    <tag k="ele" v="28.594499999999996"/>
    <tag k="local_x" v="-9308.300496821652"/>
    <tag k="local_y" v="-40795.04092879261"/>
  </node>
  <node id="469" visible="true" version="1" lat="0.00000000000" lon="0.00000000000">
    <tag k="ele" v="28.598"/>
    <tag k="local_x" v="-9306.84659553515"/>
    <tag k="local_y" v="-40794.644334237804"/>
  </node>
  <node id="470" visible="true" version="1" lat="0.00000000000" lon="0.00000000000">
    <tag k="ele" v="28.59725"/>
    <tag k="local_x" v="-9305.68483860849"/>
    <tag k="local_y" v="-40794.26064556599"/>
  </node>
  <way id="1" visible="true" version="1">
    <nd ref="59"/>
    <nd ref="60"/>
    <nd ref="61"/>
    <nd ref="62"/>
    <nd ref="63"/>
    <nd ref="64"/>
    <nd ref="65"/>
    <nd ref="66"/>
    <nd ref="67"/>
    <nd ref="68"/>
    <nd ref="69"/>
    <nd ref="70"/>
    <nd ref="71"/>
    <nd ref="72"/>
    <nd ref="73"/>
    <nd ref="74"/>
    <nd ref="75"/>
    <nd ref="76"/>
    <nd ref="77"/>
    <nd ref="78"/>
    <nd ref="79"/>
    <nd ref="80"/>
    <nd ref="81"/>
    <nd ref="82"/>
    <tag k="subtype" v="solid"/>
    <tag k="type" v="line_thin"/>
  </way>
  <way id="2" visible="true" version="1">
    <nd ref="83"/>
    <nd ref="84"/>
    <nd ref="85"/>
    <nd ref="86"/>
    <nd ref="87"/>
    <nd ref="88"/>
    <nd ref="89"/>
    <nd ref="90"/>
    <nd ref="91"/>
    <nd ref="92"/>
    <nd ref="93"/>
    <nd ref="94"/>
    <nd ref="95"/>
    <nd ref="96"/>
    <nd ref="97"/>
    <nd ref="98"/>
    <nd ref="99"/>
    <nd ref="100"/>
    <nd ref="101"/>
    <nd ref="102"/>
    <nd ref="103"/>
    <nd ref="104"/>
    <nd ref="105"/>
    <nd ref="106"/>
    <tag k="subtype" v="dashed"/>
    <tag k="type" v="line_thin"/>
  </way>
  <way id="3" visible="true" version="1">
    <nd ref="107"/>
    <nd ref="108"/>
    <nd ref="109"/>
    <nd ref="110"/>
    <nd ref="111"/>
    <nd ref="112"/>
    <nd ref="113"/>
    <nd ref="114"/>
    <nd ref="115"/>
    <nd ref="116"/>
    <nd ref="117"/>
    <nd ref="118"/>
    <nd ref="119"/>
    <nd ref="120"/>
    <nd ref="121"/>
    <nd ref="122"/>
    <nd ref="123"/>
    <nd ref="124"/>
    <nd ref="125"/>
    <nd ref="126"/>
    <nd ref="127"/>
    <nd ref="128"/>
    <nd ref="129"/>
    <nd ref="130"/>
    <tag k="subtype" v="dashed"/>
    <tag k="type" v="line_thin"/>
  </way>
  <way id="4" visible="true" version="1">
    <nd ref="131"/>
    <nd ref="132"/>
    <nd ref="133"/>
    <nd ref="134"/>
    <nd ref="135"/>
    <nd ref="136"/>
    <nd ref="137"/>
    <nd ref="138"/>
    <nd ref="139"/>
    <nd ref="140"/>
    <nd ref="141"/>
    <nd ref="142"/>
    <nd ref="143"/>
    <nd ref="144"/>
    <nd ref="145"/>
    <nd ref="146"/>
    <nd ref="147"/>
    <nd ref="148"/>
    <nd ref="149"/>
    <nd ref="150"/>
    <nd ref="151"/>
    <nd ref="152"/>
    <nd ref="153"/>
    <nd ref="154"/>
    <tag k="subtype" v="solid"/>
    <tag k="type" v="line_thin"/>
  </way>
  <way id="5" visible="true" version="1">
    <nd ref="155"/>
    <nd ref="156"/>
    <nd ref="157"/>
    <nd ref="158"/>
    <nd ref="159"/>
    <nd ref="160"/>
    <nd ref="161"/>
    <nd ref="162"/>
    <nd ref="163"/>
    <nd ref="164"/>
    <nd ref="165"/>
    <nd ref="166"/>
    <nd ref="167"/>
    <nd ref="168"/>
    <nd ref="169"/>
    <nd ref="170"/>
    <nd ref="171"/>
    <nd ref="172"/>
    <nd ref="173"/>
    <nd ref="174"/>
    <nd ref="175"/>
    <nd ref="176"/>
    <nd ref="177"/>
    <nd ref="178"/>
    <tag k="subtype" v="dashed"/>
    <tag k="type" v="line_thin"/>
  </way>
  <way id="6" visible="true" version="1">
    <nd ref="179"/>
    <nd ref="180"/>
    <nd ref="181"/>
    <nd ref="182"/>
    <nd ref="183"/>
    <nd ref="184"/>
    <nd ref="185"/>
    <nd ref="186"/>
    <nd ref="187"/>
    <nd ref="188"/>
    <nd ref="189"/>
    <nd ref="190"/>
    <nd ref="191"/>
    <nd ref="192"/>
    <nd ref="193"/>
    <nd ref="194"/>
    <nd ref="195"/>
    <nd ref="196"/>
    <nd ref="197"/>
    <nd ref="198"/>
    <nd ref="199"/>
    <nd ref="200"/>
    <nd ref="201"/>
    <nd ref="202"/>
    <tag k="subtype" v="dashed"/>
    <tag k="type" v="line_thin"/>
  </way>
  <way id="7" visible="true" version="1">
    <nd ref="203"/>
    <nd ref="204"/>
    <nd ref="205"/>
    <nd ref="206"/>
    <nd ref="207"/>
    <nd ref="208"/>
    <nd ref="209"/>
    <nd ref="210"/>
    <nd ref="211"/>
    <nd ref="212"/>
    <nd ref="213"/>
    <nd ref="214"/>
    <nd ref="215"/>
    <nd ref="216"/>
    <nd ref="217"/>
    <nd ref="218"/>
    <nd ref="219"/>
    <nd ref="220"/>
    <nd ref="221"/>
    <nd ref="222"/>
    <nd ref="223"/>
    <nd ref="224"/>
    <nd ref="225"/>
    <nd ref="226"/>
    <tag k="subtype" v="solid"/>
    <tag k="type" v="line_thin"/>
  </way>
  <way id="14" visible="true" version="1">
    <nd ref="227"/>
    <nd ref="228"/>
    <nd ref="229"/>
    <nd ref="230"/>
    <nd ref="231"/>
    <nd ref="232"/>
    <nd ref="233"/>
    <tag k="subtype" v="solid"/>
    <tag k="type" v="line_thin"/>
  </way>
  <way id="15" visible="true" version="1">
    <nd ref="234"/>
    <nd ref="235"/>
    <nd ref="236"/>
    <nd ref="237"/>
    <nd ref="238"/>
    <nd ref="239"/>
    <nd ref="240"/>
    <tag k="subtype" v="dashed"/>
    <tag k="type" v="line_thin"/>
  </way>
  <way id="16" visible="true" version="1">
    <nd ref="241"/>
    <nd ref="242"/>
    <nd ref="243"/>
    <nd ref="244"/>
    <nd ref="245"/>
    <nd ref="246"/>
    <nd ref="247"/>
    <tag k="subtype" v="dashed"/>
    <tag k="type" v="line_thin"/>
  </way>
  <way id="17" visible="true" version="1">
    <nd ref="248"/>
    <nd ref="249"/>
    <nd ref="250"/>
    <nd ref="251"/>
    <nd ref="252"/>
    <nd ref="253"/>
    <nd ref="254"/>
    <tag k="subtype" v="solid"/>
    <tag k="type" v="line_thin"/>
  </way>
  <way id="18" visible="true" version="1">
    <nd ref="255"/>
    <nd ref="256"/>
    <nd ref="257"/>
    <nd ref="258"/>
    <nd ref="259"/>
    <nd ref="260"/>
    <nd ref="261"/>
    <tag k="subtype" v="dashed"/>
    <tag k="type" v="line_thin"/>
  </way>
  <way id="19" visible="true" version="1">
    <nd ref="262"/>
    <nd ref="263"/>
    <nd ref="264"/>
    <nd ref="265"/>
    <nd ref="266"/>
    <nd ref="267"/>
    <nd ref="268"/>
    <tag k="subtype" v="dashed"/>
    <tag k="type" v="line_thin"/>
  </way>
  <way id="20" visible="true" version="1">
    <nd ref="269"/>
    <nd ref="270"/>
    <nd ref="271"/>
    <nd ref="272"/>
    <nd ref="273"/>
    <nd ref="274"/>
    <nd ref="275"/>
    <tag k="subtype" v="solid"/>
    <tag k="type" v="line_thin"/>
  </way>
  <way id="27" visible="true" version="1">
    <nd ref="276"/>
    <nd ref="277"/>
    <nd ref="278"/>
    <nd ref="279"/>
    <nd ref="280"/>
    <nd ref="281"/>
    <nd ref="282"/>
    <nd ref="283"/>
    <nd ref="284"/>
    <nd ref="285"/>
    <nd ref="286"/>
    <nd ref="287"/>
    <nd ref="288"/>
    <nd ref="289"/>
    <nd ref="290"/>
    <nd ref="291"/>
    <nd ref="292"/>
    <tag k="subtype" v="solid"/>
    <tag k="type" v="line_thin"/>
  </way>
  <way id="28" visible="true" version="1">
    <nd ref="293"/>
    <nd ref="294"/>
    <nd ref="295"/>
    <nd ref="296"/>
    <nd ref="297"/>
    <nd ref="298"/>
    <nd ref="299"/>
    <nd ref="300"/>
    <nd ref="301"/>
    <nd ref="302"/>
    <nd ref="303"/>
    <nd ref="304"/>
    <nd ref="305"/>
    <nd ref="306"/>
    <nd ref="307"/>
    <nd ref="308"/>
    <nd ref="309"/>
    <tag k="subtype" v="dashed"/>
    <tag k="type" v="line_thin"/>
  </way>
  <way id="29" visible="true" version="1">
    <nd ref="310"/>
    <nd ref="311"/>
    <nd ref="312"/>
    <nd ref="313"/>
    <nd ref="314"/>
    <nd ref="315"/>
    <nd ref="316"/>
    <nd ref="317"/>
    <nd ref="318"/>
    <nd ref="319"/>
    <nd ref="320"/>
    <nd ref="321"/>
    <nd ref="322"/>
    <nd ref="323"/>
    <nd ref="324"/>
    <nd ref="325"/>
    <nd ref="326"/>
    <tag k="subtype" v="dashed"/>
    <tag k="type" v="line_thin"/>
  </way>
  <way id="30" visible="true" version="1">
    <nd ref="327"/>
    <nd ref="328"/>
    <nd ref="329"/>
    <nd ref="330"/>
    <nd ref="331"/>
    <nd ref="332"/>
    <nd ref="333"/>
    <nd ref="334"/>
    <nd ref="335"/>
    <nd ref="336"/>
    <nd ref="337"/>
    <nd ref="338"/>
    <nd ref="339"/>
    <nd ref="340"/>
    <nd ref="341"/>
    <nd ref="342"/>
    <nd ref="343"/>
    <tag k="subtype" v="solid"/>
    <tag k="type" v="line_thin"/>
  </way>
  <way id="31" visible="true" version="1">
    <nd ref="344"/>
    <nd ref="345"/>
    <nd ref="346"/>
    <nd ref="347"/>
    <nd ref="348"/>
    <nd ref="349"/>
    <nd ref="350"/>
    <nd ref="351"/>
    <nd ref="352"/>
    <nd ref="353"/>
    <nd ref="354"/>
    <nd ref="355"/>
    <nd ref="356"/>
    <nd ref="357"/>
    <nd ref="358"/>
    <nd ref="359"/>
    <nd ref="360"/>
    <tag k="subtype" v="dashed"/>
    <tag k="type" v="line_thin"/>
  </way>
  <way id="32" visible="true" version="1">
    <nd ref="361"/>
    <nd ref="362"/>
    <nd ref="363"/>
    <nd ref="364"/>
    <nd ref="365"/>
    <nd ref="366"/>
    <nd ref="367"/>
    <nd ref="368"/>
    <nd ref="369"/>
    <nd ref="370"/>
    <nd ref="371"/>
    <nd ref="372"/>
    <nd ref="373"/>
    <nd ref="374"/>
    <nd ref="375"/>
    <nd ref="376"/>
    <nd ref="377"/>
    <tag k="subtype" v="dashed"/>
    <tag k="type" v="line_thin"/>
  </way>
  <way id="33" visible="true" version="1">
    <nd ref="378"/>
    <nd ref="379"/>
    <nd ref="380"/>
    <nd ref="381"/>
    <nd ref="382"/>
    <nd ref="383"/>
    <nd ref="384"/>
    <nd ref="385"/>
    <nd ref="386"/>
    <nd ref="387"/>
    <nd ref="388"/>
    <nd ref="389"/>
    <nd ref="390"/>
    <nd ref="391"/>
    <nd ref="392"/>
    <nd ref="393"/>
    <nd ref="394"/>
    <tag k="subtype" v="solid"/>
    <tag k="type" v="line_thin"/>
  </way>
  <way id="40" visible="true" version="1">
    <nd ref="395"/>
    <nd ref="396"/>
    <nd ref="397"/>
    <nd ref="398"/>
    <nd ref="399"/>
    <nd ref="400"/>
    <nd ref="401"/>
    <nd ref="402"/>
    <nd ref="403"/>
    <nd ref="404"/>
    <tag k="subtype" v="solid"/>
    <tag k="type" v="line_thin"/>
  </way>
  <way id="41" visible="true" version="1">
    <nd ref="405"/>
    <nd ref="406"/>
    <nd ref="407"/>
    <nd ref="408"/>
    <nd ref="409"/>
    <nd ref="410"/>
    <nd ref="411"/>
    <nd ref="412"/>
    <nd ref="413"/>
    <nd ref="414"/>
    <tag k="subtype" v="solid"/>
    <tag k="type" v="line_thin"/>
  </way>
  <way id="42" visible="true" version="1">
    <nd ref="415"/>
    <nd ref="416"/>
    <nd ref="417"/>
    <nd ref="418"/>
    <nd ref="419"/>
    <nd ref="420"/>
    <nd ref="421"/>
    <nd ref="422"/>
    <nd ref="423"/>
    <nd ref="424"/>
    <tag k="subtype" v="solid"/>
    <tag k="type" v="line_thin"/>
  </way>
  <way id="45" visible="true" version="1">
    <nd ref="425"/>
    <nd ref="426"/>
    <nd ref="427"/>
    <nd ref="428"/>
    <nd ref="429"/>
    <tag k="subtype" v="solid"/>
    <tag k="type" v="line_thin"/>
  </way>
  <way id="46" visible="true" version="1">
    <nd ref="430"/>
    <nd ref="431"/>
    <nd ref="432"/>
    <nd ref="433"/>
    <nd ref="434"/>
    <tag k="subtype" v="dashed"/>
    <tag k="type" v="line_thin"/>
  </way>
  <way id="47" visible="true" version="1">
    <nd ref="435"/>
    <nd ref="436"/>
    <nd ref="437"/>
    <nd ref="438"/>
    <nd ref="439"/>
    <tag k="subtype" v="solid"/>
    <tag k="type" v="line_thin"/>
  </way>
  <way id="48" visible="true" version="1">
    <nd ref="440"/>
    <nd ref="441"/>
    <nd ref="442"/>
    <nd ref="443"/>
    <nd ref="444"/>
    <tag k="subtype" v="dashed"/>
    <tag k="type" v="line_thin"/>
  </way>
  <way id="49" visible="true" version="1">
    <nd ref="445"/>
    <nd ref="446"/>
    <nd ref="447"/>
    <nd ref="448"/>
    <nd ref="449"/>
    <tag k="subtype" v="solid"/>
    <tag k="type" v="line_thin"/>
  </way>
  <way id="54" visible="true" version="1">
    <nd ref="450"/>
    <nd ref="451"/>
    <nd ref="452"/>
    <nd ref="453"/>
    <nd ref="454"/>
    <nd ref="455"/>
    <nd ref="456"/>
    <tag k="subtype" v="solid"/>
    <tag k="type" v="line_thin"/>
  </way>
  <way id="55" visible="true" version="1">
    <nd ref="457"/>
    <nd ref="458"/>
    <nd ref="459"/>
    <nd ref="460"/>
    <nd ref="461"/>
    <nd ref="462"/>
    <nd ref="463"/>
    <tag k="subtype" v="solid"/>
    <tag k="type" v="line_thin"/>
  </way>
  <way id="56" visible="true" version="1">
    <nd ref="464"/>
    <nd ref="465"/>
    <nd ref="466"/>
    <nd ref="467"/>
    <nd ref="468"/>
    <nd ref="469"/>
    <nd ref="470"/>
    <tag k="subtype" v="solid"/>
    <tag k="type" v="line_thin"/>
  </way>
  <relation id="8" visible="true" version="1">
    <member type="way" ref="1" role="left"/>
    <member type="way" ref="2" role="right"/>
    <tag k="location" v="urban"/>
    <tag k="one_way" v="yes"/>
    <tag k="participant:vehicle" v="yes"/>
    <tag k="speed_limit" v="40"/>
    <tag k="subtype" v="road"/>
    <tag k="type" v="lanelet"/>
  </relation>
  <relation id="9" visible="true" version="1">
    <member type="way" ref="2" role="left"/>
    <member type="way" ref="3" role="right"/>
    <tag k="location" v="urban"/>
    <tag k="one_way" v="yes"/>
    <tag k="participant:vehicle" v="yes"/>
    <tag k="speed_limit" v="40"/>
    <tag k="subtype" v="road"/>
    <tag k="type" v="lanelet"/>
  </relation>
  <relation id="10" visible="true" version="1">
    <member type="way" ref="3" role="left"/>
    <member type="way" ref="4" role="right"/>
    <tag k="location" v="urban"/>
    <tag k="one_way" v="yes"/>
    <tag k="participant:vehicle" v="yes"/>
    <tag k="speed_limit" v="40"/>
    <tag k="subtype" v="road"/>
    <tag k="type" v="lanelet"/>
  </relation>
  <relation id="11" visible="true" version="1">
    <member type="way" ref="5" role="left"/>
    <member type="way" ref="4" role="right"/>
    <tag k="location" v="urban"/>
    <tag k="one_way" v="yes"/>
    <tag k="participant:vehicle" v="yes"/>
    <tag k="speed_limit" v="40"/>
    <tag k="subtype" v="road"/>
    <tag k="type" v="lanelet"/>
  </relation>
  <relation id="12" visible="true" version="1">
    <member type="way" ref="6" role="left"/>
    <member type="way" ref="5" role="right"/>
    <tag k="location" v="urban"/>
    <tag k="one_way" v="yes"/>
    <tag k="participant:vehicle" v="yes"/>
    <tag k="speed_limit" v="40"/>
    <tag k="subtype" v="road"/>
    <tag k="type" v="lanelet"/>
  </relation>
  <relation id="13" visible="true" version="1">
    <member type="way" ref="7" role="left"/>
    <member type="way" ref="6" role="right"/>
    <tag k="location" v="urban"/>
    <tag k="one_way" v="yes"/>
    <tag k="participant:vehicle" v="yes"/>
    <tag k="speed_limit" v="40"/>
    <tag k="subtype" v="road"/>
    <tag k="type" v="lanelet"/>
  </relation>
  <relation id="21" visible="true" version="1">
    <member type="way" ref="14" role="left"/>
    <member type="way" ref="15" role="right"/>
    <tag k="location" v="urban"/>
    <tag k="one_way" v="yes"/>
    <tag k="participant:vehicle" v="yes"/>
    <tag k="speed_limit" v="40"/>
    <tag k="subtype" v="road"/>
    <tag k="type" v="lanelet"/>
  </relation>
  <relation id="22" visible="true" version="1">
    <member type="way" ref="15" role="left"/>
    <member type="way" ref="16" role="right"/>
    <tag k="location" v="urban"/>
    <tag k="one_way" v="yes"/>
    <tag k="participant:vehicle" v="yes"/>
    <tag k="speed_limit" v="40"/>
    <tag k="subtype" v="road"/>
    <tag k="type" v="lanelet"/>
  </relation>
  <relation id="23" visible="true" version="1">
    <member type="way" ref="16" role="left"/>
    <member type="way" ref="17" role="right"/>
    <tag k="location" v="urban"/>
    <tag k="one_way" v="yes"/>
    <tag k="participant:vehicle" v="yes"/>
    <tag k="speed_limit" v="40"/>
    <tag k="subtype" v="road"/>
    <tag k="type" v="lanelet"/>
  </relation>
  <relation id="24" visible="true" version="1">
    <member type="way" ref="18" role="left"/>
    <member type="way" ref="17" role="right"/>
    <tag k="location" v="urban"/>
    <tag k="one_way" v="yes"/>
    <tag k="participant:vehicle" v="yes"/>
    <tag k="speed_limit" v="40"/>
    <tag k="subtype" v="road"/>
    <tag k="type" v="lanelet"/>
  </relation>
  <relation id="25" visible="true" version="1">
    <member type="way" ref="19" role="left"/>
    <member type="way" ref="18" role="right"/>
    <tag k="location" v="urban"/>
    <tag k="one_way" v="yes"/>
    <tag k="participant:vehicle" v="yes"/>
    <tag k="speed_limit" v="40"/>
    <tag k="subtype" v="road"/>
    <tag k="type" v="lanelet"/>
  </relation>
  <relation id="26" visible="true" version="1">
    <member type="way" ref="20" role="left"/>
    <member type="way" ref="19" role="right"/>
    <tag k="location" v="urban"/>
    <tag k="one_way" v="yes"/>
    <tag k="participant:vehicle" v="yes"/>
    <tag k="speed_limit" v="40"/>
    <tag k="subtype" v="road"/>
    <tag k="type" v="lanelet"/>
  </relation>
  <relation id="34" visible="true" version="1">
    <member type="way" ref="27" role="left"/>
    <member type="way" ref="28" role="right"/>
    <tag k="location" v="urban"/>
    <tag k="one_way" v="yes"/>
    <tag k="participant:vehicle" v="yes"/>
    <tag k="speed_limit" v="40"/>
    <tag k="subtype" v="road"/>
    <tag k="type" v="lanelet"/>
  </relation>
  <relation id="35" visible="true" version="1">
    <member type="way" ref="28" role="left"/>
    <member type="way" ref="29" role="right"/>
    <tag k="location" v="urban"/>
    <tag k="one_way" v="yes"/>
    <tag k="participant:vehicle" v="yes"/>
    <tag k="speed_limit" v="40"/>
    <tag k="subtype" v="road"/>
    <tag k="type" v="lanelet"/>
  </relation>
  <relation id="36" visible="true" version="1">
    <member type="way" ref="29" role="left"/>
    <member type="way" ref="30" role="right"/>
    <tag k="location" v="urban"/>
    <tag k="one_way" v="yes"/>
    <tag k="participant:vehicle" v="yes"/>
    <tag k="speed_limit" v="40"/>
    <tag k="subtype" v="road"/>
    <tag k="type" v="lanelet"/>
  </relation>
  <relation id="37" visible="true" version="1">
    <member type="way" ref="31" role="left"/>
    <member type="way" ref="30" role="right"/>
    <tag k="location" v="urban"/>
    <tag k="one_way" v="yes"/>
    <tag k="participant:vehicle" v="yes"/>
    <tag k="speed_limit" v="40"/>
    <tag k="subtype" v="road"/>
    <tag k="type" v="lanelet"/>
  </relation>
  <relation id="38" visible="true" version="1">
    <member type="way" ref="32" role="left"/>
    <member type="way" ref="31" role="right"/>
    <tag k="location" v="urban"/>
    <tag k="one_way" v="yes"/>
    <tag k="participant:vehicle" v="yes"/>
    <tag k="speed_limit" v="40"/>
    <tag k="subtype" v="road"/>
    <tag k="type" v="lanelet"/>
  </relation>
  <relation id="39" visible="true" version="1">
    <member type="way" ref="33" role="left"/>
    <member type="way" ref="32" role="right"/>
    <tag k="location" v="urban"/>
    <tag k="one_way" v="yes"/>
    <tag k="participant:vehicle" v="yes"/>
    <tag k="speed_limit" v="40"/>
    <tag k="subtype" v="road"/>
    <tag k="type" v="lanelet"/>
  </relation>
  <relation id="43" visible="true" version="1">
    <member type="way" ref="40" role="left"/>
    <member type="way" ref="41" role="right"/>
    <tag k="location" v="urban"/>
    <tag k="one_way" v="yes"/>
    <tag k="participant:vehicle" v="yes"/>
    <tag k="speed_limit" v="40"/>
    <tag k="subtype" v="road"/>
    <tag k="type" v="lanelet"/>
  </relation>
  <relation id="44" visible="true" version="1">
    <member type="way" ref="42" role="left"/>
    <member type="way" ref="41" role="right"/>
    <tag k="location" v="urban"/>
    <tag k="one_way" v="yes"/>
    <tag k="participant:vehicle" v="yes"/>
    <tag k="speed_limit" v="40"/>
    <tag k="subtype" v="road"/>
    <tag k="type" v="lanelet"/>
  </relation>
  <relation id="50" visible="true" version="1">
    <member type="way" ref="45" role="left"/>
    <member type="way" ref="46" role="right"/>
    <tag k="location" v="urban"/>
    <tag k="one_way" v="yes"/>
    <tag k="participant:vehicle" v="yes"/>
    <tag k="speed_limit" v="40"/>
    <tag k="subtype" v="road"/>
    <tag k="type" v="lanelet"/>
  </relation>
  <relation id="51" visible="true" version="1">
    <member type="way" ref="46" role="left"/>
    <member type="way" ref="47" role="right"/>
    <tag k="location" v="urban"/>
    <tag k="one_way" v="yes"/>
    <tag k="participant:vehicle" v="yes"/>
    <tag k="speed_limit" v="40"/>
    <tag k="subtype" v="road"/>
    <tag k="type" v="lanelet"/>
  </relation>
  <relation id="52" visible="true" version="1">
    <member type="way" ref="48" role="left"/>
    <member type="way" ref="47" role="right"/>
    <tag k="location" v="urban"/>
    <tag k="one_way" v="yes"/>
    <tag k="participant:vehicle" v="yes"/>
    <tag k="speed_limit" v="40"/>
    <tag k="subtype" v="road"/>
    <tag k="type" v="lanelet"/>
  </relation>
  <relation id="53" visible="true" version="1">
    <member type="way" ref="49" role="left"/>
    <member type="way" ref="48" role="right"/>
    <tag k="location" v="urban"/>
    <tag k="one_way" v="yes"/>
    <tag k="participant:vehicle" v="yes"/>
    <tag k="speed_limit" v="40"/>
    <tag k="subtype" v="road"/>
    <tag k="type" v="lanelet"/>
  </relation>
  <relation id="57" visible="true" version="1">
    <member type="way" ref="54" role="left"/>
    <member type="way" ref="55" role="right"/>
    <tag k="location" v="urban"/>
    <tag k="one_way" v="yes"/>
    <tag k="participant:vehicle" v="yes"/>
    <tag k="speed_limit" v="40"/>
    <tag k="subtype" v="road"/>
    <tag k="type" v="lanelet"/>
  </relation>
  <relation id="58" visible="true" version="1">
    <member type="way" ref="56" role="left"/>
    <member type="way" ref="55" role="right"/>
    <tag k="location" v="urban"/>
    <tag k="one_way" v="yes"/>
    <tag k="participant:vehicle" v="yes"/>
    <tag k="speed_limit" v="40"/>
    <tag k="subtype" v="road"/>
    <tag k="type" v="lanelet"/>
  </relation>
</osm>
