<?xml version="1.0" encoding="UTF-8"?>
<osm version="0.6" upload="false" generator="vectormap-rs 0.1.0">
  <node id="188" visible="true" version="1" lat="0.00000000000" lon="0.00000000000">
    <tag k="ele" v="28.033749999999998"/>
    <tag k="local_x" v="-9338.572414855731"/>
    <tag k="local_y" v="-40851.15922431803"/>
  </node>
  <node id="189" visible="true" version="1" lat="0.00000000000" lon="0.00000000000">
    <tag k="ele" v="28.0565"/>
    <tag k="local_x" v="-9336.989132270823"/>
    <tag k="local_y" v="-40849.95239751528"/>
  </node>
  <node id="190" visible="true" version="1" lat="0.00000000000" lon="0.00000000000">
    <tag k="ele" v="28.131249999999998"/>
    <tag k="local_x" v="-9335.248761035355"/>
    <tag k="local_y" v="-40848.92138165792"/>
  </node>
  <node id="191" visible="true" version="1" lat="0.00000000000" lon="0.00000000000">
    <tag k="ele" v="28.160749999999997"/>
    <tag k="local_x" v="-9333.429014819869"/>
    <tag k="local_y" v="-40847.972141516206"/>
  </node>
  <node id="192" visible="true" version="1" lat="0.00000000000" lon="0.00000000000">
    <tag k="ele" v="28.075999999999997"/>
    <tag k="local_x" v="-9336.107946537457"/>
    <tag k="local_y" v="-40853.92018783233"/>
  </node>
  <node id="193" visible="true" version="1" lat="0.00000000000" lon="0.00000000000">
    <tag k="ele" v="28.107999999999997"/>
    <tag k="local_x" v="-9334.456106353631"/>
    <tag k="local_y" v="-40852.7614075643"/>
  </node>
  <node id="194" visible="true" version="1" lat="0.00000000000" lon="0.00000000000">
    <tag k="ele" v="28.131249999999998"/>
    <tag k="local_x" v="-9332.729716895807"/>
    <tag k="local_y" v="-40851.678236230466"/>
  </node>
  <node id="195" visible="true" version="1" lat="0.00000000000" lon="0.00000000000">
    <tag k="ele" v="28.160749999999997"/>
    <tag k="local_x" v="-9331.004212542457"/>
    <tag k="local_y" v="-40850.58415421039"/>
  </node>
  <node id="196" visible="true" version="1" lat="0.00000000000" lon="0.00000000000">
    <tag k="ele" v="28.075999999999997"/>
    <tag k="local_x" v="-9333.777124867653"/>
    <tag k="local_y" v="-40856.531425940346"/>
  </node>
  <node id="197" visible="true" version="1" lat="0.00000000000" lon="0.00000000000">
    <tag k="ele" v="28.107999999999997"/>
    <tag k="local_x" v="-9332.112309619952"/>
    <tag k="local_y" v="-40855.36057109164"/>
  </node>
  <node id="198" visible="true" version="1" lat="0.00000000000" lon="0.00000000000">
    <tag k="ele" v="28.131249999999998"/>
    <tag k="local_x" v="-9330.369417103895"/>
    <tag k="local_y" v="-40854.26136019076"/>
  </node>
  <node id="199" visible="true" version="1" lat="0.00000000000" lon="0.00000000000">
    <tag k="ele" v="28.160749999999997"/>
    <tag k="local_x" v="-9328.62455666589"/>
    <tag k="local_y" v="-40853.14753490962"/>
  </node>
  <node id="200" visible="true" version="1" lat="0.00000000000" lon="0.00000000000">
    <tag k="ele" v="28.088749999999997"/>
    <tag k="local_x" v="-9330.54224240191"/>
    <tag k="local_y" v="-40860.15549056912"/>
  </node>
  <node id="201" visible="true" version="1" lat="0.00000000000" lon="0.00000000000">
    <tag k="ele" v="28.115"/>
    <tag k="local_x" v="-9328.952839307407"/>
    <tag k="local_y" v="-40858.86427936295"/>
  </node>
  <node id="202" visible="true" version="1" lat="0.00000000000" lon="0.00000000000">
    <tag k="ele" v="28.14175"/>
    <tag k="local_x" v="-9327.402574871265"/>
    <tag k="local_y" v="-40857.508287247976"/>
  </node>
  <node id="203" visible="true" version="1" lat="0.00000000000" lon="0.00000000000">
    <tag k="ele" v="28.160749999999997"/>
    <tag k="local_x" v="-9325.893429067728"/>
    <tag k="local_y" v="-40856.08952322029"/>
  </node>
  <node id="204" visible="true" version="1" lat="0.00000000000" lon="0.00000000000">
    <tag k="ele" v="28.075999999999997"/>
    <tag k="local_x" v="-9329.073881685485"/>
    <tag k="local_y" v="-40861.80050679183"/>
  </node>
  <node id="205" visible="true" version="1" lat="0.00000000000" lon="0.00000000000">
    <tag k="ele" v="28.107999999999997"/>
    <tag k="local_x" v="-9327.386157853436"/>
    <tag k="local_y" v="-40860.601657538966"/>
  </node>
  <node id="206" visible="true" version="1" lat="0.00000000000" lon="0.00000000000">
    <tag k="ele" v="28.131249999999998"/>
    <tag k="local_x" v="-9325.497130403763"/>
    <tag k="local_y" v="-40859.59361525414"/>
  </node>
  <node id="207" visible="true" version="1" lat="0.00000000000" lon="0.00000000000">
    <tag k="ele" v="28.113999999999997"/>
    <tag k="local_x" v="-9323.668408101217"/>
    <tag k="local_y" v="-40858.4863301944"/>
  </node>
  <node id="208" visible="true" version="1" lat="0.00000000000" lon="0.00000000000">
    <tag k="ele" v="28.075999999999997"/>
    <tag k="local_x" v="-9326.785066981174"/>
    <tag k="local_y" v="-40864.364684161344"/>
  </node>
  <node id="209" visible="true" version="1" lat="0.00000000000" lon="0.00000000000">
    <tag k="ele" v="28.107999999999997"/>
    <tag k="local_x" v="-9325.080659258469"/>
    <tag k="local_y" v="-40863.1583501797"/>
  </node>
  <node id="210" visible="true" version="1" lat="0.00000000000" lon="0.00000000000">
    <tag k="ele" v="28.131249999999998"/>
    <tag k="local_x" v="-9323.286595276586"/>
    <tag k="local_y" v="-40862.0128360123"/>
  </node>
  <node id="211" visible="true" version="1" lat="0.00000000000" lon="0.00000000000">
    <tag k="ele" v="28.160749999999997"/>
    <tag k="local_x" v="-9321.480616024754"/>
    <tag k="local_y" v="-40860.8430339674"/>
  </node>
  <node id="212" visible="true" version="1" lat="0.00000000000" lon="0.00000000000">
    <tag k="ele" v="28.075999999999997"/>
    <tag k="local_x" v="-9324.433602729463"/>
    <tag k="local_y" v="-40866.999048318525"/>
  </node>
  <node id="213" visible="true" version="1" lat="0.00000000000" lon="0.00000000000">
    <tag k="ele" v="28.107999999999997"/>
    <tag k="local_x" v="-9322.698379582687"/>
    <tag k="local_y" v="-40865.800189532165"/>
  </node>
  <node id="214" visible="true" version="1" lat="0.00000000000" lon="0.00000000000">
    <tag k="ele" v="28.131249999999998"/>
    <tag k="local_x" v="-9320.780421060088"/>
    <tag k="local_y" v="-40864.75560567635"/>
  </node>
  <node id="215" visible="true" version="1" lat="0.00000000000" lon="0.00000000000">
    <tag k="ele" v="28.028499999999998"/>
    <tag k="local_x" v="-9318.906321246868"/>
    <tag k="local_y" v="-40863.61608094985"/>
  </node>
  <node id="216" visible="true" version="1" lat="0.00000000000" lon="0.00000000000">
    <tag k="ele" v="28.221749999999997"/>
    <tag k="local_x" v="-9330.50953539652"/>
    <tag k="local_y" v="-40845.29209931633"/>
  </node>
  <node id="217" visible="true" version="1" lat="0.00000000000" lon="0.00000000000">
    <tag k="ele" v="28.245749999999997"/>
    <tag k="local_x" v="-9329.275923993027"/>
    <tag k="local_y" v="-40843.722912674064"/>
  </node>
  <node id="218" visible="true" version="1" lat="0.00000000000" lon="0.00000000000">
    <tag k="ele" v="28.24"/>
    <tag k="local_x" v="-9328.111332415236"/>
    <tag k="local_y" v="-40842.094277024466"/>
  </node>
  <node id="219" visible="true" version="1" lat="0.00000000000" lon="0.00000000000">
    <tag k="ele" v="28.264"/>
    <tag k="local_x" v="-9326.83757579101"/>
    <tag k="local_y" v="-40840.583741361115"/>
  </node>
  <node id="220" visible="true" version="1" lat="0.00000000000" lon="0.00000000000">
    <tag k="ele" v="28.296249999999997"/>
    <tag k="local_x" v="-9325.49545642095"/>
    <tag k="local_y" v="-40839.14403966368"/>
  </node>
  <node id="221" visible="true" version="1" lat="0.00000000000" lon="0.00000000000">
    <tag k="ele" v="28.3295"/>
    <tag k="local_x" v="-9324.13323134003"/>
    <tag k="local_y" v="-40837.724130296425"/>
  </node>
  <node id="222" visible="true" version="1" lat="0.00000000000" lon="0.00000000000">
    <tag k="ele" v="28.345249999999997"/>
    <tag k="local_x" v="-9322.75978299843"/>
    <tag k="local_y" v="-40836.312991652216"/>
  </node>
  <node id="223" visible="true" version="1" lat="0.00000000000" lon="0.00000000000">
    <tag k="ele" v="28.380499999999998"/>
    <tag k="local_x" v="-9321.371532282297"/>
    <tag k="local_y" v="-40834.912732998055"/>
  </node>
  <node id="224" visible="true" version="1" lat="0.00000000000" lon="0.00000000000">
    <tag k="ele" v="28.418499999999998"/>
    <tag k="local_x" v="-9320.037353618583"/>
    <tag k="local_y" v="-40833.46330107533"/>
  </node>
  <node id="225" visible="true" version="1" lat="0.00000000000" lon="0.00000000000">
    <tag k="ele" v="28.440749999999998"/>
    <tag k="local_x" v="-9318.744034340158"/>
    <tag k="local_y" v="-40831.97957990623"/>
  </node>
  <node id="226" visible="true" version="1" lat="0.00000000000" lon="0.00000000000">
    <tag k="ele" v="28.46875"/>
    <tag k="local_x" v="-9317.463084642312"/>
    <tag k="local_y" v="-40830.4866412074"/>
  </node>
  <node id="227" visible="true" version="1" lat="0.00000000000" lon="0.00000000000">
    <tag k="ele" v="28.535999999999998"/>
    <tag k="local_x" v="-9316.174986965008"/>
    <tag k="local_y" v="-40828.99912594738"/>
  </node>
  <node id="228" visible="true" version="1" lat="0.00000000000" lon="0.00000000000">
    <tag k="ele" v="28.5615"/>
    <tag k="local_x" v="-9314.910653775036"/>
    <tag k="local_y" v="-40827.4873695423"/>
  </node>
  <node id="229" visible="true" version="1" lat="0.00000000000" lon="0.00000000000">
    <tag k="ele" v="28.542749999999998"/>
    <tag k="local_x" v="-9313.744706995874"/>
    <tag k="local_y" v="-40826.05120744983"/>
  </node>
  <node id="230" visible="true" version="1" lat="0.00000000000" lon="0.00000000000">
    <tag k="ele" v="28.56675"/>
    <tag k="local_x" v="-9312.92049199855"/>
    <tag k="local_y" v="-40825.024312515714"/>
  </node>
  <node id="231" visible="true" version="1" lat="0.00000000000" lon="0.00000000000">
    <tag k="ele" v="28.6375"/>
    <tag k="local_x" v="-9311.908792682741"/>
    <tag k="local_y" v="-40823.755839815814"/>
  </node>
  <node id="232" visible="true" version="1" lat="0.00000000000" lon="0.00000000000">
    <tag k="ele" v="28.221749999999997"/>
    <tag k="local_x" v="-9327.898080871675"/>
    <tag k="local_y" v="-40848.00378661398"/>
  </node>
  <node id="233" visible="true" version="1" lat="0.00000000000" lon="0.00000000000">
    <tag k="ele" v="28.245749999999997"/>
    <tag k="local_x" v="-9326.54445919201"/>
    <tag k="local_y" v="-40846.502573071244"/>
  </node>
  <node id="234" visible="true" version="1" lat="0.00000000000" lon="0.00000000000">
    <tag k="ele" v="28.270999999999997"/>
    <tag k="local_x" v="-9325.285814988003"/>
    <tag k="local_y" v="-40844.90899268217"/>
  </node>
  <node id="235" visible="true" version="1" lat="0.00000000000" lon="0.00000000000">
    <tag k="ele" v="28.290999999999997"/>
    <tag k="local_x" v="-9324.082380854961"/>
    <tag k="local_y" v="-40843.26774177904"/>
  </node>
  <node id="236" visible="true" version="1" lat="0.00000000000" lon="0.00000000000">
    <tag k="ele" v="28.318749999999998"/>
    <tag k="local_x" v="-9322.85541203237"/>
    <tag k="local_y" v="-40841.657265461596"/>
  </node>
  <node id="237" visible="true" version="1" lat="0.00000000000" lon="0.00000000000">
    <tag k="ele" v="28.3405"/>
    <tag k="local_x" v="-9321.58632838617"/>
    <tag k="local_y" v="-40840.09284394293"/>
  </node>
  <node id="238" visible="true" version="1" lat="0.00000000000" lon="0.00000000000">
    <tag k="ele" v="28.388749999999998"/>
    <tag k="local_x" v="-9320.276991314478"/>
    <tag k="local_y" v="-40838.56939030403"/>
  </node>
  <node id="239" visible="true" version="1" lat="0.00000000000" lon="0.00000000000">
    <tag k="ele" v="28.419249999999998"/>
    <tag k="local_x" v="-9318.923177337887"/>
    <tag k="local_y" v="-40837.08717402961"/>
  </node>
  <node id="240" visible="true" version="1" lat="0.00000000000" lon="0.00000000000">
    <tag k="ele" v="28.444"/>
    <tag k="local_x" v="-9317.52456518018"/>
    <tag k="local_y" v="-40835.64269407079"/>
  </node>
  <node id="241" visible="true" version="1" lat="0.00000000000" lon="0.00000000000">
    <tag k="ele" v="28.474999999999998"/>
    <tag k="local_x" v="-9316.109788165537"/>
    <tag k="local_y" v="-40834.20780463494"/>
  </node>
  <node id="242" visible="true" version="1" lat="0.00000000000" lon="0.00000000000">
    <tag k="ele" v="28.5035"/>
    <tag k="local_x" v="-9314.674022961826"/>
    <tag k="local_y" v="-40832.7845030457"/>
  </node>
  <node id="243" visible="true" version="1" lat="0.00000000000" lon="0.00000000000">
    <tag k="ele" v="28.535999999999998"/>
    <tag k="local_x" v="-9313.203439333722"/>
    <tag k="local_y" v="-40831.38185102565"/>
  </node>
  <node id="244" visible="true" version="1" lat="0.00000000000" lon="0.00000000000">
    <tag k="ele" v="28.5615"/>
    <tag k="local_x" v="-9311.71924184706"/>
    <tag k="local_y" v="-40829.982937348606"/>
  </node>
  <node id="245" visible="true" version="1" lat="0.00000000000" lon="0.00000000000">
    <tag k="ele" v="28.591499999999996"/>
    <tag k="local_x" v="-9310.090083789099"/>
    <tag k="local_y" v="-40828.85548425845"/>
  </node>
  <node id="246" visible="true" version="1" lat="0.00000000000" lon="0.00000000000">
    <tag k="ele" v="28.6175"/>
    <tag k="local_x" v="-9309.266466327683"/>
    <tag k="local_y" v="-40827.77195059505"/>
  </node>
  <node id="247" visible="true" version="1" lat="0.00000000000" lon="0.00000000000">
    <tag k="ele" v="28.6375"/>
    <tag k="local_x" v="-9308.60644661155"/>
    <tag k="local_y" v="-40826.21701468781"/>
  </node>
  <node id="248" visible="true" version="1" lat="0.00000000000" lon="0.00000000000">
    <tag k="ele" v="28.221749999999997"/>
    <tag k="local_x" v="-9325.474522349774"/>
    <tag k="local_y" v="-40850.520366089695"/>
  </node>
  <node id="249" visible="true" version="1" lat="0.00000000000" lon="0.00000000000">
    <tag k="ele" v="28.245749999999997"/>
    <tag k="local_x" v="-9324.095693316218"/>
    <tag k="local_y" v="-40848.99454643453"/>
  </node>
  <node id="250" visible="true" version="1" lat="0.00000000000" lon="0.00000000000">
    <tag k="ele" v="28.270999999999997"/>
    <tag k="local_x" v="-9322.807065730382"/>
    <tag k="local_y" v="-40847.37826584244"/>
  </node>
  <node id="251" visible="true" version="1" lat="0.00000000000" lon="0.00000000000">
    <tag k="ele" v="28.290999999999997"/>
    <tag k="local_x" v="-9321.565501193367"/>
    <tag k="local_y" v="-40845.719585013496"/>
  </node>
  <node id="252" visible="true" version="1" lat="0.00000000000" lon="0.00000000000">
    <tag k="ele" v="28.318749999999998"/>
    <tag k="local_x" v="-9320.288757663371"/>
    <tag k="local_y" v="-40844.10062664234"/>
  </node>
  <node id="253" visible="true" version="1" lat="0.00000000000" lon="0.00000000000">
    <tag k="ele" v="28.3405"/>
    <tag k="local_x" v="-9318.957230884978"/>
    <tag k="local_y" v="-40842.53800154881"/>
  </node>
  <node id="254" visible="true" version="1" lat="0.00000000000" lon="0.00000000000">
    <tag k="ele" v="28.377999999999997"/>
    <tag k="local_x" v="-9317.579815854759"/>
    <tag k="local_y" v="-40841.02062417532"/>
  </node>
  <node id="255" visible="true" version="1" lat="0.00000000000" lon="0.00000000000">
    <tag k="ele" v="28.419249999999998"/>
    <tag k="local_x" v="-9316.17572416651"/>
    <tag k="local_y" v="-40839.52725116049"/>
  </node>
  <node id="256" visible="true" version="1" lat="0.00000000000" lon="0.00000000000">
    <tag k="ele" v="28.49375"/>
    <tag k="local_x" v="-9314.77380725735"/>
    <tag k="local_y" v="-40838.02848288516"/>
  </node>
  <node id="257" visible="true" version="1" lat="0.00000000000" lon="0.00000000000">
    <tag k="ele" v="28.52425"/>
    <tag k="local_x" v="-9313.384354179681"/>
    <tag k="local_y" v="-40836.51316222158"/>
  </node>
  <node id="258" visible="true" version="1" lat="0.00000000000" lon="0.00000000000">
    <tag k="ele" v="28.5035"/>
    <tag k="local_x" v="-9311.954954391049"/>
    <tag k="local_y" v="-40835.02469871734"/>
  </node>
  <node id="259" visible="true" version="1" lat="0.00000000000" lon="0.00000000000">
    <tag k="ele" v="28.535999999999998"/>
    <tag k="local_x" v="-9310.473226654012"/>
    <tag k="local_y" v="-40833.57106251682"/>
  </node>
  <node id="260" visible="true" version="1" lat="0.00000000000" lon="0.00000000000">
    <tag k="ele" v="28.5615"/>
    <tag k="local_x" v="-9308.963234988685"/>
    <tag k="local_y" v="-40832.138034260235"/>
  </node>
  <node id="261" visible="true" version="1" lat="0.00000000000" lon="0.00000000000">
    <tag k="ele" v="28.591499999999996"/>
    <tag k="local_x" v="-9307.313341884159"/>
    <tag k="local_y" v="-40830.98614246505"/>
  </node>
  <node id="262" visible="true" version="1" lat="0.00000000000" lon="0.00000000000">
    <tag k="ele" v="28.6175"/>
    <tag k="local_x" v="-9306.469084452245"/>
    <tag k="local_y" v="-40829.875436901864"/>
  </node>
  <node id="263" visible="true" version="1" lat="0.00000000000" lon="0.00000000000">
    <tag k="ele" v="28.6375"/>
    <tag k="local_x" v="-9305.80010236313"/>
    <tag k="local_y" v="-40828.30852896206"/>
  </node>
  <node id="264" visible="true" version="1" lat="0.00000000000" lon="0.00000000000">
    <tag k="ele" v="28.221749999999997"/>
    <tag k="local_x" v="-9323.009756742364"/>
    <tag k="local_y" v="-40853.0797342601"/>
  </node>
  <node id="265" visible="true" version="1" lat="0.00000000000" lon="0.00000000000">
    <tag k="ele" v="28.245749999999997"/>
    <tag k="local_x" v="-9321.658206811979"/>
    <tag k="local_y" v="-40851.475041406295"/>
  </node>
  <node id="266" visible="true" version="1" lat="0.00000000000" lon="0.00000000000">
    <tag k="ele" v="28.270999999999997"/>
    <tag k="local_x" v="-9320.358664372478"/>
    <tag k="local_y" v="-40849.81730712105"/>
  </node>
  <node id="267" visible="true" version="1" lat="0.00000000000" lon="0.00000000000">
    <tag k="ele" v="28.290999999999997"/>
    <tag k="local_x" v="-9319.091956916165"/>
    <tag k="local_y" v="-40848.12921265433"/>
  </node>
  <node id="268" visible="true" version="1" lat="0.00000000000" lon="0.00000000000">
    <tag k="ele" v="28.318749999999998"/>
    <tag k="local_x" v="-9317.793116163943"/>
    <tag k="local_y" v="-40846.47638616588"/>
  </node>
  <node id="269" visible="true" version="1" lat="0.00000000000" lon="0.00000000000">
    <tag k="ele" v="28.3405"/>
    <tag k="local_x" v="-9316.45211908729"/>
    <tag k="local_y" v="-40844.86784787933"/>
  </node>
  <node id="270" visible="true" version="1" lat="0.00000000000" lon="0.00000000000">
    <tag k="ele" v="28.377999999999997"/>
    <tag k="local_x" v="-9315.07776502259"/>
    <tag k="local_y" v="-40843.294525832454"/>
  </node>
  <node id="271" visible="true" version="1" lat="0.00000000000" lon="0.00000000000">
    <tag k="ele" v="28.544999999999998"/>
    <tag k="local_x" v="-9313.673604072806"/>
    <tag k="local_y" v="-40841.74944227296"/>
  </node>
  <node id="272" visible="true" version="1" lat="0.00000000000" lon="0.00000000000">
    <tag k="ele" v="28.444"/>
    <tag k="local_x" v="-9312.22911987761"/>
    <tag k="local_y" v="-40840.235542487266"/>
  </node>
  <node id="273" visible="true" version="1" lat="0.00000000000" lon="0.00000000000">
    <tag k="ele" v="28.474999999999998"/>
    <tag k="local_x" v="-9310.79469970361"/>
    <tag k="local_y" v="-40838.70366825629"/>
  </node>
  <node id="274" visible="true" version="1" lat="0.00000000000" lon="0.00000000000">
    <tag k="ele" v="28.627249999999997"/>
    <tag k="local_x" v="-9309.391869887957"/>
    <tag k="local_y" v="-40837.13638169274"/>
  </node>
  <node id="275" visible="true" version="1" lat="0.00000000000" lon="0.00000000000">
    <tag k="ele" v="28.639"/>
    <tag k="local_x" v="-9308.027732837943"/>
    <tag k="local_y" v="-40835.53197318268"/>
  </node>
  <node id="276" visible="true" version="1" lat="0.00000000000" lon="0.00000000000">
    <tag k="ele" v="28.741749999999996"/>
    <tag k="local_x" v="-9306.701139581695"/>
    <tag k="local_y" v="-40833.9069104191"/>
  </node>
  <node id="277" visible="true" version="1" lat="0.00000000000" lon="0.00000000000">
    <tag k="ele" v="28.733749999999997"/>
    <tag k="local_x" v="-9305.542475476677"/>
    <tag k="local_y" v="-40832.34496916665"/>
  </node>
  <node id="278" visible="true" version="1" lat="0.00000000000" lon="0.00000000000">
    <tag k="ele" v="28.688249999999996"/>
    <tag k="local_x" v="-9304.735034138386"/>
    <tag k="local_y" v="-40831.17935293942"/>
  </node>
  <node id="279" visible="true" version="1" lat="0.00000000000" lon="0.00000000000">
    <tag k="ele" v="28.710499999999996"/>
    <tag k="local_x" v="-9303.798621919013"/>
    <tag k="local_y" v="-40829.800193757226"/>
  </node>
  <node id="280" visible="true" version="1" lat="0.00000000000" lon="0.00000000000">
    <tag k="ele" v="28.221749999999997"/>
    <tag k="local_x" v="-9320.527592614366"/>
    <tag k="local_y" v="-40855.6571687406"/>
  </node>
  <node id="281" visible="true" version="1" lat="0.00000000000" lon="0.00000000000">
    <tag k="ele" v="28.245749999999997"/>
    <tag k="local_x" v="-9319.147527519113"/>
    <tag k="local_y" v="-40854.03002062396"/>
  </node>
  <node id="282" visible="true" version="1" lat="0.00000000000" lon="0.00000000000">
    <tag k="ele" v="28.270999999999997"/>
    <tag k="local_x" v="-9317.835961198994"/>
    <tag k="local_y" v="-40852.33036616422"/>
  </node>
  <node id="283" visible="true" version="1" lat="0.00000000000" lon="0.00000000000">
    <tag k="ele" v="28.290999999999997"/>
    <tag k="local_x" v="-9316.552397898593"/>
    <tag k="local_y" v="-40850.6031492079"/>
  </node>
  <node id="284" visible="true" version="1" lat="0.00000000000" lon="0.00000000000">
    <tag k="ele" v="28.318749999999998"/>
    <tag k="local_x" v="-9315.220852761251"/>
    <tag k="local_y" v="-40848.92508694176"/>
  </node>
  <node id="285" visible="true" version="1" lat="0.00000000000" lon="0.00000000000">
    <tag k="ele" v="28.3405"/>
    <tag k="local_x" v="-9313.82820259207"/>
    <tag k="local_y" v="-40847.308186958646"/>
  </node>
  <node id="286" visible="true" version="1" lat="0.00000000000" lon="0.00000000000">
    <tag k="ele" v="28.377999999999997"/>
    <tag k="local_x" v="-9312.389541317289"/>
    <tag k="local_y" v="-40845.73762421386"/>
  </node>
  <node id="287" visible="true" version="1" lat="0.00000000000" lon="0.00000000000">
    <tag k="ele" v="28.419249999999998"/>
    <tag k="local_x" v="-9310.92977683317"/>
    <tag k="local_y" v="-40844.18629912943"/>
  </node>
  <node id="288" visible="true" version="1" lat="0.00000000000" lon="0.00000000000">
    <tag k="ele" v="28.444"/>
    <tag k="local_x" v="-9309.485013653511"/>
    <tag k="local_y" v="-40842.61556214678"/>
  </node>
  <node id="289" visible="true" version="1" lat="0.00000000000" lon="0.00000000000">
    <tag k="ele" v="28.474999999999998"/>
    <tag k="local_x" v="-9308.07647745649"/>
    <tag k="local_y" v="-40841.0029256634"/>
  </node>
  <node id="290" visible="true" version="1" lat="0.00000000000" lon="0.00000000000">
    <tag k="ele" v="28.5035"/>
    <tag k="local_x" v="-9306.721770466513"/>
    <tag k="local_y" v="-40839.336232491296"/>
  </node>
  <node id="291" visible="true" version="1" lat="0.00000000000" lon="0.00000000000">
    <tag k="ele" v="28.535999999999998"/>
    <tag k="local_x" v="-9305.436101269739"/>
    <tag k="local_y" v="-40837.610063894135"/>
  </node>
  <node id="292" visible="true" version="1" lat="0.00000000000" lon="0.00000000000">
    <tag k="ele" v="28.5615"/>
    <tag k="local_x" v="-9304.232738419521"/>
    <tag k="local_y" v="-40835.837110159024"/>
  </node>
  <node id="293" visible="true" version="1" lat="0.00000000000" lon="0.00000000000">
    <tag k="ele" v="28.660749999999997"/>
    <tag k="local_x" v="-9303.1179386921"/>
    <tag k="local_y" v="-40834.20537224843"/>
  </node>
  <node id="294" visible="true" version="1" lat="0.00000000000" lon="0.00000000000">
    <tag k="ele" v="28.6865"/>
    <tag k="local_x" v="-9302.224318676725"/>
    <tag k="local_y" v="-40833.06728094821"/>
  </node>
  <node id="295" visible="true" version="1" lat="0.00000000000" lon="0.00000000000">
    <tag k="ele" v="28.6375"/>
    <tag k="local_x" v="-9300.989226508698"/>
    <tag k="local_y" v="-40831.89398200362"/>
  </node>
  <node id="296" visible="true" version="1" lat="0.00000000000" lon="0.00000000000">
    <tag k="ele" v="28.221749999999997"/>
    <tag k="local_x" v="-9318.190187533155"/>
    <tag k="local_y" v="-40858.084288036735"/>
  </node>
  <node id="297" visible="true" version="1" lat="0.00000000000" lon="0.00000000000">
    <tag k="ele" v="28.245749999999997"/>
    <tag k="local_x" v="-9316.735229575874"/>
    <tag k="local_y" v="-40856.48488259271"/>
  </node>
  <node id="298" visible="true" version="1" lat="0.00000000000" lon="0.00000000000">
    <tag k="ele" v="28.270999999999997"/>
    <tag k="local_x" v="-9315.367395542473"/>
    <tag k="local_y" v="-40854.789494654644"/>
  </node>
  <node id="299" visible="true" version="1" lat="0.00000000000" lon="0.00000000000">
    <tag k="ele" v="28.290999999999997"/>
    <tag k="local_x" v="-9314.044819014029"/>
    <tag k="local_y" v="-40853.04593199835"/>
  </node>
  <node id="300" visible="true" version="1" lat="0.00000000000" lon="0.00000000000">
    <tag k="ele" v="28.318749999999998"/>
    <tag k="local_x" v="-9312.687531494817"/>
    <tag k="local_y" v="-40851.336716226775"/>
  </node>
  <node id="301" visible="true" version="1" lat="0.00000000000" lon="0.00000000000">
    <tag k="ele" v="28.3405"/>
    <tag k="local_x" v="-9311.278483976392"/>
    <tag k="local_y" v="-40849.67951927446"/>
  </node>
  <node id="302" visible="true" version="1" lat="0.00000000000" lon="0.00000000000">
    <tag k="ele" v="28.377999999999997"/>
    <tag k="local_x" v="-9309.828196188837"/>
    <tag k="local_y" v="-40848.065413424716"/>
  </node>
  <node id="303" visible="true" version="1" lat="0.00000000000" lon="0.00000000000">
    <tag k="ele" v="28.419249999999998"/>
    <tag k="local_x" v="-9308.352628392013"/>
    <tag k="local_y" v="-40846.475124664175"/>
  </node>
  <node id="304" visible="true" version="1" lat="0.00000000000" lon="0.00000000000">
    <tag k="ele" v="28.444"/>
    <tag k="local_x" v="-9306.870622117613"/>
    <tag k="local_y" v="-40844.88307759441"/>
  </node>
  <node id="305" visible="true" version="1" lat="0.00000000000" lon="0.00000000000">
    <tag k="ele" v="28.474999999999998"/>
    <tag k="local_x" v="-9305.375411505243"/>
    <tag k="local_y" v="-40843.287671107624"/>
  </node>
  <node id="306" visible="true" version="1" lat="0.00000000000" lon="0.00000000000">
    <tag k="ele" v="28.5035"/>
    <tag k="local_x" v="-9303.848678493667"/>
    <tag k="local_y" v="-40841.70332549915"/>
  </node>
  <node id="307" visible="true" version="1" lat="0.00000000000" lon="0.00000000000">
    <tag k="ele" v="28.535999999999998"/>
    <tag k="local_x" v="-9302.276046658199"/>
    <tag k="local_y" v="-40840.143942635426"/>
  </node>
  <node id="308" visible="true" version="1" lat="0.00000000000" lon="0.00000000000">
    <tag k="ele" v="28.5615"/>
    <tag k="local_x" v="-9300.6907194881"/>
    <tag k="local_y" v="-40838.606839863016"/>
  </node>
  <node id="309" visible="true" version="1" lat="0.00000000000" lon="0.00000000000">
    <tag k="ele" v="28.591499999999996"/>
    <tag k="local_x" v="-9298.983116169336"/>
    <tag k="local_y" v="-40837.378117084845"/>
  </node>
  <node id="310" visible="true" version="1" lat="0.00000000000" lon="0.00000000000">
    <tag k="ele" v="28.6175"/>
    <tag k="local_x" v="-9298.076938825929"/>
    <tag k="local_y" v="-40836.18589582232"/>
  </node>
  <node id="311" visible="true" version="1" lat="0.00000000000" lon="0.00000000000">
    <tag k="ele" v="28.6375"/>
    <tag k="local_x" v="-9297.381069617872"/>
    <tag k="local_y" v="-40834.583071784786"/>
  </node>
  <node id="312" visible="true" version="1" lat="0.00000000000" lon="0.00000000000">
    <tag k="ele" v="28.221749999999997"/>
    <tag k="local_x" v="-9315.669141430033"/>
    <tag k="local_y" v="-40860.70209685922"/>
  </node>
  <node id="313" visible="true" version="1" lat="0.00000000000" lon="0.00000000000">
    <tag k="ele" v="28.245749999999997"/>
    <tag k="local_x" v="-9314.238667581969"/>
    <tag k="local_y" v="-40859.025495417365"/>
  </node>
  <node id="314" visible="true" version="1" lat="0.00000000000" lon="0.00000000000">
    <tag k="ele" v="28.270999999999997"/>
    <tag k="local_x" v="-9312.875579680847"/>
    <tag k="local_y" v="-40857.27178446614"/>
  </node>
  <node id="315" visible="true" version="1" lat="0.00000000000" lon="0.00000000000">
    <tag k="ele" v="28.290999999999997"/>
    <tag k="local_x" v="-9311.540688309211"/>
    <tag k="local_y" v="-40855.485355710385"/>
  </node>
  <node id="316" visible="true" version="1" lat="0.00000000000" lon="0.00000000000">
    <tag k="ele" v="28.318749999999998"/>
    <tag k="local_x" v="-9310.160156427066"/>
    <tag k="local_y" v="-40853.74268494789"/>
  </node>
  <node id="317" visible="true" version="1" lat="0.00000000000" lon="0.00000000000">
    <tag k="ele" v="28.3405"/>
    <tag k="local_x" v="-9308.722689872271"/>
    <tag k="local_y" v="-40852.05650201851"/>
  </node>
  <node id="318" visible="true" version="1" lat="0.00000000000" lon="0.00000000000">
    <tag k="ele" v="28.377999999999997"/>
    <tag k="local_x" v="-9307.242855218512"/>
    <tag k="local_y" v="-40850.41501041976"/>
  </node>
  <node id="319" visible="true" version="1" lat="0.00000000000" lon="0.00000000000">
    <tag k="ele" v="28.419249999999998"/>
    <tag k="local_x" v="-9305.7382295454"/>
    <tag k="local_y" v="-40848.79703315131"/>
  </node>
  <node id="320" visible="true" version="1" lat="0.00000000000" lon="0.00000000000">
    <tag k="ele" v="28.444"/>
    <tag k="local_x" v="-9304.227504284254"/>
    <tag k="local_y" v="-40847.17550794953"/>
  </node>
  <node id="321" visible="true" version="1" lat="0.00000000000" lon="0.00000000000">
    <tag k="ele" v="28.474999999999998"/>
    <tag k="local_x" v="-9302.703254708405"/>
    <tag k="local_y" v="-40845.5479632212"/>
  </node>
  <node id="322" visible="true" version="1" lat="0.00000000000" lon="0.00000000000">
    <tag k="ele" v="28.5035"/>
    <tag k="local_x" v="-9301.147120612886"/>
    <tag k="local_y" v="-40843.92909440261"/>
  </node>
  <node id="323" visible="true" version="1" lat="0.00000000000" lon="0.00000000000">
    <tag k="ele" v="28.535999999999998"/>
    <tag k="local_x" v="-9299.545148516981"/>
    <tag k="local_y" v="-40842.333703761506"/>
  </node>
  <node id="324" visible="true" version="1" lat="0.00000000000" lon="0.00000000000">
    <tag k="ele" v="28.5615"/>
    <tag k="local_x" v="-9297.93358889836"/>
    <tag k="local_y" v="-40840.76281549162"/>
  </node>
  <node id="325" visible="true" version="1" lat="0.00000000000" lon="0.00000000000">
    <tag k="ele" v="28.591499999999996"/>
    <tag k="local_x" v="-9296.206374264395"/>
    <tag k="local_y" v="-40839.50877529144"/>
  </node>
  <node id="326" visible="true" version="1" lat="0.00000000000" lon="0.00000000000">
    <tag k="ele" v="28.6175"/>
    <tag k="local_x" v="-9295.27955695049"/>
    <tag k="local_y" v="-40838.289382129136"/>
  </node>
  <node id="327" visible="true" version="1" lat="0.00000000000" lon="0.00000000000">
    <tag k="ele" v="28.6375"/>
    <tag k="local_x" v="-9294.574725369452"/>
    <tag k="local_y" v="-40836.67458605903"/>
  </node>
  <node id="328" visible="true" version="1" lat="0.00000000000" lon="0.00000000000">
    <tag k="ele" v="28.769499999999997"/>
    <tag k="local_x" v="-9298.149440881374"/>
    <tag k="local_y" v="-40802.216651015224"/>
  </node>
  <node id="329" visible="true" version="1" lat="0.00000000000" lon="0.00000000000">
    <tag k="ele" v="28.7475"/>
    <tag k="local_x" v="-9297.102540418728"/>
    <tag k="local_y" v="-40799.955275436274"/>
  </node>
  <node id="330" visible="true" version="1" lat="0.00000000000" lon="0.00000000000">
    <tag k="ele" v="28.737499999999997"/>
    <tag k="local_x" v="-9296.520997217016"/>
    <tag k="local_y" v="-40798.5956597997"/>
  </node>
  <node id="331" visible="true" version="1" lat="0.00000000000" lon="0.00000000000">
    <tag k="ele" v="28.722749999999998"/>
    <tag k="local_x" v="-9295.749572124934"/>
    <tag k="local_y" v="-40796.767215402615"/>
  </node>
  <node id="332" visible="true" version="1" lat="0.00000000000" lon="0.00000000000">
    <tag k="ele" v="28.726"/>
    <tag k="local_x" v="-9295.055384856121"/>
    <tag k="local_y" v="-40795.07461269433"/>
  </node>
  <node id="333" visible="true" version="1" lat="0.00000000000" lon="0.00000000000">
    <tag k="ele" v="28.723249999999997"/>
    <tag k="local_x" v="-9294.575873175376"/>
    <tag k="local_y" v="-40793.876745574315"/>
  </node>
  <node id="334" visible="true" version="1" lat="0.00000000000" lon="0.00000000000">
    <tag k="ele" v="28.7095"/>
    <tag k="local_x" v="-9294.05234232805"/>
    <tag k="local_y" v="-40792.527788281375"/>
  </node>
  <node id="335" visible="true" version="1" lat="0.00000000000" lon="0.00000000000">
    <tag k="ele" v="28.769499999999997"/>
    <tag k="local_x" v="-9295.01066426168"/>
    <tag k="local_y" v="-40803.682836823486"/>
  </node>
  <node id="336" visible="true" version="1" lat="0.00000000000" lon="0.00000000000">
    <tag k="ele" v="28.752"/>
    <tag k="local_x" v="-9293.921673758381"/>
    <tag k="local_y" v="-40801.421937354964"/>
  </node>
  <node id="337" visible="true" version="1" lat="0.00000000000" lon="0.00000000000">
    <tag k="ele" v="28.740249999999996"/>
    <tag k="local_x" v="-9293.2921905768"/>
    <tag k="local_y" v="-40800.03254880456"/>
  </node>
  <node id="338" visible="true" version="1" lat="0.00000000000" lon="0.00000000000">
    <tag k="ele" v="28.733249999999998"/>
    <tag k="local_x" v="-9292.494019527136"/>
    <tag k="local_y" v="-40798.179447602604"/>
  </node>
  <node id="339" visible="true" version="1" lat="0.00000000000" lon="0.00000000000">
    <tag k="ele" v="28.726"/>
    <tag k="local_x" v="-9291.796130634888"/>
    <tag k="local_y" v="-40796.45216734542"/>
  </node>
  <node id="340" visible="true" version="1" lat="0.00000000000" lon="0.00000000000">
    <tag k="ele" v="28.723249999999997"/>
    <tag k="local_x" v="-9291.313827910555"/>
    <tag k="local_y" v="-40795.21890128996"/>
  </node>
  <node id="341" visible="true" version="1" lat="0.00000000000" lon="0.00000000000">
    <tag k="ele" v="28.7095"/>
    <tag k="local_x" v="-9290.796685130146"/>
    <tag k="local_y" v="-40793.85070753573"/>
  </node>
  <node id="342" visible="true" version="1" lat="0.00000000000" lon="0.00000000000">
    <tag k="ele" v="28.769499999999997"/>
    <tag k="local_x" v="-9291.839574564947"/>
    <tag k="local_y" v="-40805.164116721164"/>
  </node>
  <node id="343" visible="true" version="1" lat="0.00000000000" lon="0.00000000000">
    <tag k="ele" v="28.752"/>
    <tag k="local_x" v="-9290.74327230841"/>
    <tag k="local_y" v="-40802.88746259283"/>
  </node>
  <node id="344" visible="true" version="1" lat="0.00000000000" lon="0.00000000000">
    <tag k="ele" v="28.740249999999996"/>
    <tag k="local_x" v="-9290.094535585446"/>
    <tag k="local_y" v="-40801.455574649815"/>
  </node>
  <node id="345" visible="true" version="1" lat="0.00000000000" lon="0.00000000000">
    <tag k="ele" v="28.733249999999998"/>
    <tag k="local_x" v="-9289.283112201563"/>
    <tag k="local_y" v="-40799.57231304714"/>
  </node>
  <node id="346" visible="true" version="1" lat="0.00000000000" lon="0.00000000000">
    <tag k="ele" v="28.726"/>
    <tag k="local_x" v="-9288.572262515083"/>
    <tag k="local_y" v="-40797.81476572576"/>
  </node>
  <node id="347" visible="true" version="1" lat="0.00000000000" lon="0.00000000000">
    <tag k="ele" v="28.723249999999997"/>
    <tag k="local_x" v="-9288.077091584939"/>
    <tag k="local_y" v="-40796.550643741946"/>
  </node>
  <node id="348" visible="true" version="1" lat="0.00000000000" lon="0.00000000000">
    <tag k="ele" v="28.7095"/>
    <tag k="local_x" v="-9287.554159267385"/>
    <tag k="local_y" v="-40795.1682909408"/>
  </node>
  <node id="349" visible="true" version="1" lat="0.00000000000" lon="0.00000000000">
    <tag k="ele" v="28.769499999999997"/>
    <tag k="local_x" v="-9288.756405569391"/>
    <tag k="local_y" v="-40806.60432708765"/>
  </node>
  <node id="350" visible="true" version="1" lat="0.00000000000" lon="0.00000000000">
    <tag k="ele" v="28.752"/>
    <tag k="local_x" v="-9287.508067472127"/>
    <tag k="local_y" v="-40804.37917923463"/>
  </node>
  <node id="351" visible="true" version="1" lat="0.00000000000" lon="0.00000000000">
    <tag k="ele" v="28.740249999999996"/>
    <tag k="local_x" v="-9286.731482602529"/>
    <tag k="local_y" v="-40802.95220618968"/>
  </node>
  <node id="352" visible="true" version="1" lat="0.00000000000" lon="0.00000000000">
    <tag k="ele" v="28.733249999999998"/>
    <tag k="local_x" v="-9285.735366334424"/>
    <tag k="local_y" v="-40801.11129630741"/>
  </node>
  <node id="353" visible="true" version="1" lat="0.00000000000" lon="0.00000000000">
    <tag k="ele" v="28.784"/>
    <tag k="local_x" v="-9284.851902700639"/>
    <tag k="local_y" v="-40799.38721102098"/>
  </node>
  <node id="354" visible="true" version="1" lat="0.00000000000" lon="0.00000000000">
    <tag k="ele" v="28.770999999999997"/>
    <tag k="local_x" v="-9284.273701279868"/>
    <tag k="local_y" v="-40798.115533748794"/>
  </node>
  <node id="355" visible="true" version="1" lat="0.00000000000" lon="0.00000000000">
    <tag k="ele" v="28.758999999999997"/>
    <tag k="local_x" v="-9283.710051958236"/>
    <tag k="local_y" v="-40796.730323816475"/>
  </node>
  <node id="356" visible="true" version="1" lat="0.00000000000" lon="0.00000000000">
    <tag k="ele" v="28.769499999999997"/>
    <tag k="local_x" v="-9285.497395171484"/>
    <tag k="local_y" v="-40808.126676516535"/>
  </node>
  <node id="357" visible="true" version="1" lat="0.00000000000" lon="0.00000000000">
    <tag k="ele" v="28.752"/>
    <tag k="local_x" v="-9284.386469408466"/>
    <tag k="local_y" v="-40805.81851306856"/>
  </node>
  <node id="358" visible="true" version="1" lat="0.00000000000" lon="0.00000000000">
    <tag k="ele" v="28.740249999999996"/>
    <tag k="local_x" v="-9283.699225602739"/>
    <tag k="local_y" v="-40804.30162634033"/>
  </node>
  <node id="359" visible="true" version="1" lat="0.00000000000" lon="0.00000000000">
    <tag k="ele" v="28.733249999999998"/>
    <tag k="local_x" v="-9282.861297550418"/>
    <tag k="local_y" v="-40802.35804393621"/>
  </node>
  <node id="360" visible="true" version="1" lat="0.00000000000" lon="0.00000000000">
    <tag k="ele" v="28.726"/>
    <tag k="local_x" v="-9282.124526275467"/>
    <tag k="local_y" v="-40800.53996248643"/>
  </node>
  <node id="361" visible="true" version="1" lat="0.00000000000" lon="0.00000000000">
    <tag k="ele" v="28.723249999999997"/>
    <tag k="local_x" v="-9281.603618933703"/>
    <tag k="local_y" v="-40799.21412864592"/>
  </node>
  <node id="362" visible="true" version="1" lat="0.00000000000" lon="0.00000000000">
    <tag k="ele" v="28.7095"/>
    <tag k="local_x" v="-9281.069107541862"/>
    <tag k="local_y" v="-40797.80345775094"/>
  </node>
  <node id="363" visible="true" version="1" lat="0.00000000000" lon="0.00000000000">
    <tag k="ele" v="28.769499999999997"/>
    <tag k="local_x" v="-9282.32630547475"/>
    <tag k="local_y" v="-40809.60795641421"/>
  </node>
  <node id="364" visible="true" version="1" lat="0.00000000000" lon="0.00000000000">
    <tag k="ele" v="28.752"/>
    <tag k="local_x" v="-9281.208067958494"/>
    <tag k="local_y" v="-40807.284038306425"/>
  </node>
  <node id="365" visible="true" version="1" lat="0.00000000000" lon="0.00000000000">
    <tag k="ele" v="28.740249999999996"/>
    <tag k="local_x" v="-9280.501570611386"/>
    <tag k="local_y" v="-40805.72465218559"/>
  </node>
  <node id="366" visible="true" version="1" lat="0.00000000000" lon="0.00000000000">
    <tag k="ele" v="28.733249999999998"/>
    <tag k="local_x" v="-9279.650390224844"/>
    <tag k="local_y" v="-40803.750909380746"/>
  </node>
  <node id="367" visible="true" version="1" lat="0.00000000000" lon="0.00000000000">
    <tag k="ele" v="28.726"/>
    <tag k="local_x" v="-9278.90065815566"/>
    <tag k="local_y" v="-40801.902560866765"/>
  </node>
  <node id="368" visible="true" version="1" lat="0.00000000000" lon="0.00000000000">
    <tag k="ele" v="28.723249999999997"/>
    <tag k="local_x" v="-9278.366882608087"/>
    <tag k="local_y" v="-40800.545871097915"/>
  </node>
  <node id="369" visible="true" version="1" lat="0.00000000000" lon="0.00000000000">
    <tag k="ele" v="28.7095"/>
    <tag k="local_x" v="-9277.8265816791"/>
    <tag k="local_y" v="-40799.12104115602"/>
  </node>
  <node id="370" visible="true" version="1" lat="0.00000000000" lon="0.00000000000">
    <tag k="ele" v="28.769499999999997"/>
    <tag k="local_x" v="-9279.15521577802"/>
    <tag k="local_y" v="-40811.0892363119"/>
  </node>
  <node id="371" visible="true" version="1" lat="0.00000000000" lon="0.00000000000">
    <tag k="ele" v="28.752"/>
    <tag k="local_x" v="-9278.02966650852"/>
    <tag k="local_y" v="-40808.74956354428"/>
  </node>
  <node id="372" visible="true" version="1" lat="0.00000000000" lon="0.00000000000">
    <tag k="ele" v="28.740249999999996"/>
    <tag k="local_x" v="-9277.303915620034"/>
    <tag k="local_y" v="-40807.14767803085"/>
  </node>
  <node id="373" visible="true" version="1" lat="0.00000000000" lon="0.00000000000">
    <tag k="ele" v="28.733249999999998"/>
    <tag k="local_x" v="-9276.439482899274"/>
    <tag k="local_y" v="-40805.14377482529"/>
  </node>
  <node id="374" visible="true" version="1" lat="0.00000000000" lon="0.00000000000">
    <tag k="ele" v="28.726"/>
    <tag k="local_x" v="-9275.676790035854"/>
    <tag k="local_y" v="-40803.2651592471"/>
  </node>
  <node id="375" visible="true" version="1" lat="0.00000000000" lon="0.00000000000">
    <tag k="ele" v="28.723249999999997"/>
    <tag k="local_x" v="-9275.130146282469"/>
    <tag k="local_y" v="-40801.87761354991"/>
  </node>
  <node id="376" visible="true" version="1" lat="0.00000000000" lon="0.00000000000">
    <tag k="ele" v="28.7095"/>
    <tag k="local_x" v="-9274.584055816338"/>
    <tag k="local_y" v="-40800.43862456109"/>
  </node>
  <node id="377" visible="true" version="1" lat="0.00000000000" lon="0.00000000000">
    <tag k="ele" v="28.442749999999997"/>
    <tag k="local_x" v="-9288.562783398824"/>
    <tag k="local_y" v="-40776.64012626491"/>
  </node>
  <node id="378" visible="true" version="1" lat="0.00000000000" lon="0.00000000000">
    <tag k="ele" v="28.390249999999998"/>
    <tag k="local_x" v="-9288.102465696516"/>
    <tag k="local_y" v="-40774.1841109984"/>
  </node>
  <node id="379" visible="true" version="1" lat="0.00000000000" lon="0.00000000000">
    <tag k="ele" v="28.343249999999998"/>
    <tag k="local_x" v="-9287.841534568322"/>
    <tag k="local_y" v="-40772.719720194065"/>
  </node>
  <node id="380" visible="true" version="1" lat="0.00000000000" lon="0.00000000000">
    <tag k="ele" v="28.2995"/>
    <tag k="local_x" v="-9287.506010924168"/>
    <tag k="local_y" v="-40770.7574835313"/>
  </node>
  <node id="381" visible="true" version="1" lat="0.00000000000" lon="0.00000000000">
    <tag k="ele" v="28.238749999999996"/>
    <tag k="local_x" v="-9287.188464642628"/>
    <tag k="local_y" v="-40768.79686766695"/>
  </node>
  <node id="382" visible="true" version="1" lat="0.00000000000" lon="0.00000000000">
    <tag k="ele" v="28.182249999999996"/>
    <tag k="local_x" v="-9286.889784464953"/>
    <tag k="local_y" v="-40766.83370753251"/>
  </node>
  <node id="383" visible="true" version="1" lat="0.00000000000" lon="0.00000000000">
    <tag k="ele" v="28.125749999999996"/>
    <tag k="local_x" v="-9286.59014057019"/>
    <tag k="local_y" v="-40764.87198693958"/>
  </node>
  <node id="384" visible="true" version="1" lat="0.00000000000" lon="0.00000000000">
    <tag k="ele" v="28.04525"/>
    <tag k="local_x" v="-9286.268084498892"/>
    <tag k="local_y" v="-40762.9149554546"/>
  </node>
  <node id="385" visible="true" version="1" lat="0.00000000000" lon="0.00000000000">
    <tag k="ele" v="27.992749999999997"/>
    <tag k="local_x" v="-9285.924775353318"/>
    <tag k="local_y" v="-40760.961233306654"/>
  </node>
  <node id="386" visible="true" version="1" lat="0.00000000000" lon="0.00000000000">
    <tag k="ele" v="27.936249999999998"/>
    <tag k="local_x" v="-9285.57073858522"/>
    <tag k="local_y" v="-40759.00829046041"/>
  </node>
  <node id="387" visible="true" version="1" lat="0.00000000000" lon="0.00000000000">
    <tag k="ele" v="27.85475"/>
    <tag k="local_x" v="-9285.219973457766"/>
    <tag k="local_y" v="-40757.05305159433"/>
  </node>
  <node id="388" visible="true" version="1" lat="0.00000000000" lon="0.00000000000">
    <tag k="ele" v="28.442749999999997"/>
    <tag k="local_x" v="-9285.16796261715"/>
    <tag k="local_y" v="-40777.49231485907"/>
  </node>
  <node id="389" visible="true" version="1" lat="0.00000000000" lon="0.00000000000">
    <tag k="ele" v="28.390249999999998"/>
    <tag k="local_x" v="-9284.70463570339"/>
    <tag k="local_y" v="-40775.023624221605"/>
  </node>
  <node id="390" visible="true" version="1" lat="0.00000000000" lon="0.00000000000">
    <tag k="ele" v="28.343249999999998"/>
    <tag k="local_x" v="-9284.435796436383"/>
    <tag k="local_y" v="-40773.52602988934"/>
  </node>
  <node id="391" visible="true" version="1" lat="0.00000000000" lon="0.00000000000">
    <tag k="ele" v="28.2995"/>
    <tag k="local_x" v="-9284.09447818394"/>
    <tag k="local_y" v="-40771.53793679868"/>
  </node>
  <node id="392" visible="true" version="1" lat="0.00000000000" lon="0.00000000000">
    <tag k="ele" v="28.238749999999996"/>
    <tag k="local_x" v="-9283.769858730466"/>
    <tag k="local_y" v="-40769.54432115821"/>
  </node>
  <node id="393" visible="true" version="1" lat="0.00000000000" lon="0.00000000000">
    <tag k="ele" v="28.182249999999996"/>
    <tag k="local_x" v="-9283.464702502373"/>
    <tag k="local_y" v="-40767.54938389501"/>
  </node>
  <node id="394" visible="true" version="1" lat="0.00000000000" lon="0.00000000000">
    <tag k="ele" v="28.125749999999996"/>
    <tag k="local_x" v="-9283.15892528659"/>
    <tag k="local_y" v="-40765.55721283392"/>
  </node>
  <node id="395" visible="true" version="1" lat="0.00000000000" lon="0.00000000000">
    <tag k="ele" v="28.04525"/>
    <tag k="local_x" v="-9282.830687233183"/>
    <tag k="local_y" v="-40763.57170574409"/>
  </node>
  <node id="396" visible="true" version="1" lat="0.00000000000" lon="0.00000000000">
    <tag k="ele" v="27.992749999999997"/>
    <tag k="local_x" v="-9282.48043630297"/>
    <tag k="local_y" v="-40761.59190792801"/>
  </node>
  <node id="397" visible="true" version="1" lat="0.00000000000" lon="0.00000000000">
    <tag k="ele" v="27.936249999999998"/>
    <tag k="local_x" v="-9282.11779277239"/>
    <tag k="local_y" v="-40759.6152563068"/>
  </node>
  <node id="398" visible="true" version="1" lat="0.00000000000" lon="0.00000000000">
    <tag k="ele" v="27.85475"/>
    <tag k="local_x" v="-9281.756358391"/>
    <tag k="local_y" v="-40757.639189376474"/>
  </node>
  <node id="399" visible="true" version="1" lat="0.00000000000" lon="0.00000000000">
    <tag k="ele" v="28.586"/>
    <tag k="local_x" v="-9282.558275512667"/>
    <tag k="local_y" v="-40778.14741441448"/>
  </node>
  <node id="400" visible="true" version="1" lat="0.00000000000" lon="0.00000000000">
    <tag k="ele" v="28.596249999999998"/>
    <tag k="local_x" v="-9282.128181873066"/>
    <tag k="local_y" v="-40775.66019728851"/>
  </node>
  <node id="401" visible="true" version="1" lat="0.00000000000" lon="0.00000000000">
    <tag k="ele" v="28.488249999999997"/>
    <tag k="local_x" v="-9281.842903105096"/>
    <tag k="local_y" v="-40774.139898293426"/>
  </node>
  <node id="402" visible="true" version="1" lat="0.00000000000" lon="0.00000000000">
    <tag k="ele" v="28.440499999999997"/>
    <tag k="local_x" v="-9281.417887383464"/>
    <tag k="local_y" v="-40772.150258061505"/>
  </node>
  <node id="403" visible="true" version="1" lat="0.00000000000" lon="0.00000000000">
    <tag k="ele" v="28.3605"/>
    <tag k="local_x" v="-9280.906635366186"/>
    <tag k="local_y" v="-40770.17034426673"/>
  </node>
  <node id="404" visible="true" version="1" lat="0.00000000000" lon="0.00000000000">
    <tag k="ele" v="28.342"/>
    <tag k="local_x" v="-9280.437175814903"/>
    <tag k="local_y" v="-40768.18199044596"/>
  </node>
  <node id="405" visible="true" version="1" lat="0.00000000000" lon="0.00000000000">
    <tag k="ele" v="28.285999999999998"/>
    <tag k="local_x" v="-9280.022887203406"/>
    <tag k="local_y" v="-40766.18349079162"/>
  </node>
  <node id="406" visible="true" version="1" lat="0.00000000000" lon="0.00000000000">
    <tag k="ele" v="28.14725"/>
    <tag k="local_x" v="-9279.649803315548"/>
    <tag k="local_y" v="-40764.17944650615"/>
  </node>
  <node id="407" visible="true" version="1" lat="0.00000000000" lon="0.00000000000">
    <tag k="ele" v="28.35025"/>
    <tag k="local_x" v="-9279.287279239034"/>
    <tag k="local_y" v="-40762.17658995052"/>
  </node>
  <node id="408" visible="true" version="1" lat="0.00000000000" lon="0.00000000000">
    <tag k="ele" v="27.936249999999998"/>
    <tag k="local_x" v="-9278.853938303717"/>
    <tag k="local_y" v="-40760.18898329166"/>
  </node>
  <node id="409" visible="true" version="1" lat="0.00000000000" lon="0.00000000000">
    <tag k="ele" v="27.85475"/>
    <tag k="local_x" v="-9278.391315331988"/>
    <tag k="local_y" v="-40758.20864609652"/>
  </node>
  <node id="410" visible="true" version="1" lat="0.00000000000" lon="0.00000000000">
    <tag k="ele" v="28.442749999999997"/>
    <tag k="local_x" v="-9278.47282156613"/>
    <tag k="local_y" v="-40779.172969953084"/>
  </node>
  <node id="411" visible="true" version="1" lat="0.00000000000" lon="0.00000000000">
    <tag k="ele" v="28.381999999999998"/>
    <tag k="local_x" v="-9278.03596401582"/>
    <tag k="local_y" v="-40776.67127524425"/>
  </node>
  <node id="412" visible="true" version="1" lat="0.00000000000" lon="0.00000000000">
    <tag k="ele" v="28.33025"/>
    <tag k="local_x" v="-9277.748880182637"/>
    <tag k="local_y" v="-40775.10915965386"/>
  </node>
  <node id="413" visible="true" version="1" lat="0.00000000000" lon="0.00000000000">
    <tag k="ele" v="28.2995"/>
    <tag k="local_x" v="-9277.36002174843"/>
    <tag k="local_y" v="-40773.078572322156"/>
  </node>
  <node id="414" visible="true" version="1" lat="0.00000000000" lon="0.00000000000">
    <tag k="ele" v="28.238749999999996"/>
    <tag k="local_x" v="-9276.980729790497"/>
    <tag k="local_y" v="-40771.02871516537"/>
  </node>
  <node id="415" visible="true" version="1" lat="0.00000000000" lon="0.00000000000">
    <tag k="ele" v="28.182249999999996"/>
    <tag k="local_x" v="-9276.63339013323"/>
    <tag k="local_y" v="-40768.97679755719"/>
  </node>
  <node id="416" visible="true" version="1" lat="0.00000000000" lon="0.00000000000">
    <tag k="ele" v="28.125749999999996"/>
    <tag k="local_x" v="-9276.301408933743"/>
    <tag k="local_y" v="-40766.92668323652"/>
  </node>
  <node id="417" visible="true" version="1" lat="0.00000000000" lon="0.00000000000">
    <tag k="ele" v="28.04525"/>
    <tag k="local_x" v="-9275.96144936747"/>
    <tag k="local_y" v="-40764.88414466463"/>
  </node>
  <node id="418" visible="true" version="1" lat="0.00000000000" lon="0.00000000000">
    <tag k="ele" v="27.992749999999997"/>
    <tag k="local_x" v="-9275.610571028017"/>
    <tag k="local_y" v="-40762.84981245414"/>
  </node>
  <node id="419" visible="true" version="1" lat="0.00000000000" lon="0.00000000000">
    <tag k="ele" v="27.936249999999998"/>
    <tag k="local_x" v="-9275.253199452525"/>
    <tag k="local_y" v="-40760.82192849929"/>
  </node>
  <node id="420" visible="true" version="1" lat="0.00000000000" lon="0.00000000000">
    <tag k="ele" v="27.85475"/>
    <tag k="local_x" v="-9274.894014183112"/>
    <tag k="local_y" v="-40758.80048447906"/>
  </node>
  <node id="421" visible="true" version="1" lat="0.00000000000" lon="0.00000000000">
    <tag k="ele" v="28.442749999999997"/>
    <tag k="local_x" v="-9275.362591023804"/>
    <tag k="local_y" v="-40779.953718971614"/>
  </node>
  <node id="422" visible="true" version="1" lat="0.00000000000" lon="0.00000000000">
    <tag k="ele" v="28.339499999999997"/>
    <tag k="local_x" v="-9274.852268357134"/>
    <tag k="local_y" v="-40777.4578815811"/>
  </node>
  <node id="423" visible="true" version="1" lat="0.00000000000" lon="0.00000000000">
    <tag k="ele" v="28.3095"/>
    <tag k="local_x" v="-9274.44835325257"/>
    <tag k="local_y" v="-40775.89056056025"/>
  </node>
  <node id="424" visible="true" version="1" lat="0.00000000000" lon="0.00000000000">
    <tag k="ele" v="28.2995"/>
    <tag k="local_x" v="-9273.775254784625"/>
    <tag k="local_y" v="-40773.898656226585"/>
  </node>
  <node id="425" visible="true" version="1" lat="0.00000000000" lon="0.00000000000">
    <tag k="ele" v="28.238749999999996"/>
    <tag k="local_x" v="-9273.003322767672"/>
    <tag k="local_y" v="-40771.89834648345"/>
  </node>
  <node id="426" visible="true" version="1" lat="0.00000000000" lon="0.00000000000">
    <tag k="ele" v="28.137749999999997"/>
    <tag k="local_x" v="-9272.267322638996"/>
    <tag k="local_y" v="-40769.889094353835"/>
  </node>
  <node id="427" visible="true" version="1" lat="0.00000000000" lon="0.00000000000">
    <tag k="ele" v="28.065499999999997"/>
    <tag k="local_x" v="-9271.80204514641"/>
    <tag k="local_y" v="-40767.825222185646"/>
  </node>
  <node id="428" visible="true" version="1" lat="0.00000000000" lon="0.00000000000">
    <tag k="ele" v="28.000749999999996"/>
    <tag k="local_x" v="-9271.514804774157"/>
    <tag k="local_y" v="-40765.73372209145"/>
  </node>
  <node id="429" visible="true" version="1" lat="0.00000000000" lon="0.00000000000">
    <tag k="ele" v="27.9275"/>
    <tag k="local_x" v="-9271.262290621207"/>
    <tag k="local_y" v="-40763.64600297399"/>
  </node>
  <node id="430" visible="true" version="1" lat="0.00000000000" lon="0.00000000000">
    <tag k="ele" v="27.845999999999997"/>
    <tag k="local_x" v="-9271.011301298897"/>
    <tag k="local_y" v="-40761.56757799473"/>
  </node>
  <node id="431" visible="true" version="1" lat="0.00000000000" lon="0.00000000000">
    <tag k="ele" v="27.7945"/>
    <tag k="local_x" v="-9270.770006981627"/>
    <tag k="local_y" v="-40759.498378554475"/>
  </node>
  <node id="432" visible="true" version="1" lat="0.00000000000" lon="0.00000000000">
    <tag k="ele" v="28.442749999999997"/>
    <tag k="local_x" v="-9271.589252300259"/>
    <tag k="local_y" v="-40780.9009254455"/>
  </node>
  <node id="433" visible="true" version="1" lat="0.00000000000" lon="0.00000000000">
    <tag k="ele" v="28.390249999999998"/>
    <tag k="local_x" v="-9271.113332991341"/>
    <tag k="local_y" v="-40778.38167284982"/>
  </node>
  <node id="434" visible="true" version="1" lat="0.00000000000" lon="0.00000000000">
    <tag k="ele" v="28.343249999999998"/>
    <tag k="local_x" v="-9270.812392131273"/>
    <tag k="local_y" v="-40776.75137562887"/>
  </node>
  <node id="435" visible="true" version="1" lat="0.00000000000" lon="0.00000000000">
    <tag k="ele" v="28.2995"/>
    <tag k="local_x" v="-9270.447045329642"/>
    <tag k="local_y" v="-40774.66004770117"/>
  </node>
  <node id="436" visible="true" version="1" lat="0.00000000000" lon="0.00000000000">
    <tag k="ele" v="28.238749999999996"/>
    <tag k="local_x" v="-9270.092952416644"/>
    <tag k="local_y" v="-40772.53467794009"/>
  </node>
  <node id="437" visible="true" version="1" lat="0.00000000000" lon="0.00000000000">
    <tag k="ele" v="28.182249999999996"/>
    <tag k="local_x" v="-9269.760670766278"/>
    <tag k="local_y" v="-40770.41286327788"/>
  </node>
  <node id="438" visible="true" version="1" lat="0.00000000000" lon="0.00000000000">
    <tag k="ele" v="28.125749999999996"/>
    <tag k="local_x" v="-9269.430013721172"/>
    <tag k="local_y" v="-40768.29892529677"/>
  </node>
  <node id="439" visible="true" version="1" lat="0.00000000000" lon="0.00000000000">
    <tag k="ele" v="28.04525"/>
    <tag k="local_x" v="-9269.079425974267"/>
    <tag k="local_y" v="-40766.19902639241"/>
  </node>
  <node id="440" visible="true" version="1" lat="0.00000000000" lon="0.00000000000">
    <tag k="ele" v="27.992749999999997"/>
    <tag k="local_x" v="-9268.709386344744"/>
    <tag k="local_y" v="-40764.113451710706"/>
  </node>
  <node id="441" visible="true" version="1" lat="0.00000000000" lon="0.00000000000">
    <tag k="ele" v="27.936249999999998"/>
    <tag k="local_x" v="-9268.329201183871"/>
    <tag k="local_y" v="-40762.039043014636"/>
  </node>
  <node id="442" visible="true" version="1" lat="0.00000000000" lon="0.00000000000">
    <tag k="ele" v="27.85475"/>
    <tag k="local_x" v="-9267.952617825102"/>
    <tag k="local_y" v="-40759.975157353445"/>
  </node>
  <node id="443" visible="true" version="1" lat="0.00000000000" lon="0.00000000000">
    <tag k="ele" v="28.302249999999997"/>
    <tag k="local_x" v="-9267.99284729575"/>
    <tag k="local_y" v="-40781.80371693934"/>
  </node>
  <node id="444" visible="true" version="1" lat="0.00000000000" lon="0.00000000000">
    <tag k="ele" v="28.27875"/>
    <tag k="local_x" v="-9267.592666611345"/>
    <tag k="local_y" v="-40779.25153567006"/>
  </node>
  <node id="445" visible="true" version="1" lat="0.00000000000" lon="0.00000000000">
    <tag k="ele" v="28.23575"/>
    <tag k="local_x" v="-9267.331927047795"/>
    <tag k="local_y" v="-40777.575376956076"/>
  </node>
  <node id="446" visible="true" version="1" lat="0.00000000000" lon="0.00000000000">
    <tag k="ele" v="28.14475"/>
    <tag k="local_x" v="-9267.002118077684"/>
    <tag k="local_y" v="-40775.44814060087"/>
  </node>
  <node id="447" visible="true" version="1" lat="0.00000000000" lon="0.00000000000">
    <tag k="ele" v="28.146749999999997"/>
    <tag k="local_x" v="-9266.648460006614"/>
    <tag k="local_y" v="-40773.287791327144"/>
  </node>
  <node id="448" visible="true" version="1" lat="0.00000000000" lon="0.00000000000">
    <tag k="ele" v="28.051249999999996"/>
    <tag k="local_x" v="-9266.33468044016"/>
    <tag k="local_y" v="-40771.1287294444"/>
  </node>
  <node id="449" visible="true" version="1" lat="0.00000000000" lon="0.00000000000">
    <tag k="ele" v="27.979999999999997"/>
    <tag k="local_x" v="-9266.052447443648"/>
    <tag k="local_y" v="-40768.973437293804"/>
  </node>
  <node id="450" visible="true" version="1" lat="0.00000000000" lon="0.00000000000">
    <tag k="ele" v="27.967249999999996"/>
    <tag k="local_x" v="-9265.787075407263"/>
    <tag k="local_y" v="-40766.82806401036"/>
  </node>
  <node id="451" visible="true" version="1" lat="0.00000000000" lon="0.00000000000">
    <tag k="ele" v="27.849999999999998"/>
    <tag k="local_x" v="-9265.560377461059"/>
    <tag k="local_y" v="-40764.690049994526"/>
  </node>
  <node id="452" visible="true" version="1" lat="0.00000000000" lon="0.00000000000">
    <tag k="ele" v="27.811749999999996"/>
    <tag k="local_x" v="-9265.283595730147"/>
    <tag k="local_y" v="-40762.57440574322"/>
  </node>
  <node id="453" visible="true" version="1" lat="0.00000000000" lon="0.00000000000">
    <tag k="ele" v="27.743249999999996"/>
    <tag k="local_x" v="-9264.983981750183"/>
    <tag k="local_y" v="-40760.477531240664"/>
  </node>
  <node id="454" visible="true" version="1" lat="0.00000000000" lon="0.00000000000">
    <tag k="ele" v="27.7035"/>
    <tag k="local_x" v="-9284.609060418268"/>
    <tag k="local_y" v="-40753.12161031982"/>
  </node>
  <node id="455" visible="true" version="1" lat="0.00000000000" lon="0.00000000000">
    <tag k="ele" v="27.673499999999997"/>
    <tag k="local_x" v="-9284.385695349556"/>
    <tag k="local_y" v="-40751.1411002933"/>
  </node>
  <node id="456" visible="true" version="1" lat="0.00000000000" lon="0.00000000000">
    <tag k="ele" v="27.605249999999998"/>
    <tag k="local_x" v="-9284.234854111926"/>
    <tag k="local_y" v="-40749.20102208436"/>
  </node>
  <node id="457" visible="true" version="1" lat="0.00000000000" lon="0.00000000000">
    <tag k="ele" v="27.541249999999998"/>
    <tag k="local_x" v="-9284.155886567694"/>
    <tag k="local_y" v="-40747.772087675316"/>
  </node>
  <node id="458" visible="true" version="1" lat="0.00000000000" lon="0.00000000000">
    <tag k="ele" v="27.530749999999998"/>
    <tag k="local_x" v="-9284.051476332308"/>
    <tag k="local_y" v="-40745.623227773176"/>
  </node>
  <node id="459" visible="true" version="1" lat="0.00000000000" lon="0.00000000000">
    <tag k="ele" v="27.735249999999997"/>
    <tag k="local_x" v="-9281.125269331398"/>
    <tag k="local_y" v="-40753.67525120128"/>
  </node>
  <node id="460" visible="true" version="1" lat="0.00000000000" lon="0.00000000000">
    <tag k="ele" v="27.673499999999997"/>
    <tag k="local_x" v="-9280.905847611679"/>
    <tag k="local_y" v="-40751.67986486427"/>
  </node>
  <node id="461" visible="true" version="1" lat="0.00000000000" lon="0.00000000000">
    <tag k="ele" v="27.605249999999998"/>
    <tag k="local_x" v="-9280.762381580125"/>
    <tag k="local_y" v="-40749.72801357872"/>
  </node>
  <node id="462" visible="true" version="1" lat="0.00000000000" lon="0.00000000000">
    <tag k="ele" v="27.541249999999998"/>
    <tag k="local_x" v="-9280.68781282037"/>
    <tag k="local_y" v="-40748.284712604815"/>
  </node>
  <node id="463" visible="true" version="1" lat="0.00000000000" lon="0.00000000000">
    <tag k="ele" v="27.530749999999998"/>
    <tag k="local_x" v="-9280.591433860754"/>
    <tag k="local_y" v="-40746.1289237103"/>
  </node>
  <node id="464" visible="true" version="1" lat="0.00000000000" lon="0.00000000000">
    <tag k="ele" v="27.735249999999997"/>
    <tag k="local_x" v="-9277.373577302236"/>
    <tag k="local_y" v="-40754.27146665456"/>
  </node>
  <node id="465" visible="true" version="1" lat="0.00000000000" lon="0.00000000000">
    <tag k="ele" v="27.673499999999997"/>
    <tag k="local_x" v="-9276.889273230076"/>
    <tag k="local_y" v="-40752.30172769751"/>
  </node>
  <node id="466" visible="true" version="1" lat="0.00000000000" lon="0.00000000000">
    <tag k="ele" v="27.621"/>
    <tag k="local_x" v="-9276.261787997975"/>
    <tag k="local_y" v="-40750.41103540701"/>
  </node>
  <node id="467" visible="true" version="1" lat="0.00000000000" lon="0.00000000000">
    <tag k="ele" v="27.56675"/>
    <tag k="local_x" v="-9275.964428105224"/>
    <tag k="local_y" v="-40748.98288828762"/>
  </node>
  <node id="468" visible="true" version="1" lat="0.00000000000" lon="0.00000000000">
    <tag k="ele" v="27.529749999999996"/>
    <tag k="local_x" v="-9275.620746703455"/>
    <tag k="local_y" v="-40746.855405052906"/>
  </node>
  <node id="469" visible="true" version="1" lat="0.00000000000" lon="0.00000000000">
    <tag k="ele" v="27.735249999999997"/>
    <tag k="local_x" v="-9274.182701309242"/>
    <tag k="local_y" v="-40754.77855773819"/>
  </node>
  <node id="470" visible="true" version="1" lat="0.00000000000" lon="0.00000000000">
    <tag k="ele" v="27.673499999999997"/>
    <tag k="local_x" v="-9273.82022119409"/>
    <tag k="local_y" v="-40752.77689116097"/>
  </node>
  <node id="471" visible="true" version="1" lat="0.00000000000" lon="0.00000000000">
    <tag k="ele" v="27.605249999999998"/>
    <tag k="local_x" v="-9273.436969522316"/>
    <tag k="local_y" v="-40750.83973723147"/>
  </node>
  <node id="472" visible="true" version="1" lat="0.00000000000" lon="0.00000000000">
    <tag k="ele" v="27.53925"/>
    <tag k="local_x" v="-9273.136884816382"/>
    <tag k="local_y" v="-40749.40083475724"/>
  </node>
  <node id="473" visible="true" version="1" lat="0.00000000000" lon="0.00000000000">
    <tag k="ele" v="27.480999999999998"/>
    <tag k="local_x" v="-9272.701034450864"/>
    <tag k="local_y" v="-40747.28213005292"/>
  </node>
  <node id="474" visible="true" version="1" lat="0.00000000000" lon="0.00000000000">
    <tag k="ele" v="27.660749999999997"/>
    <tag k="local_x" v="-9270.332438998008"/>
    <tag k="local_y" v="-40755.39043789021"/>
  </node>
  <node id="475" visible="true" version="1" lat="0.00000000000" lon="0.00000000000">
    <tag k="ele" v="27.59725"/>
    <tag k="local_x" v="-9270.043927069968"/>
    <tag k="local_y" v="-40753.361552800474"/>
  </node>
  <node id="476" visible="true" version="1" lat="0.00000000000" lon="0.00000000000">
    <tag k="ele" v="27.537249999999997"/>
    <tag k="local_x" v="-9269.728129190951"/>
    <tag k="local_y" v="-40751.40260052"/>
  </node>
  <node id="477" visible="true" version="1" lat="0.00000000000" lon="0.00000000000">
    <tag k="ele" v="27.4775"/>
    <tag k="local_x" v="-9269.516664569874"/>
    <tag k="local_y" v="-40749.93594885336"/>
  </node>
  <node id="478" visible="true" version="1" lat="0.00000000000" lon="0.00000000000">
    <tag k="ele" v="27.419999999999998"/>
    <tag k="local_x" v="-9269.358359659569"/>
    <tag k="local_y" v="-40747.77067233961"/>
  </node>
  <node id="479" visible="true" version="1" lat="0.00000000000" lon="0.00000000000">
    <tag k="ele" v="27.735249999999997"/>
    <tag k="local_x" v="-9267.29877660419"/>
    <tag k="local_y" v="-40755.872544732985"/>
  </node>
  <node id="480" visible="true" version="1" lat="0.00000000000" lon="0.00000000000">
    <tag k="ele" v="27.673499999999997"/>
    <tag k="local_x" v="-9267.070683740714"/>
    <tag k="local_y" v="-40753.82188275953"/>
  </node>
  <node id="481" visible="true" version="1" lat="0.00000000000" lon="0.00000000000">
    <tag k="ele" v="27.605249999999998"/>
    <tag k="local_x" v="-9266.920872248824"/>
    <tag k="local_y" v="-40751.8286371603"/>
  </node>
  <node id="482" visible="true" version="1" lat="0.00000000000" lon="0.00000000000">
    <tag k="ele" v="27.541249999999998"/>
    <tag k="local_x" v="-9266.838291369326"/>
    <tag k="local_y" v="-40750.331846107314"/>
  </node>
  <node id="483" visible="true" version="1" lat="0.00000000000" lon="0.00000000000">
    <tag k="ele" v="27.530749999999998"/>
    <tag k="local_x" v="-9266.738605348508"/>
    <tag k="local_y" v="-40748.15355755627"/>
  </node>
  <node id="484" visible="true" version="1" lat="0.00000000000" lon="0.00000000000">
    <tag k="ele" v="27.8265"/>
    <tag k="local_x" v="-9264.402978896183"/>
    <tag k="local_y" v="-40756.332742246435"/>
  </node>
  <node id="485" visible="true" version="1" lat="0.00000000000" lon="0.00000000000">
    <tag k="ele" v="27.587249999999997"/>
    <tag k="local_x" v="-9264.121439855508"/>
    <tag k="local_y" v="-40754.278497024345"/>
  </node>
  <node id="486" visible="true" version="1" lat="0.00000000000" lon="0.00000000000">
    <tag k="ele" v="27.544249999999998"/>
    <tag k="local_x" v="-9263.836285124393"/>
    <tag k="local_y" v="-40752.29676215287"/>
  </node>
  <node id="487" visible="true" version="1" lat="0.00000000000" lon="0.00000000000">
    <tag k="ele" v="27.441249999999997"/>
    <tag k="local_x" v="-9263.617461193024"/>
    <tag k="local_y" v="-40750.8079253266"/>
  </node>
  <node id="488" visible="true" version="1" lat="0.00000000000" lon="0.00000000000">
    <tag k="ele" v="27.642249999999997"/>
    <tag k="local_x" v="-9263.303830591947"/>
    <tag k="local_y" v="-40748.6555605385"/>
  </node>
  <node id="489" visible="true" version="1" lat="0.00000000000" lon="0.00000000000">
    <tag k="ele" v="28.848249999999997"/>
    <tag k="local_x" v="-9319.52694401007"/>
    <tag k="local_y" v="-40800.31817239243"/>
  </node>
  <node id="490" visible="true" version="1" lat="0.00000000000" lon="0.00000000000">
    <tag k="ele" v="28.852249999999998"/>
    <tag k="local_x" v="-9317.828790232825"/>
    <tag k="local_y" v="-40801.376493002026"/>
  </node>
  <node id="491" visible="true" version="1" lat="0.00000000000" lon="0.00000000000">
    <tag k="ele" v="28.886249999999997"/>
    <tag k="local_x" v="-9316.147669322036"/>
    <tag k="local_y" v="-40802.460362911304"/>
  </node>
  <node id="492" visible="true" version="1" lat="0.00000000000" lon="0.00000000000">
    <tag k="ele" v="28.838749999999997"/>
    <tag k="local_x" v="-9315.172557962293"/>
    <tag k="local_y" v="-40803.701859328285"/>
  </node>
  <node id="493" visible="true" version="1" lat="0.00000000000" lon="0.00000000000">
    <tag k="ele" v="28.801499999999997"/>
    <tag k="local_x" v="-9312.76285039329"/>
    <tag k="local_y" v="-40804.59423706911"/>
  </node>
  <node id="494" visible="true" version="1" lat="0.00000000000" lon="0.00000000000">
    <tag k="ele" v="28.822"/>
    <tag k="local_x" v="-9320.77155701204"/>
    <tag k="local_y" v="-40802.18509189538"/>
  </node>
  <node id="495" visible="true" version="1" lat="0.00000000000" lon="0.00000000000">
    <tag k="ele" v="28.8315"/>
    <tag k="local_x" v="-9319.041591830963"/>
    <tag k="local_y" v="-40803.19569539923"/>
  </node>
  <node id="496" visible="true" version="1" lat="0.00000000000" lon="0.00000000000">
    <tag k="ele" v="28.8315"/>
    <tag k="local_x" v="-9317.266551203042"/>
    <tag k="local_y" v="-40804.13868573281"/>
  </node>
  <node id="497" visible="true" version="1" lat="0.00000000000" lon="0.00000000000">
    <tag k="ele" v="28.771499999999996"/>
    <tag k="local_x" v="-9316.351295879269"/>
    <tag k="local_y" v="-40805.46996620375"/>
  </node>
  <node id="498" visible="true" version="1" lat="0.00000000000" lon="0.00000000000">
    <tag k="ele" v="28.7735"/>
    <tag k="local_x" v="-9314.082413190741"/>
    <tag k="local_y" v="-40806.573581265286"/>
  </node>
  <node id="499" visible="true" version="1" lat="0.00000000000" lon="0.00000000000">
    <tag k="ele" v="28.8235"/>
    <tag k="local_x" v="-9321.926032851334"/>
    <tag k="local_y" v="-40803.91680565432"/>
  </node>
  <node id="500" visible="true" version="1" lat="0.00000000000" lon="0.00000000000">
    <tag k="ele" v="28.7915"/>
    <tag k="local_x" v="-9320.095522203792"/>
    <tag k="local_y" v="-40804.77659095847"/>
  </node>
  <node id="501" visible="true" version="1" lat="0.00000000000" lon="0.00000000000">
    <tag k="ele" v="28.771749999999997"/>
    <tag k="local_x" v="-9318.320481575869"/>
    <tag k="local_y" v="-40805.719581292054"/>
  </node>
  <node id="502" visible="true" version="1" lat="0.00000000000" lon="0.00000000000">
    <tag k="ele" v="28.883499999999998"/>
    <tag k="local_x" v="-9317.530033796245"/>
    <tag k="local_y" v="-40807.238073079214"/>
  </node>
  <node id="503" visible="true" version="1" lat="0.00000000000" lon="0.00000000000">
    <tag k="ele" v="28.79975"/>
    <tag k="local_x" v="-9315.299308641004"/>
    <tag k="local_y" v="-40808.398924440684"/>
  </node>
  <node id="504" visible="true" version="1" lat="0.00000000000" lon="0.00000000000">
    <tag k="ele" v="28.925749999999997"/>
    <tag k="local_x" v="-9264.985911520196"/>
    <tag k="local_y" v="-40820.502314660174"/>
  </node>
  <node id="505" visible="true" version="1" lat="0.00000000000" lon="0.00000000000">
    <tag k="ele" v="28.924999999999997"/>
    <tag k="local_x" v="-9266.380731817726"/>
    <tag k="local_y" v="-40820.06287230683"/>
  </node>
  <node id="506" visible="true" version="1" lat="0.00000000000" lon="0.00000000000">
    <tag k="ele" v="28.892249999999997"/>
    <tag k="local_x" v="-9267.741245660138"/>
    <tag k="local_y" v="-40819.57674973577"/>
  </node>
  <node id="507" visible="true" version="1" lat="0.00000000000" lon="0.00000000000">
    <tag k="ele" v="28.8615"/>
    <tag k="local_x" v="-9269.584533583504"/>
    <tag k="local_y" v="-40818.82366624647"/>
  </node>
  <node id="508" visible="true" version="1" lat="0.00000000000" lon="0.00000000000">
    <tag k="ele" v="28.94775"/>
    <tag k="local_x" v="-9264.06847299422"/>
    <tag k="local_y" v="-40817.05384083495"/>
  </node>
  <node id="509" visible="true" version="1" lat="0.00000000000" lon="0.00000000000">
    <tag k="ele" v="28.924999999999997"/>
    <tag k="local_x" v="-9265.378635730222"/>
    <tag k="local_y" v="-40816.56820501388"/>
  </node>
  <node id="510" visible="true" version="1" lat="0.00000000000" lon="0.00000000000">
    <tag k="ele" v="28.892249999999997"/>
    <tag k="local_x" v="-9266.659372201175"/>
    <tag k="local_y" v="-40816.07442782614"/>
  </node>
  <node id="511" visible="true" version="1" lat="0.00000000000" lon="0.00000000000">
    <tag k="ele" v="28.8615"/>
    <tag k="local_x" v="-9268.462018295222"/>
    <tag k="local_y" v="-40815.321569360756"/>
  </node>
  <node id="512" visible="true" version="1" lat="0.00000000000" lon="0.00000000000">
    <tag k="ele" v="28.94775"/>
    <tag k="local_x" v="-9263.168626757273"/>
    <tag k="local_y" v="-40813.671493018745"/>
  </node>
  <node id="513" visible="true" version="1" lat="0.00000000000" lon="0.00000000000">
    <tag k="ele" v="28.924999999999997"/>
    <tag k="local_x" v="-9264.413890425518"/>
    <tag k="local_y" v="-40813.20379325296"/>
  </node>
  <node id="514" visible="true" version="1" lat="0.00000000000" lon="0.00000000000">
    <tag k="ele" v="28.892249999999997"/>
    <tag k="local_x" v="-9265.626377589691"/>
    <tag k="local_y" v="-40812.73034018784"/>
  </node>
  <node id="515" visible="true" version="1" lat="0.00000000000" lon="0.00000000000">
    <tag k="ele" v="28.8615"/>
    <tag k="local_x" v="-9267.393711190267"/>
    <tag k="local_y" v="-40811.98859472396"/>
  </node>
  <node id="516" visible="true" version="1" lat="0.00000000000" lon="0.00000000000">
    <tag k="ele" v="28.94775"/>
    <tag k="local_x" v="-9262.268780520324"/>
    <tag k="local_y" v="-40810.28914520253"/>
  </node>
  <node id="517" visible="true" version="1" lat="0.00000000000" lon="0.00000000000">
    <tag k="ele" v="28.924999999999997"/>
    <tag k="local_x" v="-9263.449145120812"/>
    <tag k="local_y" v="-40809.839381492035"/>
  </node>
  <node id="518" visible="true" version="1" lat="0.00000000000" lon="0.00000000000">
    <tag k="ele" v="28.892249999999997"/>
    <tag k="local_x" v="-9264.593382978208"/>
    <tag k="local_y" v="-40809.386252549535"/>
  </node>
  <node id="519" visible="true" version="1" lat="0.00000000000" lon="0.00000000000">
    <tag k="ele" v="28.8615"/>
    <tag k="local_x" v="-9266.325404085312"/>
    <tag k="local_y" v="-40808.65562008717"/>
  </node>
  <node id="520" visible="true" version="1" lat="0.00000000000" lon="0.00000000000">
    <tag k="ele" v="28.858749999999997"/>
    <tag k="local_x" v="-9261.370585060098"/>
    <tag k="local_y" v="-40806.913002336456"/>
  </node>
  <node id="521" visible="true" version="1" lat="0.00000000000" lon="0.00000000000">
    <tag k="ele" v="28.924999999999997"/>
    <tag k="local_x" v="-9262.480469508288"/>
    <tag k="local_y" v="-40806.461263342695"/>
  </node>
  <node id="522" visible="true" version="1" lat="0.00000000000" lon="0.00000000000">
    <tag k="ele" v="28.779249999999998"/>
    <tag k="local_x" v="-9263.546878855144"/>
    <tag k="local_y" v="-40805.998430907035"/>
  </node>
  <node id="523" visible="true" version="1" lat="0.00000000000" lon="0.00000000000">
    <tag k="ele" v="28.75425"/>
    <tag k="local_x" v="-9265.218735927516"/>
    <tag k="local_y" v="-40805.202964119446"/>
  </node>
  <node id="524" visible="true" version="1" lat="0.00000000000" lon="0.00000000000">
    <tag k="ele" v="28.596749999999997"/>
    <tag k="local_x" v="-9309.260230811997"/>
    <tag k="local_y" v="-40789.55979242734"/>
  </node>
  <node id="525" visible="true" version="1" lat="0.00000000000" lon="0.00000000000">
    <tag k="ele" v="28.566999999999997"/>
    <tag k="local_x" v="-9308.174998014993"/>
    <tag k="local_y" v="-40788.75372263776"/>
  </node>
  <node id="526" visible="true" version="1" lat="0.00000000000" lon="0.00000000000">
    <tag k="ele" v="28.612"/>
    <tag k="local_x" v="-9307.248537717845"/>
    <tag k="local_y" v="-40788.00584912862"/>
  </node>
  <node id="527" visible="true" version="1" lat="0.00000000000" lon="0.00000000000">
    <tag k="ele" v="28.755499999999998"/>
    <tag k="local_x" v="-9308.895113649545"/>
    <tag k="local_y" v="-40791.64501289137"/>
  </node>
  <node id="528" visible="true" version="1" lat="0.00000000000" lon="0.00000000000">
    <tag k="ele" v="28.572999999999997"/>
    <tag k="local_x" v="-9307.65944115122"/>
    <tag k="local_y" v="-40791.03988612232"/>
  </node>
  <node id="529" visible="true" version="1" lat="0.00000000000" lon="0.00000000000">
    <tag k="ele" v="28.582499999999996"/>
    <tag k="local_x" v="-9306.631646231757"/>
    <tag k="local_y" v="-40790.473415072964"/>
  </node>
  <node id="530" visible="true" version="1" lat="0.00000000000" lon="0.00000000000">
    <tag k="ele" v="28.652749999999997"/>
    <tag k="local_x" v="-9308.512972315351"/>
    <tag k="local_y" v="-40793.82746009507"/>
  </node>
  <node id="531" visible="true" version="1" lat="0.00000000000" lon="0.00000000000">
    <tag k="ele" v="28.607999999999997"/>
    <tag k="local_x" v="-9307.140253731823"/>
    <tag k="local_y" v="-40793.342148788724"/>
  </node>
  <node id="532" visible="true" version="1" lat="0.00000000000" lon="0.00000000000">
    <tag k="ele" v="28.610249999999997"/>
    <tag k="local_x" v="-9306.028066427827"/>
    <tag k="local_y" v="-40792.88773428866"/>
  </node>
  <node id="533" visible="true" version="1" lat="0.00000000000" lon="0.00000000000">
    <tag k="ele" v="28.642576923076923"/>
    <tag k="local_x" v="-9311.387657086012"/>
    <tag k="local_y" v="-40822.922039304714"/>
  </node>
  <node id="534" visible="true" version="1" lat="0.00000000000" lon="0.00000000000">
    <tag k="ele" v="28.647653846153844"/>
    <tag k="local_x" v="-9310.85718097148"/>
    <tag k="local_y" v="-40822.093543539435"/>
  </node>
  <node id="535" visible="true" version="1" lat="0.00000000000" lon="0.00000000000">
    <tag k="ele" v="28.652730769230768"/>
    <tag k="local_x" v="-9310.318451201447"/>
    <tag k="local_y" v="-40821.26974312848"/>
  </node>
  <node id="536" visible="true" version="1" lat="0.00000000000" lon="0.00000000000">
    <tag k="ele" v="28.657807692307692"/>
    <tag k="local_x" v="-9309.772554638226"/>
    <tag k="local_y" v="-40820.450028680345"/>
  </node>
  <node id="537" visible="true" version="1" lat="0.00000000000" lon="0.00000000000">
    <tag k="ele" v="28.662884615384613"/>
    <tag k="local_x" v="-9309.220578144117"/>
    <tag k="local_y" v="-40819.63379080352"/>
  </node>
  <node id="538" visible="true" version="1" lat="0.00000000000" lon="0.00000000000">
    <tag k="ele" v="28.667961538461537"/>
    <tag k="local_x" v="-9308.663608581437"/>
    <tag k="local_y" v="-40818.8204201065"/>
  </node>
  <node id="539" visible="true" version="1" lat="0.00000000000" lon="0.00000000000">
    <tag k="ele" v="28.67303846153846"/>
    <tag k="local_x" v="-9308.102732812487"/>
    <tag k="local_y" v="-40818.00930719782"/>
  </node>
  <node id="540" visible="true" version="1" lat="0.00000000000" lon="0.00000000000">
    <tag k="ele" v="28.678115384615385"/>
    <tag k="local_x" v="-9307.539037699582"/>
    <tag k="local_y" v="-40817.19984268594"/>
  </node>
  <node id="541" visible="true" version="1" lat="0.00000000000" lon="0.00000000000">
    <tag k="ele" v="28.683192307692305"/>
    <tag k="local_x" v="-9306.973610105024"/>
    <tag k="local_y" v="-40816.39141717937"/>
  </node>
  <node id="542" visible="true" version="1" lat="0.00000000000" lon="0.00000000000">
    <tag k="ele" v="28.68826923076923"/>
    <tag k="local_x" v="-9306.407536891125"/>
    <tag k="local_y" v="-40815.58342128661"/>
  </node>
  <node id="543" visible="true" version="1" lat="0.00000000000" lon="0.00000000000">
    <tag k="ele" v="28.693346153846154"/>
    <tag k="local_x" v="-9305.841904920188"/>
    <tag k="local_y" v="-40814.775245616154"/>
  </node>
  <node id="544" visible="true" version="1" lat="0.00000000000" lon="0.00000000000">
    <tag k="ele" v="28.698423076923074"/>
    <tag k="local_x" v="-9305.277801054526"/>
    <tag k="local_y" v="-40813.96628077651"/>
  </node>
  <node id="545" visible="true" version="1" lat="0.00000000000" lon="0.00000000000">
    <tag k="ele" v="28.7035"/>
    <tag k="local_x" v="-9304.716312156446"/>
    <tag k="local_y" v="-40813.15591737617"/>
  </node>
  <node id="546" visible="true" version="1" lat="0.00000000000" lon="0.00000000000">
    <tag k="ele" v="28.708576923076922"/>
    <tag k="local_x" v="-9304.158525088253"/>
    <tag k="local_y" v="-40812.34354602363"/>
  </node>
  <node id="547" visible="true" version="1" lat="0.00000000000" lon="0.00000000000">
    <tag k="ele" v="28.713653846153843"/>
    <tag k="local_x" v="-9303.605526712257"/>
    <tag k="local_y" v="-40811.528557327394"/>
  </node>
  <node id="548" visible="true" version="1" lat="0.00000000000" lon="0.00000000000">
    <tag k="ele" v="28.718730769230767"/>
    <tag k="local_x" v="-9303.058403890765"/>
    <tag k="local_y" v="-40810.71034189595"/>
  </node>
  <node id="549" visible="true" version="1" lat="0.00000000000" lon="0.00000000000">
    <tag k="ele" v="28.72380769230769"/>
    <tag k="local_x" v="-9302.518243486089"/>
    <tag k="local_y" v="-40809.88829033782"/>
  </node>
  <node id="550" visible="true" version="1" lat="0.00000000000" lon="0.00000000000">
    <tag k="ele" v="28.72888461538461"/>
    <tag k="local_x" v="-9301.986132360533"/>
    <tag k="local_y" v="-40809.06179326148"/>
  </node>
  <node id="551" visible="true" version="1" lat="0.00000000000" lon="0.00000000000">
    <tag k="ele" v="28.733961538461536"/>
    <tag k="local_x" v="-9301.463157376402"/>
    <tag k="local_y" v="-40808.23024127542"/>
  </node>
  <node id="552" visible="true" version="1" lat="0.00000000000" lon="0.00000000000">
    <tag k="ele" v="28.73903846153846"/>
    <tag k="local_x" v="-9300.950405396012"/>
    <tag k="local_y" v="-40807.393024988174"/>
  </node>
  <node id="553" visible="true" version="1" lat="0.00000000000" lon="0.00000000000">
    <tag k="ele" v="28.744115384615384"/>
    <tag k="local_x" v="-9300.448963281664"/>
    <tag k="local_y" v="-40806.549535008206"/>
  </node>
  <node id="554" visible="true" version="1" lat="0.00000000000" lon="0.00000000000">
    <tag k="ele" v="28.749192307692304"/>
    <tag k="local_x" v="-9299.959917895669"/>
    <tag k="local_y" v="-40805.69916194404"/>
  </node>
  <node id="555" visible="true" version="1" lat="0.00000000000" lon="0.00000000000">
    <tag k="ele" v="28.75426923076923"/>
    <tag k="local_x" v="-9299.484356100333"/>
    <tag k="local_y" v="-40804.841296404156"/>
  </node>
  <node id="556" visible="true" version="1" lat="0.00000000000" lon="0.00000000000">
    <tag k="ele" v="28.759346153846153"/>
    <tag k="local_x" v="-9299.02336475797"/>
    <tag k="local_y" v="-40803.97532899706"/>
  </node>
  <node id="557" visible="true" version="1" lat="0.00000000000" lon="0.00000000000">
    <tag k="ele" v="28.764423076923073"/>
    <tag k="local_x" v="-9298.578030730881"/>
    <tag k="local_y" v="-40803.100650331246"/>
  </node>
  <node id="558" visible="true" version="1" lat="0.00000000000" lon="0.00000000000">
    <tag k="ele" v="28.64238888888889"/>
    <tag k="local_x" v="-9308.092183480987"/>
    <tag k="local_y" v="-40825.38872262599"/>
  </node>
  <node id="559" visible="true" version="1" lat="0.00000000000" lon="0.00000000000">
    <tag k="ele" v="28.647277777777777"/>
    <tag k="local_x" v="-9307.57332389902"/>
    <tag k="local_y" v="-40824.56280961063"/>
  </node>
  <node id="560" visible="true" version="1" lat="0.00000000000" lon="0.00000000000">
    <tag k="ele" v="28.652166666666666"/>
    <tag k="local_x" v="-9307.050518353375"/>
    <tag k="local_y" v="-40823.738931936605"/>
  </node>
  <node id="561" visible="true" version="1" lat="0.00000000000" lon="0.00000000000">
    <tag k="ele" v="28.657055555555555"/>
    <tag k="local_x" v="-9306.524417331791"/>
    <tag k="local_y" v="-40822.91674589877"/>
  </node>
  <node id="562" visible="true" version="1" lat="0.00000000000" lon="0.00000000000">
    <tag k="ele" v="28.661944444444444"/>
    <tag k="local_x" v="-9305.995671321998"/>
    <tag k="local_y" v="-40822.09590779203"/>
  </node>
  <node id="563" visible="true" version="1" lat="0.00000000000" lon="0.00000000000">
    <tag k="ele" v="28.666833333333333"/>
    <tag k="local_x" v="-9305.464930811728"/>
    <tag k="local_y" v="-40821.27607391121"/>
  </node>
  <node id="564" visible="true" version="1" lat="0.00000000000" lon="0.00000000000">
    <tag k="ele" v="28.671722222222222"/>
    <tag k="local_x" v="-9304.932846288717"/>
    <tag k="local_y" v="-40820.456900551224"/>
  </node>
  <node id="565" visible="true" version="1" lat="0.00000000000" lon="0.00000000000">
    <tag k="ele" v="28.67661111111111"/>
    <tag k="local_x" v="-9304.400068240697"/>
    <tag k="local_y" v="-40819.63804400692"/>
  </node>
  <node id="566" visible="true" version="1" lat="0.00000000000" lon="0.00000000000">
    <tag k="ele" v="28.6815"/>
    <tag k="local_x" v="-9303.8672471554"/>
    <tag k="local_y" v="-40818.81916057316"/>
  </node>
  <node id="567" visible="true" version="1" lat="0.00000000000" lon="0.00000000000">
    <tag k="ele" v="28.68638888888889"/>
    <tag k="local_x" v="-9303.335033520563"/>
    <tag k="local_y" v="-40817.99990654485"/>
  </node>
  <node id="568" visible="true" version="1" lat="0.00000000000" lon="0.00000000000">
    <tag k="ele" v="28.691277777777778"/>
    <tag k="local_x" v="-9302.804077823914"/>
    <tag k="local_y" v="-40817.179938216825"/>
  </node>
  <node id="569" visible="true" version="1" lat="0.00000000000" lon="0.00000000000">
    <tag k="ele" v="28.696166666666667"/>
    <tag k="local_x" v="-9302.27503055319"/>
    <tag k="local_y" v="-40816.35891188397"/>
  </node>
  <node id="570" visible="true" version="1" lat="0.00000000000" lon="0.00000000000">
    <tag k="ele" v="28.701055555555556"/>
    <tag k="local_x" v="-9301.748542196123"/>
    <tag k="local_y" v="-40815.536483841155"/>
  </node>
  <node id="571" visible="true" version="1" lat="0.00000000000" lon="0.00000000000">
    <tag k="ele" v="28.70594444444444"/>
    <tag k="local_x" v="-9301.225263240445"/>
    <tag k="local_y" v="-40814.71231038325"/>
  </node>
  <node id="572" visible="true" version="1" lat="0.00000000000" lon="0.00000000000">
    <tag k="ele" v="28.71083333333333"/>
    <tag k="local_x" v="-9300.70584417389"/>
    <tag k="local_y" v="-40813.88604780513"/>
  </node>
  <node id="573" visible="true" version="1" lat="0.00000000000" lon="0.00000000000">
    <tag k="ele" v="28.71572222222222"/>
    <tag k="local_x" v="-9300.19093548419"/>
    <tag k="local_y" v="-40813.05735240166"/>
  </node>
  <node id="574" visible="true" version="1" lat="0.00000000000" lon="0.00000000000">
    <tag k="ele" v="28.720611111111108"/>
    <tag k="local_x" v="-9299.68118765908"/>
    <tag k="local_y" v="-40812.225880467704"/>
  </node>
  <node id="575" visible="true" version="1" lat="0.00000000000" lon="0.00000000000">
    <tag k="ele" v="28.725499999999997"/>
    <tag k="local_x" v="-9299.177251186293"/>
    <tag k="local_y" v="-40811.39128829815"/>
  </node>
  <node id="576" visible="true" version="1" lat="0.00000000000" lon="0.00000000000">
    <tag k="ele" v="28.730388888888886"/>
    <tag k="local_x" v="-9298.67977655356"/>
    <tag k="local_y" v="-40810.55323218786"/>
  </node>
  <node id="577" visible="true" version="1" lat="0.00000000000" lon="0.00000000000">
    <tag k="ele" v="28.735277777777775"/>
    <tag k="local_x" v="-9298.189414248618"/>
    <tag k="local_y" v="-40809.7113684317"/>
  </node>
  <node id="578" visible="true" version="1" lat="0.00000000000" lon="0.00000000000">
    <tag k="ele" v="28.740166666666664"/>
    <tag k="local_x" v="-9297.706814759196"/>
    <tag k="local_y" v="-40808.865353324545"/>
  </node>
  <node id="579" visible="true" version="1" lat="0.00000000000" lon="0.00000000000">
    <tag k="ele" v="28.745055555555552"/>
    <tag k="local_x" v="-9297.232628573029"/>
    <tag k="local_y" v="-40808.01484316127"/>
  </node>
  <node id="580" visible="true" version="1" lat="0.00000000000" lon="0.00000000000">
    <tag k="ele" v="28.74994444444444"/>
    <tag k="local_x" v="-9296.767506177848"/>
    <tag k="local_y" v="-40807.15949423673"/>
  </node>
  <node id="581" visible="true" version="1" lat="0.00000000000" lon="0.00000000000">
    <tag k="ele" v="28.75483333333333"/>
    <tag k="local_x" v="-9296.312098061395"/>
    <tag k="local_y" v="-40806.298962845816"/>
  </node>
  <node id="582" visible="true" version="1" lat="0.00000000000" lon="0.00000000000">
    <tag k="ele" v="28.75972222222222"/>
    <tag k="local_x" v="-9295.86705471139"/>
    <tag k="local_y" v="-40805.43290528339"/>
  </node>
  <node id="583" visible="true" version="1" lat="0.00000000000" lon="0.00000000000">
    <tag k="ele" v="28.76461111111111"/>
    <tag k="local_x" v="-9295.433026615576"/>
    <tag k="local_y" v="-40804.560977844325"/>
  </node>
  <node id="584" visible="true" version="1" lat="0.00000000000" lon="0.00000000000">
    <tag k="ele" v="28.647640625"/>
    <tag k="local_x" v="-9311.441872758665"/>
    <tag k="local_y" v="-40822.87401248216"/>
  </node>
  <node id="585" visible="true" version="1" lat="0.00000000000" lon="0.00000000000">
    <tag k="ele" v="28.65778125"/>
    <tag k="local_x" v="-9311.072233771723"/>
    <tag k="local_y" v="-40821.911668182875"/>
  </node>
  <node id="586" visible="true" version="1" lat="0.00000000000" lon="0.00000000000">
    <tag k="ele" v="28.667921874999998"/>
    <tag k="local_x" v="-9310.798424868859"/>
    <tag k="local_y" v="-40820.88383255697"/>
  </node>
  <node id="587" visible="true" version="1" lat="0.00000000000" lon="0.00000000000">
    <tag k="ele" v="28.6780625"/>
    <tag k="local_x" v="-9310.618995197005"/>
    <tag k="local_y" v="-40819.80553124343"/>
  </node>
  <node id="588" visible="true" version="1" lat="0.00000000000" lon="0.00000000000">
    <tag k="ele" v="28.688203125"/>
    <tag k="local_x" v="-9310.532493903112"/>
    <tag k="local_y" v="-40818.69178988127"/>
  </node>
  <node id="589" visible="true" version="1" lat="0.00000000000" lon="0.00000000000">
    <tag k="ele" v="28.69834375"/>
    <tag k="local_x" v="-9310.537470134122"/>
    <tag k="local_y" v="-40817.557634109464"/>
  </node>
  <node id="590" visible="true" version="1" lat="0.00000000000" lon="0.00000000000">
    <tag k="ele" v="28.708484374999998"/>
    <tag k="local_x" v="-9310.632473036972"/>
    <tag k="local_y" v="-40816.418089567014"/>
  </node>
  <node id="591" visible="true" version="1" lat="0.00000000000" lon="0.00000000000">
    <tag k="ele" v="28.718625"/>
    <tag k="local_x" v="-9310.81605175861"/>
    <tag k="local_y" v="-40815.28818189293"/>
  </node>
  <node id="592" visible="true" version="1" lat="0.00000000000" lon="0.00000000000">
    <tag k="ele" v="28.728765625"/>
    <tag k="local_x" v="-9311.086755445971"/>
    <tag k="local_y" v="-40814.182936726196"/>
  </node>
  <node id="593" visible="true" version="1" lat="0.00000000000" lon="0.00000000000">
    <tag k="ele" v="28.73890625"/>
    <tag k="local_x" v="-9311.443133246004"/>
    <tag k="local_y" v="-40813.117379705815"/>
  </node>
  <node id="594" visible="true" version="1" lat="0.00000000000" lon="0.00000000000">
    <tag k="ele" v="28.749046874999998"/>
    <tag k="local_x" v="-9311.883734305648"/>
    <tag k="local_y" v="-40812.106536470776"/>
  </node>
  <node id="595" visible="true" version="1" lat="0.00000000000" lon="0.00000000000">
    <tag k="ele" v="28.7591875"/>
    <tag k="local_x" v="-9312.407107771844"/>
    <tag k="local_y" v="-40811.165432660084"/>
  </node>
  <node id="596" visible="true" version="1" lat="0.00000000000" lon="0.00000000000">
    <tag k="ele" v="28.769328125"/>
    <tag k="local_x" v="-9313.011802791534"/>
    <tag k="local_y" v="-40810.30909391273"/>
  </node>
  <node id="597" visible="true" version="1" lat="0.00000000000" lon="0.00000000000">
    <tag k="ele" v="28.77946875"/>
    <tag k="local_x" v="-9313.696368511664"/>
    <tag k="local_y" v="-40809.55254586772"/>
  </node>
  <node id="598" visible="true" version="1" lat="0.00000000000" lon="0.00000000000">
    <tag k="ele" v="28.789609374999998"/>
    <tag k="local_x" v="-9314.459354079174"/>
    <tag k="local_y" v="-40808.91081416403"/>
  </node>
  <node id="599" visible="true" version="1" lat="0.00000000000" lon="0.00000000000">
    <tag k="ele" v="28.643976190476188"/>
    <tag k="local_x" v="-9308.140756829831"/>
    <tag k="local_y" v="-40825.35779591968"/>
  </node>
  <node id="600" visible="true" version="1" lat="0.00000000000" lon="0.00000000000">
    <tag k="ele" v="28.65045238095238"/>
    <tag k="local_x" v="-9307.76184132073"/>
    <tag k="local_y" v="-40824.43859456414"/>
  </node>
  <node id="601" visible="true" version="1" lat="0.00000000000" lon="0.00000000000">
    <tag k="ele" v="28.65692857142857"/>
    <tag k="local_x" v="-9307.467469147965"/>
    <tag k="local_y" v="-40823.4676786694"/>
  </node>
  <node id="602" visible="true" version="1" lat="0.00000000000" lon="0.00000000000">
    <tag k="ele" v="28.66340476190476"/>
    <tag k="local_x" v="-9307.255409375251"/>
    <tag k="local_y" v="-40822.4533162836"/>
  </node>
  <node id="603" visible="true" version="1" lat="0.00000000000" lon="0.00000000000">
    <tag k="ele" v="28.66988095238095"/>
    <tag k="local_x" v="-9307.123431066311"/>
    <tag k="local_y" v="-40821.40377545491"/>
  </node>
  <node id="604" visible="true" version="1" lat="0.00000000000" lon="0.00000000000">
    <tag k="ele" v="28.676357142857142"/>
    <tag k="local_x" v="-9307.069303284865"/>
    <tag k="local_y" v="-40820.32732423149"/>
  </node>
  <node id="605" visible="true" version="1" lat="0.00000000000" lon="0.00000000000">
    <tag k="ele" v="28.68283333333333"/>
    <tag k="local_x" v="-9307.090795094626"/>
    <tag k="local_y" v="-40819.23223066152"/>
  </node>
  <node id="606" visible="true" version="1" lat="0.00000000000" lon="0.00000000000">
    <tag k="ele" v="28.689309523809523"/>
    <tag k="local_x" v="-9307.185675559318"/>
    <tag k="local_y" v="-40818.12676279315"/>
  </node>
  <node id="607" visible="true" version="1" lat="0.00000000000" lon="0.00000000000">
    <tag k="ele" v="28.695785714285712"/>
    <tag k="local_x" v="-9307.351713742655"/>
    <tag k="local_y" v="-40817.019188674545"/>
  </node>
  <node id="608" visible="true" version="1" lat="0.00000000000" lon="0.00000000000">
    <tag k="ele" v="28.702261904761905"/>
    <tag k="local_x" v="-9307.58667870836"/>
    <tag k="local_y" v="-40815.91777635387"/>
  </node>
  <node id="609" visible="true" version="1" lat="0.00000000000" lon="0.00000000000">
    <tag k="ele" v="28.708738095238093"/>
    <tag k="local_x" v="-9307.88833952015"/>
    <tag k="local_y" v="-40814.8307938793"/>
  </node>
  <node id="610" visible="true" version="1" lat="0.00000000000" lon="0.00000000000">
    <tag k="ele" v="28.715214285714286"/>
    <tag k="local_x" v="-9308.25446524174"/>
    <tag k="local_y" v="-40813.766509299"/>
  </node>
  <node id="611" visible="true" version="1" lat="0.00000000000" lon="0.00000000000">
    <tag k="ele" v="28.721690476190474"/>
    <tag k="local_x" v="-9308.68282493685"/>
    <tag k="local_y" v="-40812.733190661114"/>
  </node>
  <node id="612" visible="true" version="1" lat="0.00000000000" lon="0.00000000000">
    <tag k="ele" v="28.728166666666667"/>
    <tag k="local_x" v="-9309.171187669202"/>
    <tag k="local_y" v="-40811.73910601383"/>
  </node>
  <node id="613" visible="true" version="1" lat="0.00000000000" lon="0.00000000000">
    <tag k="ele" v="28.734642857142855"/>
    <tag k="local_x" v="-9309.717322502514"/>
    <tag k="local_y" v="-40810.792523405304"/>
  </node>
  <node id="614" visible="true" version="1" lat="0.00000000000" lon="0.00000000000">
    <tag k="ele" v="28.741119047619048"/>
    <tag k="local_x" v="-9310.318998500503"/>
    <tag k="local_y" v="-40809.9017108837"/>
  </node>
  <node id="615" visible="true" version="1" lat="0.00000000000" lon="0.00000000000">
    <tag k="ele" v="28.747595238095236"/>
    <tag k="local_x" v="-9310.973984726885"/>
    <tag k="local_y" v="-40809.074936497185"/>
  </node>
  <node id="616" visible="true" version="1" lat="0.00000000000" lon="0.00000000000">
    <tag k="ele" v="28.75407142857143"/>
    <tag k="local_x" v="-9311.68005024538"/>
    <tag k="local_y" v="-40808.320468293925"/>
  </node>
  <node id="617" visible="true" version="1" lat="0.00000000000" lon="0.00000000000">
    <tag k="ele" v="28.760547619047617"/>
    <tag k="local_x" v="-9312.43496411971"/>
    <tag k="local_y" v="-40807.646574322076"/>
  </node>
  <node id="618" visible="true" version="1" lat="0.00000000000" lon="0.00000000000">
    <tag k="ele" v="28.76702380952381"/>
    <tag k="local_x" v="-9313.23649541359"/>
    <tag k="local_y" v="-40807.0615226298"/>
  </node>
  <node id="619" visible="true" version="1" lat="0.00000000000" lon="0.00000000000">
    <tag k="ele" v="28.64238888888889"/>
    <tag k="local_x" v="-9308.184605947014"/>
    <tag k="local_y" v="-40825.338874816436"/>
  </node>
  <node id="620" visible="true" version="1" lat="0.00000000000" lon="0.00000000000">
    <tag k="ele" v="28.647277777777777"/>
    <tag k="local_x" v="-9307.744695628053"/>
    <tag k="local_y" v="-40824.47041018295"/>
  </node>
  <node id="621" visible="true" version="1" lat="0.00000000000" lon="0.00000000000">
    <tag k="ele" v="28.652166666666666"/>
    <tag k="local_x" v="-9307.288129796303"/>
    <tag k="local_y" v="-40823.610861672874"/>
  </node>
  <node id="622" visible="true" version="1" lat="0.00000000000" lon="0.00000000000">
    <tag k="ele" v="28.657055555555555"/>
    <tag k="local_x" v="-9306.816322593404"/>
    <tag k="local_y" v="-40822.75947017173"/>
  </node>
  <node id="623" visible="true" version="1" lat="0.00000000000" lon="0.00000000000">
    <tag k="ele" v="28.661944444444444"/>
    <tag k="local_x" v="-9306.330688160999"/>
    <tag k="local_y" v="-40821.91547656506"/>
  </node>
  <node id="624" visible="true" version="1" lat="0.00000000000" lon="0.00000000000">
    <tag k="ele" v="28.666833333333333"/>
    <tag k="local_x" v="-9305.832640640723"/>
    <tag k="local_y" v="-40821.07812173837"/>
  </node>
  <node id="625" visible="true" version="1" lat="0.00000000000" lon="0.00000000000">
    <tag k="ele" v="28.671722222222222"/>
    <tag k="local_x" v="-9305.32359417422"/>
    <tag k="local_y" v="-40820.246646577216"/>
  </node>
  <node id="626" visible="true" version="1" lat="0.00000000000" lon="0.00000000000">
    <tag k="ele" v="28.67661111111111"/>
    <tag k="local_x" v="-9304.804962903128"/>
    <tag k="local_y" v="-40819.4202919671"/>
  </node>
  <node id="627" visible="true" version="1" lat="0.00000000000" lon="0.00000000000">
    <tag k="ele" v="28.6815"/>
    <tag k="local_x" v="-9304.27816096909"/>
    <tag k="local_y" v="-40818.59829879355"/>
  </node>
  <node id="628" visible="true" version="1" lat="0.00000000000" lon="0.00000000000">
    <tag k="ele" v="28.68638888888889"/>
    <tag k="local_x" v="-9303.744602513741"/>
    <tag k="local_y" v="-40817.7799079421"/>
  </node>
  <node id="629" visible="true" version="1" lat="0.00000000000" lon="0.00000000000">
    <tag k="ele" v="28.691277777777778"/>
    <tag k="local_x" v="-9303.205701678724"/>
    <tag k="local_y" v="-40816.964360298276"/>
  </node>
  <node id="630" visible="true" version="1" lat="0.00000000000" lon="0.00000000000">
    <tag k="ele" v="28.696166666666667"/>
    <tag k="local_x" v="-9302.662872605679"/>
    <tag k="local_y" v="-40816.15089674761"/>
  </node>
  <node id="631" visible="true" version="1" lat="0.00000000000" lon="0.00000000000">
    <tag k="ele" v="28.701055555555556"/>
    <tag k="local_x" v="-9302.117529436244"/>
    <tag k="local_y" v="-40815.33875817561"/>
  </node>
  <node id="632" visible="true" version="1" lat="0.00000000000" lon="0.00000000000">
    <tag k="ele" v="28.70594444444444"/>
    <tag k="local_x" v="-9301.57108631206"/>
    <tag k="local_y" v="-40814.527185467814"/>
  </node>
  <node id="633" visible="true" version="1" lat="0.00000000000" lon="0.00000000000">
    <tag k="ele" v="28.71083333333333"/>
    <tag k="local_x" v="-9301.024957374768"/>
    <tag k="local_y" v="-40813.715419509754"/>
  </node>
  <node id="634" visible="true" version="1" lat="0.00000000000" lon="0.00000000000">
    <tag k="ele" v="28.71572222222222"/>
    <tag k="local_x" v="-9300.480556766006"/>
    <tag k="local_y" v="-40812.90270118694"/>
  </node>
  <node id="635" visible="true" version="1" lat="0.00000000000" lon="0.00000000000">
    <tag k="ele" v="28.720611111111108"/>
    <tag k="local_x" v="-9299.939298627414"/>
    <tag k="local_y" v="-40812.08827138492"/>
  </node>
  <node id="636" visible="true" version="1" lat="0.00000000000" lon="0.00000000000">
    <tag k="ele" v="28.725499999999997"/>
    <tag k="local_x" v="-9299.402597100636"/>
    <tag k="local_y" v="-40811.2713709892"/>
  </node>
  <node id="637" visible="true" version="1" lat="0.00000000000" lon="0.00000000000">
    <tag k="ele" v="28.730388888888886"/>
    <tag k="local_x" v="-9298.871866327305"/>
    <tag k="local_y" v="-40810.45124088531"/>
  </node>
  <node id="638" visible="true" version="1" lat="0.00000000000" lon="0.00000000000">
    <tag k="ele" v="28.735277777777775"/>
    <tag k="local_x" v="-9298.348520449066"/>
    <tag k="local_y" v="-40809.6271219588"/>
  </node>
  <node id="639" visible="true" version="1" lat="0.00000000000" lon="0.00000000000">
    <tag k="ele" v="28.740166666666664"/>
    <tag k="local_x" v="-9297.833973607558"/>
    <tag k="local_y" v="-40808.798255095164"/>
  </node>
  <node id="640" visible="true" version="1" lat="0.00000000000" lon="0.00000000000">
    <tag k="ele" v="28.745055555555552"/>
    <tag k="local_x" v="-9297.32963994442"/>
    <tag k="local_y" v="-40807.96388117995"/>
  </node>
  <node id="641" visible="true" version="1" lat="0.00000000000" lon="0.00000000000">
    <tag k="ele" v="28.74994444444444"/>
    <tag k="local_x" v="-9296.836933601291"/>
    <tag k="local_y" v="-40807.12324109866"/>
  </node>
  <node id="642" visible="true" version="1" lat="0.00000000000" lon="0.00000000000">
    <tag k="ele" v="28.75483333333333"/>
    <tag k="local_x" v="-9296.357268719816"/>
    <tag k="local_y" v="-40806.27557573686"/>
  </node>
  <node id="643" visible="true" version="1" lat="0.00000000000" lon="0.00000000000">
    <tag k="ele" v="28.75972222222222"/>
    <tag k="local_x" v="-9295.892059441625"/>
    <tag k="local_y" v="-40805.42012598003"/>
  </node>
  <node id="644" visible="true" version="1" lat="0.00000000000" lon="0.00000000000">
    <tag k="ele" v="28.76461111111111"/>
    <tag k="local_x" v="-9295.442719908368"/>
    <tag k="local_y" v="-40804.55613271374"/>
  </node>
  <node id="645" visible="true" version="1" lat="0.00000000000" lon="0.00000000000">
    <tag k="ele" v="28.642214285714285"/>
    <tag k="local_x" v="-9305.382676816977"/>
    <tag k="local_y" v="-40827.43869581367"/>
  </node>
  <node id="646" visible="true" version="1" lat="0.00000000000" lon="0.00000000000">
    <tag k="ele" v="28.64692857142857"/>
    <tag k="local_x" v="-9304.94796504435"/>
    <tag k="local_y" v="-40826.578117275814"/>
  </node>
  <node id="647" visible="true" version="1" lat="0.00000000000" lon="0.00000000000">
    <tag k="ele" v="28.651642857142857"/>
    <tag k="local_x" v="-9304.497267894187"/>
    <tag k="local_y" v="-40825.72609514127"/>
  </node>
  <node id="648" visible="true" version="1" lat="0.00000000000" lon="0.00000000000">
    <tag k="ele" v="28.656357142857143"/>
    <tag k="local_x" v="-9304.031886215416"/>
    <tag k="local_y" v="-40824.88193120282"/>
  </node>
  <node id="649" visible="true" version="1" lat="0.00000000000" lon="0.00000000000">
    <tag k="ele" v="28.66107142857143"/>
    <tag k="local_x" v="-9303.553120856966"/>
    <tag k="local_y" v="-40824.044927253235"/>
  </node>
  <node id="650" visible="true" version="1" lat="0.00000000000" lon="0.00000000000">
    <tag k="ele" v="28.665785714285715"/>
    <tag k="local_x" v="-9303.062272667774"/>
    <tag k="local_y" v="-40823.21438508529"/>
  </node>
  <node id="651" visible="true" version="1" lat="0.00000000000" lon="0.00000000000">
    <tag k="ele" v="28.670499999999997"/>
    <tag k="local_x" v="-9302.560642496768"/>
    <tag k="local_y" v="-40822.38960649174"/>
  </node>
  <node id="652" visible="true" version="1" lat="0.00000000000" lon="0.00000000000">
    <tag k="ele" v="28.675214285714283"/>
    <tag k="local_x" v="-9302.04953119288"/>
    <tag k="local_y" v="-40821.56989326539"/>
  </node>
  <node id="653" visible="true" version="1" lat="0.00000000000" lon="0.00000000000">
    <tag k="ele" v="28.67992857142857"/>
    <tag k="local_x" v="-9301.530239605045"/>
    <tag k="local_y" v="-40820.75454719901"/>
  </node>
  <node id="654" visible="true" version="1" lat="0.00000000000" lon="0.00000000000">
    <tag k="ele" v="28.684642857142855"/>
    <tag k="local_x" v="-9301.00406858219"/>
    <tag k="local_y" v="-40819.94287008535"/>
  </node>
  <node id="655" visible="true" version="1" lat="0.00000000000" lon="0.00000000000">
    <tag k="ele" v="28.68935714285714"/>
    <tag k="local_x" v="-9300.472318973252"/>
    <tag k="local_y" v="-40819.134163717215"/>
  </node>
  <node id="656" visible="true" version="1" lat="0.00000000000" lon="0.00000000000">
    <tag k="ele" v="28.694071428571426"/>
    <tag k="local_x" v="-9299.936291627157"/>
    <tag k="local_y" v="-40818.327729887365"/>
  </node>
  <node id="657" visible="true" version="1" lat="0.00000000000" lon="0.00000000000">
    <tag k="ele" v="28.698785714285712"/>
    <tag k="local_x" v="-9299.39728739284"/>
    <tag k="local_y" v="-40817.52287038858"/>
  </node>
  <node id="658" visible="true" version="1" lat="0.00000000000" lon="0.00000000000">
    <tag k="ele" v="28.7035"/>
    <tag k="local_x" v="-9298.856607119233"/>
    <tag k="local_y" v="-40816.71888701362"/>
  </node>
  <node id="659" visible="true" version="1" lat="0.00000000000" lon="0.00000000000">
    <tag k="ele" v="28.708214285714284"/>
    <tag k="local_x" v="-9298.315551655267"/>
    <tag k="local_y" v="-40815.91508155528"/>
  </node>
  <node id="660" visible="true" version="1" lat="0.00000000000" lon="0.00000000000">
    <tag k="ele" v="28.71292857142857"/>
    <tag k="local_x" v="-9297.77542184987"/>
    <tag k="local_y" v="-40815.11075580633"/>
  </node>
  <node id="661" visible="true" version="1" lat="0.00000000000" lon="0.00000000000">
    <tag k="ele" v="28.717642857142856"/>
    <tag k="local_x" v="-9297.237518551981"/>
    <tag k="local_y" v="-40814.305211559535"/>
  </node>
  <node id="662" visible="true" version="1" lat="0.00000000000" lon="0.00000000000">
    <tag k="ele" v="28.722357142857142"/>
    <tag k="local_x" v="-9296.703142610526"/>
    <tag k="local_y" v="-40813.49775060768"/>
  </node>
  <node id="663" visible="true" version="1" lat="0.00000000000" lon="0.00000000000">
    <tag k="ele" v="28.727071428571428"/>
    <tag k="local_x" v="-9296.173594874439"/>
    <tag k="local_y" v="-40812.687674743545"/>
  </node>
  <node id="664" visible="true" version="1" lat="0.00000000000" lon="0.00000000000">
    <tag k="ele" v="28.731785714285714"/>
    <tag k="local_x" v="-9295.650176192652"/>
    <tag k="local_y" v="-40811.874285759885"/>
  </node>
  <node id="665" visible="true" version="1" lat="0.00000000000" lon="0.00000000000">
    <tag k="ele" v="28.7365"/>
    <tag k="local_x" v="-9295.134187414098"/>
    <tag k="local_y" v="-40811.056885449485"/>
  </node>
  <node id="666" visible="true" version="1" lat="0.00000000000" lon="0.00000000000">
    <tag k="ele" v="28.741214285714282"/>
    <tag k="local_x" v="-9294.626929387705"/>
    <tag k="local_y" v="-40810.23477560513"/>
  </node>
  <node id="667" visible="true" version="1" lat="0.00000000000" lon="0.00000000000">
    <tag k="ele" v="28.745928571428568"/>
    <tag k="local_x" v="-9294.129702962407"/>
    <tag k="local_y" v="-40809.40725801959"/>
  </node>
  <node id="668" visible="true" version="1" lat="0.00000000000" lon="0.00000000000">
    <tag k="ele" v="28.750642857142854"/>
    <tag k="local_x" v="-9293.643808987135"/>
    <tag k="local_y" v="-40808.57363448563"/>
  </node>
  <node id="669" visible="true" version="1" lat="0.00000000000" lon="0.00000000000">
    <tag k="ele" v="28.75535714285714"/>
    <tag k="local_x" v="-9293.170548310824"/>
    <tag k="local_y" v="-40807.73320679603"/>
  </node>
  <node id="670" visible="true" version="1" lat="0.00000000000" lon="0.00000000000">
    <tag k="ele" v="28.760071428571425"/>
    <tag k="local_x" v="-9292.711221782398"/>
    <tag k="local_y" v="-40806.885276743575"/>
  </node>
  <node id="671" visible="true" version="1" lat="0.00000000000" lon="0.00000000000">
    <tag k="ele" v="28.76478571428571"/>
    <tag k="local_x" v="-9292.267130250797"/>
    <tag k="local_y" v="-40806.02914612102"/>
  </node>
  <node id="672" visible="true" version="1" lat="0.00000000000" lon="0.00000000000">
    <tag k="ele" v="28.642214285714285"/>
    <tag k="local_x" v="-9305.318037875133"/>
    <tag k="local_y" v="-40827.472193032954"/>
  </node>
  <node id="673" visible="true" version="1" lat="0.00000000000" lon="0.00000000000">
    <tag k="ele" v="28.64692857142857"/>
    <tag k="local_x" v="-9304.829956080479"/>
    <tag k="local_y" v="-40826.639303838994"/>
  </node>
  <node id="674" visible="true" version="1" lat="0.00000000000" lon="0.00000000000">
    <tag k="ele" v="28.651642857142857"/>
    <tag k="local_x" v="-9304.336410037717"/>
    <tag k="local_y" v="-40825.809547011406"/>
  </node>
  <node id="675" visible="true" version="1" lat="0.00000000000" lon="0.00000000000">
    <tag k="ele" v="28.656357142857143"/>
    <tag k="local_x" v="-9303.837952805376"/>
    <tag k="local_y" v="-40824.98260818142"/>
  </node>
  <node id="676" visible="true" version="1" lat="0.00000000000" lon="0.00000000000">
    <tag k="ele" v="28.66107142857143"/>
    <tag k="local_x" v="-9303.335137442002"/>
    <tag k="local_y" v="-40824.158172980235"/>
  </node>
  <node id="677" visible="true" version="1" lat="0.00000000000" lon="0.00000000000">
    <tag k="ele" v="28.665785714285715"/>
    <tag k="local_x" v="-9302.82851700614"/>
    <tag k="local_y" v="-40823.3359270391"/>
  </node>
  <node id="678" visible="true" version="1" lat="0.00000000000" lon="0.00000000000">
    <tag k="ele" v="28.670499999999997"/>
    <tag k="local_x" v="-9302.31864455633"/>
    <tag k="local_y" v="-40822.515555989215"/>
  </node>
  <node id="679" visible="true" version="1" lat="0.00000000000" lon="0.00000000000">
    <tag k="ele" v="28.675214285714283"/>
    <tag k="local_x" v="-9301.806073151109"/>
    <tag k="local_y" v="-40821.69674546183"/>
  </node>
  <node id="680" visible="true" version="1" lat="0.00000000000" lon="0.00000000000">
    <tag k="ele" v="28.67992857142857"/>
    <tag k="local_x" v="-9301.291355849024"/>
    <tag k="local_y" v="-40820.87918108815"/>
  </node>
  <node id="681" visible="true" version="1" lat="0.00000000000" lon="0.00000000000">
    <tag k="ele" v="28.684642857142855"/>
    <tag k="local_x" v="-9300.775045708615"/>
    <tag k="local_y" v="-40820.06254849941"/>
  </node>
  <node id="682" visible="true" version="1" lat="0.00000000000" lon="0.00000000000">
    <tag k="ele" v="28.68935714285714"/>
    <tag k="local_x" v="-9300.25769578842"/>
    <tag k="local_y" v="-40819.24653332683"/>
  </node>
  <node id="683" visible="true" version="1" lat="0.00000000000" lon="0.00000000000">
    <tag k="ele" v="28.694071428571426"/>
    <tag k="local_x" v="-9299.739859146986"/>
    <tag k="local_y" v="-40818.43082120163"/>
  </node>
  <node id="684" visible="true" version="1" lat="0.00000000000" lon="0.00000000000">
    <tag k="ele" v="28.698785714285712"/>
    <tag k="local_x" v="-9299.222088842851"/>
    <tag k="local_y" v="-40817.615097755035"/>
  </node>
  <node id="685" visible="true" version="1" lat="0.00000000000" lon="0.00000000000">
    <tag k="ele" v="28.7035"/>
    <tag k="local_x" v="-9298.704937934555"/>
    <tag k="local_y" v="-40816.79904861827"/>
  </node>
  <node id="686" visible="true" version="1" lat="0.00000000000" lon="0.00000000000">
    <tag k="ele" v="28.708214285714284"/>
    <tag k="local_x" v="-9298.188959480643"/>
    <tag k="local_y" v="-40815.98235942257"/>
  </node>
  <node id="687" visible="true" version="1" lat="0.00000000000" lon="0.00000000000">
    <tag k="ele" v="28.71292857142857"/>
    <tag k="local_x" v="-9297.674706539654"/>
    <tag k="local_y" v="-40815.16471579914"/>
  </node>
  <node id="688" visible="true" version="1" lat="0.00000000000" lon="0.00000000000">
    <tag k="ele" v="28.717642857142856"/>
    <tag k="local_x" v="-9297.162732170134"/>
    <tag k="local_y" v="-40814.345803379205"/>
  </node>
  <node id="689" visible="true" version="1" lat="0.00000000000" lon="0.00000000000">
    <tag k="ele" v="28.722357142857142"/>
    <tag k="local_x" v="-9296.653589430616"/>
    <tag k="local_y" v="-40813.52530779401"/>
  </node>
  <node id="690" visible="true" version="1" lat="0.00000000000" lon="0.00000000000">
    <tag k="ele" v="28.727071428571428"/>
    <tag k="local_x" v="-9296.147831379649"/>
    <tag k="local_y" v="-40812.70291467476"/>
  </node>
  <node id="691" visible="true" version="1" lat="0.00000000000" lon="0.00000000000">
    <tag k="ele" v="28.731785714285714"/>
    <tag k="local_x" v="-9295.64601107577"/>
    <tag k="local_y" v="-40811.87830965268"/>
  </node>
  <node id="692" visible="true" version="1" lat="0.00000000000" lon="0.00000000000">
    <tag k="ele" v="28.7365"/>
    <tag k="local_x" v="-9295.148681577524"/>
    <tag k="local_y" v="-40811.05117835899"/>
  </node>
  <node id="693" visible="true" version="1" lat="0.00000000000" lon="0.00000000000">
    <tag k="ele" v="28.741214285714282"/>
    <tag k="local_x" v="-9294.656395943448"/>
    <tag k="local_y" v="-40810.22120642494"/>
  </node>
  <node id="694" visible="true" version="1" lat="0.00000000000" lon="0.00000000000">
    <tag k="ele" v="28.745928571428568"/>
    <tag k="local_x" v="-9294.169707232088"/>
    <tag k="local_y" v="-40809.38807948172"/>
  </node>
  <node id="695" visible="true" version="1" lat="0.00000000000" lon="0.00000000000">
    <tag k="ele" v="28.750642857142854"/>
    <tag k="local_x" v="-9293.689168501984"/>
    <tag k="local_y" v="-40808.55148316058"/>
  </node>
  <node id="696" visible="true" version="1" lat="0.00000000000" lon="0.00000000000">
    <tag k="ele" v="28.75535714285714"/>
    <tag k="local_x" v="-9293.215332811676"/>
    <tag k="local_y" v="-40807.711103092726"/>
  </node>
  <node id="697" visible="true" version="1" lat="0.00000000000" lon="0.00000000000">
    <tag k="ele" v="28.760071428571425"/>
    <tag k="local_x" v="-9292.748753219708"/>
    <tag k="local_y" v="-40806.86662490939"/>
  </node>
  <node id="698" visible="true" version="1" lat="0.00000000000" lon="0.00000000000">
    <tag k="ele" v="28.76478571428571"/>
    <tag k="local_x" v="-9292.289982784618"/>
    <tag k="local_y" v="-40806.017734241796"/>
  </node>
  <node id="699" visible="true" version="1" lat="0.00000000000" lon="0.00000000000">
    <tag k="ele" v="28.712607142857138"/>
    <tag k="local_x" v="-9303.302696649462"/>
    <tag k="local_y" v="-40828.94653669237"/>
  </node>
  <node id="700" visible="true" version="1" lat="0.00000000000" lon="0.00000000000">
    <tag k="ele" v="28.714714285714283"/>
    <tag k="local_x" v="-9302.795195854344"/>
    <tag k="local_y" v="-40828.09979637612"/>
  </node>
  <node id="701" visible="true" version="1" lat="0.00000000000" lon="0.00000000000">
    <tag k="ele" v="28.716821428571425"/>
    <tag k="local_x" v="-9302.2771022076"/>
    <tag k="local_y" v="-40827.25939039097"/>
  </node>
  <node id="702" visible="true" version="1" lat="0.00000000000" lon="0.00000000000">
    <tag k="ele" v="28.718928571428567"/>
    <tag k="local_x" v="-9301.74939838319"/>
    <tag k="local_y" v="-40826.42473631938"/>
  </node>
  <node id="703" visible="true" version="1" lat="0.00000000000" lon="0.00000000000">
    <tag k="ele" v="28.721035714285712"/>
    <tag k="local_x" v="-9301.213067055063"/>
    <tag k="local_y" v="-40825.59525174382"/>
  </node>
  <node id="704" visible="true" version="1" lat="0.00000000000" lon="0.00000000000">
    <tag k="ele" v="28.723142857142854"/>
    <tag k="local_x" v="-9300.669090897169"/>
    <tag k="local_y" v="-40824.77035424676"/>
  </node>
  <node id="705" visible="true" version="1" lat="0.00000000000" lon="0.00000000000">
    <tag k="ele" v="28.725249999999996"/>
    <tag k="local_x" v="-9300.118452583458"/>
    <tag k="local_y" v="-40823.94946141065"/>
  </node>
  <node id="706" visible="true" version="1" lat="0.00000000000" lon="0.00000000000">
    <tag k="ele" v="28.72735714285714"/>
    <tag k="local_x" v="-9299.562134787882"/>
    <tag k="local_y" v="-40823.131990817994"/>
  </node>
  <node id="707" visible="true" version="1" lat="0.00000000000" lon="0.00000000000">
    <tag k="ele" v="28.729464285714283"/>
    <tag k="local_x" v="-9299.001120184395"/>
    <tag k="local_y" v="-40822.31736005123"/>
  </node>
  <node id="708" visible="true" version="1" lat="0.00000000000" lon="0.00000000000">
    <tag k="ele" v="28.731571428571424"/>
    <tag k="local_x" v="-9298.436391446943"/>
    <tag k="local_y" v="-40821.50498669284"/>
  </node>
  <node id="709" visible="true" version="1" lat="0.00000000000" lon="0.00000000000">
    <tag k="ele" v="28.73367857142857"/>
    <tag k="local_x" v="-9297.86893124948"/>
    <tag k="local_y" v="-40820.694288325285"/>
  </node>
  <node id="710" visible="true" version="1" lat="0.00000000000" lon="0.00000000000">
    <tag k="ele" v="28.73578571428571"/>
    <tag k="local_x" v="-9297.299722265958"/>
    <tag k="local_y" v="-40819.88468253105"/>
  </node>
  <node id="711" visible="true" version="1" lat="0.00000000000" lon="0.00000000000">
    <tag k="ele" v="28.737892857142853"/>
    <tag k="local_x" v="-9296.729747170324"/>
    <tag k="local_y" v="-40819.075586892584"/>
  </node>
  <node id="712" visible="true" version="1" lat="0.00000000000" lon="0.00000000000">
    <tag k="ele" v="28.739999999999995"/>
    <tag k="local_x" v="-9296.159988636533"/>
    <tag k="local_y" v="-40818.26641899237"/>
  </node>
  <node id="713" visible="true" version="1" lat="0.00000000000" lon="0.00000000000">
    <tag k="ele" v="28.74210714285714"/>
    <tag k="local_x" v="-9295.591429338536"/>
    <tag k="local_y" v="-40817.45659641287"/>
  </node>
  <node id="714" visible="true" version="1" lat="0.00000000000" lon="0.00000000000">
    <tag k="ele" v="28.744214285714282"/>
    <tag k="local_x" v="-9295.025051950279"/>
    <tag k="local_y" v="-40816.64553673655"/>
  </node>
  <node id="715" visible="true" version="1" lat="0.00000000000" lon="0.00000000000">
    <tag k="ele" v="28.746321428571424"/>
    <tag k="local_x" v="-9294.461839145717"/>
    <tag k="local_y" v="-40815.832657545885"/>
  </node>
  <node id="716" visible="true" version="1" lat="0.00000000000" lon="0.00000000000">
    <tag k="ele" v="28.74842857142857"/>
    <tag k="local_x" v="-9293.902773598802"/>
    <tag k="local_y" v="-40815.01737642334"/>
  </node>
  <node id="717" visible="true" version="1" lat="0.00000000000" lon="0.00000000000">
    <tag k="ele" v="28.75053571428571"/>
    <tag k="local_x" v="-9293.348837983483"/>
    <tag k="local_y" v="-40814.199110951384"/>
  </node>
  <node id="718" visible="true" version="1" lat="0.00000000000" lon="0.00000000000">
    <tag k="ele" v="28.752642857142853"/>
    <tag k="local_x" v="-9292.801014973713"/>
    <tag k="local_y" v="-40813.37727871249"/>
  </node>
  <node id="719" visible="true" version="1" lat="0.00000000000" lon="0.00000000000">
    <tag k="ele" v="28.754749999999998"/>
    <tag k="local_x" v="-9292.26028724344"/>
    <tag k="local_y" v="-40812.551297289116"/>
  </node>
  <node id="720" visible="true" version="1" lat="0.00000000000" lon="0.00000000000">
    <tag k="ele" v="28.75685714285714"/>
    <tag k="local_x" v="-9291.727637466618"/>
    <tag k="local_y" v="-40811.72058426374"/>
  </node>
  <node id="721" visible="true" version="1" lat="0.00000000000" lon="0.00000000000">
    <tag k="ele" v="28.75896428571428"/>
    <tag k="local_x" v="-9291.204048317197"/>
    <tag k="local_y" v="-40810.88455721883"/>
  </node>
  <node id="722" visible="true" version="1" lat="0.00000000000" lon="0.00000000000">
    <tag k="ele" v="28.761071428571427"/>
    <tag k="local_x" v="-9290.69050246913"/>
    <tag k="local_y" v="-40810.042633736855"/>
  </node>
  <node id="723" visible="true" version="1" lat="0.00000000000" lon="0.00000000000">
    <tag k="ele" v="28.76317857142857"/>
    <tag k="local_x" v="-9290.187982596362"/>
    <tag k="local_y" v="-40809.19423140028"/>
  </node>
  <node id="724" visible="true" version="1" lat="0.00000000000" lon="0.00000000000">
    <tag k="ele" v="28.76528571428571"/>
    <tag k="local_x" v="-9289.697471372849"/>
    <tag k="local_y" v="-40808.338767791574"/>
  </node>
  <node id="725" visible="true" version="1" lat="0.00000000000" lon="0.00000000000">
    <tag k="ele" v="28.767392857142855"/>
    <tag k="local_x" v="-9289.219951472542"/>
    <tag k="local_y" v="-40807.475660493204"/>
  </node>
  <node id="726" visible="true" version="1" lat="0.00000000000" lon="0.00000000000">
    <tag k="ele" v="28.63998404255319"/>
    <tag k="local_x" v="-9305.29251304438"/>
    <tag k="local_y" v="-40827.4427531225"/>
  </node>
  <node id="727" visible="true" version="1" lat="0.00000000000" lon="0.00000000000">
    <tag k="ele" v="28.642468085106383"/>
    <tag k="local_x" v="-9304.756118925005"/>
    <tag k="local_y" v="-40826.57178280241"/>
  </node>
  <node id="728" visible="true" version="1" lat="0.00000000000" lon="0.00000000000">
    <tag k="ele" v="28.644952127659575"/>
    <tag k="local_x" v="-9304.191808893136"/>
    <tag k="local_y" v="-40825.697048845665"/>
  </node>
  <node id="729" visible="true" version="1" lat="0.00000000000" lon="0.00000000000">
    <tag k="ele" v="28.647436170212764"/>
    <tag k="local_x" v="-9303.600471836899"/>
    <tag k="local_y" v="-40824.81998209609"/>
  </node>
  <node id="730" visible="true" version="1" lat="0.00000000000" lon="0.00000000000">
    <tag k="ele" v="28.649920212765956"/>
    <tag k="local_x" v="-9302.982996644427"/>
    <tag k="local_y" v="-40823.942013397536"/>
  </node>
  <node id="731" visible="true" version="1" lat="0.00000000000" lon="0.00000000000">
    <tag k="ele" v="28.652404255319148"/>
    <tag k="local_x" v="-9302.340272203848"/>
    <tag k="local_y" v="-40823.06457359389"/>
  </node>
  <node id="732" visible="true" version="1" lat="0.00000000000" lon="0.00000000000">
    <tag k="ele" v="28.65488829787234"/>
    <tag k="local_x" v="-9301.673187403294"/>
    <tag k="local_y" v="-40822.18909352897"/>
  </node>
  <node id="733" visible="true" version="1" lat="0.00000000000" lon="0.00000000000">
    <tag k="ele" v="28.657372340425532"/>
    <tag k="local_x" v="-9300.982631130893"/>
    <tag k="local_y" v="-40821.317004046636"/>
  </node>
  <node id="734" visible="true" version="1" lat="0.00000000000" lon="0.00000000000">
    <tag k="ele" v="28.659856382978724"/>
    <tag k="local_x" v="-9300.26949227477"/>
    <tag k="local_y" v="-40820.44973599074"/>
  </node>
  <node id="735" visible="true" version="1" lat="0.00000000000" lon="0.00000000000">
    <tag k="ele" v="28.662340425531916"/>
    <tag k="local_x" v="-9299.534659723064"/>
    <tag k="local_y" v="-40819.58872020513"/>
  </node>
  <node id="736" visible="true" version="1" lat="0.00000000000" lon="0.00000000000">
    <tag k="ele" v="28.664824468085104"/>
    <tag k="local_x" v="-9298.779022363899"/>
    <tag k="local_y" v="-40818.735387533685"/>
  </node>
  <node id="737" visible="true" version="1" lat="0.00000000000" lon="0.00000000000">
    <tag k="ele" v="28.667308510638296"/>
    <tag k="local_x" v="-9298.0034690854"/>
    <tag k="local_y" v="-40817.89116882022"/>
  </node>
  <node id="738" visible="true" version="1" lat="0.00000000000" lon="0.00000000000">
    <tag k="ele" v="28.66979255319149"/>
    <tag k="local_x" v="-9297.208888775705"/>
    <tag k="local_y" v="-40817.057494908615"/>
  </node>
  <node id="739" visible="true" version="1" lat="0.00000000000" lon="0.00000000000">
    <tag k="ele" v="28.67227659574468"/>
    <tag k="local_x" v="-9296.396170322942"/>
    <tag k="local_y" v="-40816.235796642715"/>
  </node>
  <node id="740" visible="true" version="1" lat="0.00000000000" lon="0.00000000000">
    <tag k="ele" v="28.674760638297872"/>
    <tag k="local_x" v="-9295.566202615237"/>
    <tag k="local_y" v="-40815.42750486637"/>
  </node>
  <node id="741" visible="true" version="1" lat="0.00000000000" lon="0.00000000000">
    <tag k="ele" v="28.677244680851064"/>
    <tag k="local_x" v="-9294.71987454072"/>
    <tag k="local_y" v="-40814.634050423425"/>
  </node>
  <node id="742" visible="true" version="1" lat="0.00000000000" lon="0.00000000000">
    <tag k="ele" v="28.679728723404253"/>
    <tag k="local_x" v="-9293.858074987524"/>
    <tag k="local_y" v="-40813.85686415774"/>
  </node>
  <node id="743" visible="true" version="1" lat="0.00000000000" lon="0.00000000000">
    <tag k="ele" v="28.682212765957445"/>
    <tag k="local_x" v="-9292.981692843774"/>
    <tag k="local_y" v="-40813.09737691316"/>
  </node>
  <node id="744" visible="true" version="1" lat="0.00000000000" lon="0.00000000000">
    <tag k="ele" v="28.684696808510637"/>
    <tag k="local_x" v="-9292.091616997604"/>
    <tag k="local_y" v="-40812.357019533556"/>
  </node>
  <node id="745" visible="true" version="1" lat="0.00000000000" lon="0.00000000000">
    <tag k="ele" v="28.68718085106383"/>
    <tag k="local_x" v="-9291.188736337139"/>
    <tag k="local_y" v="-40811.63722286275"/>
  </node>
  <node id="746" visible="true" version="1" lat="0.00000000000" lon="0.00000000000">
    <tag k="ele" v="28.68966489361702"/>
    <tag k="local_x" v="-9290.273939750516"/>
    <tag k="local_y" v="-40810.93941774463"/>
  </node>
  <node id="747" visible="true" version="1" lat="0.00000000000" lon="0.00000000000">
    <tag k="ele" v="28.692148936170213"/>
    <tag k="local_x" v="-9289.348116125855"/>
    <tag k="local_y" v="-40810.26503502302"/>
  </node>
  <node id="748" visible="true" version="1" lat="0.00000000000" lon="0.00000000000">
    <tag k="ele" v="28.694632978723405"/>
    <tag k="local_x" v="-9288.412154351292"/>
    <tag k="local_y" v="-40809.615505541784"/>
  </node>
  <node id="749" visible="true" version="1" lat="0.00000000000" lon="0.00000000000">
    <tag k="ele" v="28.697117021276593"/>
    <tag k="local_x" v="-9287.466943314954"/>
    <tag k="local_y" v="-40808.99226014477"/>
  </node>
  <node id="750" visible="true" version="1" lat="0.00000000000" lon="0.00000000000">
    <tag k="ele" v="28.699601063829785"/>
    <tag k="local_x" v="-9286.513371904972"/>
    <tag k="local_y" v="-40808.39672967584"/>
  </node>
  <node id="751" visible="true" version="1" lat="0.00000000000" lon="0.00000000000">
    <tag k="ele" v="28.702085106382977"/>
    <tag k="local_x" v="-9285.552329009473"/>
    <tag k="local_y" v="-40807.83034497882"/>
  </node>
  <node id="752" visible="true" version="1" lat="0.00000000000" lon="0.00000000000">
    <tag k="ele" v="28.70456914893617"/>
    <tag k="local_x" v="-9284.584703516592"/>
    <tag k="local_y" v="-40807.2945368976"/>
  </node>
  <node id="753" visible="true" version="1" lat="0.00000000000" lon="0.00000000000">
    <tag k="ele" v="28.70705319148936"/>
    <tag k="local_x" v="-9283.611384314452"/>
    <tag k="local_y" v="-40806.79073627601"/>
  </node>
  <node id="754" visible="true" version="1" lat="0.00000000000" lon="0.00000000000">
    <tag k="ele" v="28.709537234042553"/>
    <tag k="local_x" v="-9282.633260291188"/>
    <tag k="local_y" v="-40806.320373957904"/>
  </node>
  <node id="755" visible="true" version="1" lat="0.00000000000" lon="0.00000000000">
    <tag k="ele" v="28.712021276595745"/>
    <tag k="local_x" v="-9281.651220334927"/>
    <tag k="local_y" v="-40805.88488078713"/>
  </node>
  <node id="756" visible="true" version="1" lat="0.00000000000" lon="0.00000000000">
    <tag k="ele" v="28.714505319148934"/>
    <tag k="local_x" v="-9280.666153333796"/>
    <tag k="local_y" v="-40805.48568760754"/>
  </node>
  <node id="757" visible="true" version="1" lat="0.00000000000" lon="0.00000000000">
    <tag k="ele" v="28.716989361702126"/>
    <tag k="local_x" v="-9279.678948175932"/>
    <tag k="local_y" v="-40805.12422526301"/>
  </node>
  <node id="758" visible="true" version="1" lat="0.00000000000" lon="0.00000000000">
    <tag k="ele" v="28.719473404255318"/>
    <tag k="local_x" v="-9278.690493749456"/>
    <tag k="local_y" v="-40804.80192459736"/>
  </node>
  <node id="759" visible="true" version="1" lat="0.00000000000" lon="0.00000000000">
    <tag k="ele" v="28.72195744680851"/>
    <tag k="local_x" v="-9277.701678942503"/>
    <tag k="local_y" v="-40804.52021645446"/>
  </node>
  <node id="760" visible="true" version="1" lat="0.00000000000" lon="0.00000000000">
    <tag k="ele" v="28.724441489361702"/>
    <tag k="local_x" v="-9276.713392643202"/>
    <tag k="local_y" v="-40804.28053167817"/>
  </node>
  <node id="761" visible="true" version="1" lat="0.00000000000" lon="0.00000000000">
    <tag k="ele" v="28.726925531914894"/>
    <tag k="local_x" v="-9275.726523739679"/>
    <tag k="local_y" v="-40804.084301112314"/>
  </node>
  <node id="762" visible="true" version="1" lat="0.00000000000" lon="0.00000000000">
    <tag k="ele" v="28.729409574468082"/>
    <tag k="local_x" v="-9274.741961120068"/>
    <tag k="local_y" v="-40803.93295560077"/>
  </node>
  <node id="763" visible="true" version="1" lat="0.00000000000" lon="0.00000000000">
    <tag k="ele" v="28.731893617021274"/>
    <tag k="local_x" v="-9273.760593672494"/>
    <tag k="local_y" v="-40803.827925987374"/>
  </node>
  <node id="764" visible="true" version="1" lat="0.00000000000" lon="0.00000000000">
    <tag k="ele" v="28.734377659574466"/>
    <tag k="local_x" v="-9272.783310285095"/>
    <tag k="local_y" v="-40803.770643116"/>
  </node>
  <node id="765" visible="true" version="1" lat="0.00000000000" lon="0.00000000000">
    <tag k="ele" v="28.73686170212766"/>
    <tag k="local_x" v="-9271.81099984599"/>
    <tag k="local_y" v="-40803.76253783047"/>
  </node>
  <node id="766" visible="true" version="1" lat="0.00000000000" lon="0.00000000000">
    <tag k="ele" v="28.73934574468085"/>
    <tag k="local_x" v="-9270.844551243315"/>
    <tag k="local_y" v="-40803.80504097466"/>
  </node>
  <node id="767" visible="true" version="1" lat="0.00000000000" lon="0.00000000000">
    <tag k="ele" v="28.741829787234042"/>
    <tag k="local_x" v="-9269.884853365198"/>
    <tag k="local_y" v="-40803.899583392405"/>
  </node>
  <node id="768" visible="true" version="1" lat="0.00000000000" lon="0.00000000000">
    <tag k="ele" v="28.744313829787234"/>
    <tag k="local_x" v="-9268.932795099767"/>
    <tag k="local_y" v="-40804.04759592758"/>
  </node>
  <node id="769" visible="true" version="1" lat="0.00000000000" lon="0.00000000000">
    <tag k="ele" v="28.746797872340423"/>
    <tag k="local_x" v="-9267.989265335154"/>
    <tag k="local_y" v="-40804.250509424004"/>
  </node>
  <node id="770" visible="true" version="1" lat="0.00000000000" lon="0.00000000000">
    <tag k="ele" v="28.749281914893615"/>
    <tag k="local_x" v="-9267.05515295949"/>
    <tag k="local_y" v="-40804.50975472556"/>
  </node>
  <node id="771" visible="true" version="1" lat="0.00000000000" lon="0.00000000000">
    <tag k="ele" v="28.751765957446807"/>
    <tag k="local_x" v="-9266.1313468609"/>
    <tag k="local_y" v="-40804.82676267609"/>
  </node>
  <node id="772" visible="true" version="1" lat="0.00000000000" lon="0.00000000000">
    <tag k="ele" v="28.713931818181813"/>
    <tag k="local_x" v="-9303.297945976059"/>
    <tag k="local_y" v="-40828.948119037355"/>
  </node>
  <node id="773" visible="true" version="1" lat="0.00000000000" lon="0.00000000000">
    <tag k="ele" v="28.717363636363633"/>
    <tag k="local_x" v="-9302.766808249651"/>
    <tag k="local_y" v="-40828.09111373902"/>
  </node>
  <node id="774" visible="true" version="1" lat="0.00000000000" lon="0.00000000000">
    <tag k="ele" v="28.720795454545453"/>
    <tag k="local_x" v="-9302.206218508043"/>
    <tag k="local_y" v="-40827.2307643196"/>
  </node>
  <node id="775" visible="true" version="1" lat="0.00000000000" lon="0.00000000000">
    <tag k="ele" v="28.72422727272727"/>
    <tag k="local_x" v="-9301.617186519494"/>
    <tag k="local_y" v="-40826.36865723644"/>
  </node>
  <node id="776" visible="true" version="1" lat="0.00000000000" lon="0.00000000000">
    <tag k="ele" v="28.727659090909086"/>
    <tag k="local_x" v="-9301.00072205226"/>
    <tag k="local_y" v="-40825.50637894689"/>
  </node>
  <node id="777" visible="true" version="1" lat="0.00000000000" lon="0.00000000000">
    <tag k="ele" v="28.731090909090906"/>
    <tag k="local_x" v="-9300.357834874607"/>
    <tag k="local_y" v="-40824.64551590833"/>
  </node>
  <node id="778" visible="true" version="1" lat="0.00000000000" lon="0.00000000000">
    <tag k="ele" v="28.734522727272726"/>
    <tag k="local_x" v="-9299.689534754782"/>
    <tag k="local_y" v="-40823.787654578075"/>
  </node>
  <node id="779" visible="true" version="1" lat="0.00000000000" lon="0.00000000000">
    <tag k="ele" v="28.737954545454542"/>
    <tag k="local_x" v="-9298.996831461049"/>
    <tag k="local_y" v="-40822.93438141351"/>
  </node>
  <node id="780" visible="true" version="1" lat="0.00000000000" lon="0.00000000000">
    <tag k="ele" v="28.741386363636362"/>
    <tag k="local_x" v="-9298.280734761664"/>
    <tag k="local_y" v="-40822.087282871995"/>
  </node>
  <node id="781" visible="true" version="1" lat="0.00000000000" lon="0.00000000000">
    <tag k="ele" v="28.74481818181818"/>
    <tag k="local_x" v="-9297.542254424887"/>
    <tag k="local_y" v="-40821.247945410876"/>
  </node>
  <node id="782" visible="true" version="1" lat="0.00000000000" lon="0.00000000000">
    <tag k="ele" v="28.74825"/>
    <tag k="local_x" v="-9296.78240021897"/>
    <tag k="local_y" v="-40820.41795548749"/>
  </node>
  <node id="783" visible="true" version="1" lat="0.00000000000" lon="0.00000000000">
    <tag k="ele" v="28.751681818181815"/>
    <tag k="local_x" v="-9296.002181912178"/>
    <tag k="local_y" v="-40819.59889955923"/>
  </node>
  <node id="784" visible="true" version="1" lat="0.00000000000" lon="0.00000000000">
    <tag k="ele" v="28.75511363636363"/>
    <tag k="local_x" v="-9295.202609272761"/>
    <tag k="local_y" v="-40818.79236408341"/>
  </node>
  <node id="785" visible="true" version="1" lat="0.00000000000" lon="0.00000000000">
    <tag k="ele" v="28.75854545454545"/>
    <tag k="local_x" v="-9294.384692068985"/>
    <tag k="local_y" v="-40817.99993551743"/>
  </node>
  <node id="786" visible="true" version="1" lat="0.00000000000" lon="0.00000000000">
    <tag k="ele" v="28.76197727272727"/>
    <tag k="local_x" v="-9293.549440069102"/>
    <tag k="local_y" v="-40817.223200318615"/>
  </node>
  <node id="787" visible="true" version="1" lat="0.00000000000" lon="0.00000000000">
    <tag k="ele" v="28.76540909090909"/>
    <tag k="local_x" v="-9292.697863041372"/>
    <tag k="local_y" v="-40816.463744944325"/>
  </node>
  <node id="788" visible="true" version="1" lat="0.00000000000" lon="0.00000000000">
    <tag k="ele" v="28.768840909090905"/>
    <tag k="local_x" v="-9291.830970754052"/>
    <tag k="local_y" v="-40815.72315585193"/>
  </node>
  <node id="789" visible="true" version="1" lat="0.00000000000" lon="0.00000000000">
    <tag k="ele" v="28.772272727272725"/>
    <tag k="local_x" v="-9290.9497729754"/>
    <tag k="local_y" v="-40815.00301949876"/>
  </node>
  <node id="790" visible="true" version="1" lat="0.00000000000" lon="0.00000000000">
    <tag k="ele" v="28.775704545454545"/>
    <tag k="local_x" v="-9290.055279473674"/>
    <tag k="local_y" v="-40814.3049223422"/>
  </node>
  <node id="791" visible="true" version="1" lat="0.00000000000" lon="0.00000000000">
    <tag k="ele" v="28.77913636363636"/>
    <tag k="local_x" v="-9289.14850001713"/>
    <tag k="local_y" v="-40813.630450839584"/>
  </node>
  <node id="792" visible="true" version="1" lat="0.00000000000" lon="0.00000000000">
    <tag k="ele" v="28.782568181818178"/>
    <tag k="local_x" v="-9288.230444374029"/>
    <tag k="local_y" v="-40812.98119144828"/>
  </node>
  <node id="793" visible="true" version="1" lat="0.00000000000" lon="0.00000000000">
    <tag k="ele" v="28.785999999999998"/>
    <tag k="local_x" v="-9287.302122312627"/>
    <tag k="local_y" v="-40812.35873062563"/>
  </node>
  <node id="794" visible="true" version="1" lat="0.00000000000" lon="0.00000000000">
    <tag k="ele" v="28.789431818181818"/>
    <tag k="local_x" v="-9286.364543601181"/>
    <tag k="local_y" v="-40811.76465482901"/>
  </node>
  <node id="795" visible="true" version="1" lat="0.00000000000" lon="0.00000000000">
    <tag k="ele" v="28.792863636363634"/>
    <tag k="local_x" v="-9285.418718007948"/>
    <tag k="local_y" v="-40811.20055051575"/>
  </node>
  <node id="796" visible="true" version="1" lat="0.00000000000" lon="0.00000000000">
    <tag k="ele" v="28.796295454545454"/>
    <tag k="local_x" v="-9284.46565530119"/>
    <tag k="local_y" v="-40810.668004143234"/>
  </node>
  <node id="797" visible="true" version="1" lat="0.00000000000" lon="0.00000000000">
    <tag k="ele" v="28.79972727272727"/>
    <tag k="local_x" v="-9283.50636524916"/>
    <tag k="local_y" v="-40810.16860216881"/>
  </node>
  <node id="798" visible="true" version="1" lat="0.00000000000" lon="0.00000000000">
    <tag k="ele" v="28.80315909090909"/>
    <tag k="local_x" v="-9282.54185762012"/>
    <tag k="local_y" v="-40809.70393104981"/>
  </node>
  <node id="799" visible="true" version="1" lat="0.00000000000" lon="0.00000000000">
    <tag k="ele" v="28.806590909090907"/>
    <tag k="local_x" v="-9281.573142182326"/>
    <tag k="local_y" v="-40809.27557724362"/>
  </node>
  <node id="800" visible="true" version="1" lat="0.00000000000" lon="0.00000000000">
    <tag k="ele" v="28.810022727272724"/>
    <tag k="local_x" v="-9280.601228704032"/>
    <tag k="local_y" v="-40808.88512720757"/>
  </node>
  <node id="801" visible="true" version="1" lat="0.00000000000" lon="0.00000000000">
    <tag k="ele" v="28.813454545454544"/>
    <tag k="local_x" v="-9279.627126953501"/>
    <tag k="local_y" v="-40808.53416739904"/>
  </node>
  <node id="802" visible="true" version="1" lat="0.00000000000" lon="0.00000000000">
    <tag k="ele" v="28.816886363636364"/>
    <tag k="local_x" v="-9278.651846698987"/>
    <tag k="local_y" v="-40808.22428427538"/>
  </node>
  <node id="803" visible="true" version="1" lat="0.00000000000" lon="0.00000000000">
    <tag k="ele" v="28.82031818181818"/>
    <tag k="local_x" v="-9277.676397708752"/>
    <tag k="local_y" v="-40807.95706429392"/>
  </node>
  <node id="804" visible="true" version="1" lat="0.00000000000" lon="0.00000000000">
    <tag k="ele" v="28.823749999999997"/>
    <tag k="local_x" v="-9276.70178975105"/>
    <tag k="local_y" v="-40807.73409391205"/>
  </node>
  <node id="805" visible="true" version="1" lat="0.00000000000" lon="0.00000000000">
    <tag k="ele" v="28.827181818181817"/>
    <tag k="local_x" v="-9275.729032594141"/>
    <tag k="local_y" v="-40807.55695958711"/>
  </node>
  <node id="806" visible="true" version="1" lat="0.00000000000" lon="0.00000000000">
    <tag k="ele" v="28.830613636363637"/>
    <tag k="local_x" v="-9274.75913600628"/>
    <tag k="local_y" v="-40807.42724777646"/>
  </node>
  <node id="807" visible="true" version="1" lat="0.00000000000" lon="0.00000000000">
    <tag k="ele" v="28.834045454545453"/>
    <tag k="local_x" v="-9273.793109755728"/>
    <tag k="local_y" v="-40807.34654493744"/>
  </node>
  <node id="808" visible="true" version="1" lat="0.00000000000" lon="0.00000000000">
    <tag k="ele" v="28.83747727272727"/>
    <tag k="local_x" v="-9272.83196361074"/>
    <tag k="local_y" v="-40807.31643752743"/>
  </node>
  <node id="809" visible="true" version="1" lat="0.00000000000" lon="0.00000000000">
    <tag k="ele" v="28.84090909090909"/>
    <tag k="local_x" v="-9271.876707339577"/>
    <tag k="local_y" v="-40807.33851200378"/>
  </node>
  <node id="810" visible="true" version="1" lat="0.00000000000" lon="0.00000000000">
    <tag k="ele" v="28.84434090909091"/>
    <tag k="local_x" v="-9270.928350710494"/>
    <tag k="local_y" v="-40807.41435482383"/>
  </node>
  <node id="811" visible="true" version="1" lat="0.00000000000" lon="0.00000000000">
    <tag k="ele" v="28.847772727272726"/>
    <tag k="local_x" v="-9269.98790349175"/>
    <tag k="local_y" v="-40807.54555244494"/>
  </node>
  <node id="812" visible="true" version="1" lat="0.00000000000" lon="0.00000000000">
    <tag k="ele" v="28.851204545454543"/>
    <tag k="local_x" v="-9269.0563754516"/>
    <tag k="local_y" v="-40807.73369132447"/>
  </node>
  <node id="813" visible="true" version="1" lat="0.00000000000" lon="0.00000000000">
    <tag k="ele" v="28.854636363636363"/>
    <tag k="local_x" v="-9268.134776358307"/>
    <tag k="local_y" v="-40807.98035791979"/>
  </node>
  <node id="814" visible="true" version="1" lat="0.00000000000" lon="0.00000000000">
    <tag k="ele" v="28.858068181818183"/>
    <tag k="local_x" v="-9267.224115980123"/>
    <tag k="local_y" v="-40808.28713868824"/>
  </node>
  <node id="815" visible="true" version="1" lat="0.00000000000" lon="0.00000000000">
    <tag k="ele" v="28.69380882352941"/>
    <tag k="local_x" v="-9293.692827202092"/>
    <tag k="local_y" v="-40791.60580732874"/>
  </node>
  <node id="816" visible="true" version="1" lat="0.00000000000" lon="0.00000000000">
    <tag k="ele" v="28.678117647058823"/>
    <tag k="local_x" v="-9293.326663983064"/>
    <tag k="local_y" v="-40790.6848884935"/>
  </node>
  <node id="817" visible="true" version="1" lat="0.00000000000" lon="0.00000000000">
    <tag k="ele" v="28.662426470588233"/>
    <tag k="local_x" v="-9292.956097286944"/>
    <tag k="local_y" v="-40789.76450466715"/>
  </node>
  <node id="818" visible="true" version="1" lat="0.00000000000" lon="0.00000000000">
    <tag k="ele" v="28.646735294117644"/>
    <tag k="local_x" v="-9292.583371729716"/>
    <tag k="local_y" v="-40788.84412874118"/>
  </node>
  <node id="819" visible="true" version="1" lat="0.00000000000" lon="0.00000000000">
    <tag k="ele" v="28.631044117647058"/>
    <tag k="local_x" v="-9292.210731927375"/>
    <tag k="local_y" v="-40787.92323360706"/>
  </node>
  <node id="820" visible="true" version="1" lat="0.00000000000" lon="0.00000000000">
    <tag k="ele" v="28.615352941176468"/>
    <tag k="local_x" v="-9291.840422495898"/>
    <tag k="local_y" v="-40787.00129215631"/>
  </node>
  <node id="821" visible="true" version="1" lat="0.00000000000" lon="0.00000000000">
    <tag k="ele" v="28.59966176470588"/>
    <tag k="local_x" v="-9291.474688051274"/>
    <tag k="local_y" v="-40786.077777280385"/>
  </node>
  <node id="822" visible="true" version="1" lat="0.00000000000" lon="0.00000000000">
    <tag k="ele" v="28.583970588235292"/>
    <tag k="local_x" v="-9291.11577320949"/>
    <tag k="local_y" v="-40785.1521618708"/>
  </node>
  <node id="823" visible="true" version="1" lat="0.00000000000" lon="0.00000000000">
    <tag k="ele" v="28.568279411764703"/>
    <tag k="local_x" v="-9290.76592258653"/>
    <tag k="local_y" v="-40784.22391881902"/>
  </node>
  <node id="824" visible="true" version="1" lat="0.00000000000" lon="0.00000000000">
    <tag k="ele" v="28.552588235294117"/>
    <tag k="local_x" v="-9290.42738079838"/>
    <tag k="local_y" v="-40783.29252101656"/>
  </node>
  <node id="825" visible="true" version="1" lat="0.00000000000" lon="0.00000000000">
    <tag k="ele" v="28.536897058823527"/>
    <tag k="local_x" v="-9290.102392461027"/>
    <tag k="local_y" v="-40782.35744135489"/>
  </node>
  <node id="826" visible="true" version="1" lat="0.00000000000" lon="0.00000000000">
    <tag k="ele" v="28.521205882352938"/>
    <tag k="local_x" v="-9289.793202190456"/>
    <tag k="local_y" v="-40781.418152725506"/>
  </node>
  <node id="827" visible="true" version="1" lat="0.00000000000" lon="0.00000000000">
    <tag k="ele" v="28.50551470588235"/>
    <tag k="local_x" v="-9289.502054602652"/>
    <tag k="local_y" v="-40780.474128019894"/>
  </node>
  <node id="828" visible="true" version="1" lat="0.00000000000" lon="0.00000000000">
    <tag k="ele" v="28.489823529411762"/>
    <tag k="local_x" v="-9289.231194313601"/>
    <tag k="local_y" v="-40779.52484012953"/>
  </node>
  <node id="829" visible="true" version="1" lat="0.00000000000" lon="0.00000000000">
    <tag k="ele" v="28.474132352941172"/>
    <tag k="local_x" v="-9288.982865939288"/>
    <tag k="local_y" v="-40778.56976194593"/>
  </node>
  <node id="830" visible="true" version="1" lat="0.00000000000" lon="0.00000000000">
    <tag k="ele" v="28.458441176470586"/>
    <tag k="local_x" v="-9288.759314095701"/>
    <tag k="local_y" v="-40777.60836636056"/>
  </node>
  <node id="831" visible="true" version="1" lat="0.00000000000" lon="0.00000000000">
    <tag k="ele" v="28.694680555555554"/>
    <tag k="local_x" v="-9290.447625444556"/>
    <tag k="local_y" v="-40792.95444663983"/>
  </node>
  <node id="832" visible="true" version="1" lat="0.00000000000" lon="0.00000000000">
    <tag k="ele" v="28.67986111111111"/>
    <tag k="local_x" v="-9290.092693781955"/>
    <tag k="local_y" v="-40792.0590685415"/>
  </node>
  <node id="833" visible="true" version="1" lat="0.00000000000" lon="0.00000000000">
    <tag k="ele" v="28.665041666666664"/>
    <tag k="local_x" v="-9289.733793039775"/>
    <tag k="local_y" v="-40791.1641311273"/>
  </node>
  <node id="834" visible="true" version="1" lat="0.00000000000" lon="0.00000000000">
    <tag k="ele" v="28.65022222222222"/>
    <tag k="local_x" v="-9289.372826115463"/>
    <tag k="local_y" v="-40790.269192283755"/>
  </node>
  <node id="835" visible="true" version="1" lat="0.00000000000" lon="0.00000000000">
    <tag k="ele" v="28.635402777777777"/>
    <tag k="local_x" v="-9289.011695906454"/>
    <tag k="local_y" v="-40789.37380989742"/>
  </node>
  <node id="836" visible="true" version="1" lat="0.00000000000" lon="0.00000000000">
    <tag k="ele" v="28.620583333333332"/>
    <tag k="local_x" v="-9288.652305310188"/>
    <tag k="local_y" v="-40788.47754185485"/>
  </node>
  <node id="837" visible="true" version="1" lat="0.00000000000" lon="0.00000000000">
    <tag k="ele" v="28.605763888888887"/>
    <tag k="local_x" v="-9288.296557224108"/>
    <tag k="local_y" v="-40787.57994604257"/>
  </node>
  <node id="838" visible="true" version="1" lat="0.00000000000" lon="0.00000000000">
    <tag k="ele" v="28.590944444444442"/>
    <tag k="local_x" v="-9287.946354545653"/>
    <tag k="local_y" v="-40786.68058034714"/>
  </node>
  <node id="839" visible="true" version="1" lat="0.00000000000" lon="0.00000000000">
    <tag k="ele" v="28.576124999999998"/>
    <tag k="local_x" v="-9287.603600172257"/>
    <tag k="local_y" v="-40785.77900265509"/>
  </node>
  <node id="840" visible="true" version="1" lat="0.00000000000" lon="0.00000000000">
    <tag k="ele" v="28.561305555555553"/>
    <tag k="local_x" v="-9287.27019700137"/>
    <tag k="local_y" v="-40784.874770852985"/>
  </node>
  <node id="841" visible="true" version="1" lat="0.00000000000" lon="0.00000000000">
    <tag k="ele" v="28.546486111111108"/>
    <tag k="local_x" v="-9286.948047930422"/>
    <tag k="local_y" v="-40783.96744282735"/>
  </node>
  <node id="842" visible="true" version="1" lat="0.00000000000" lon="0.00000000000">
    <tag k="ele" v="28.531666666666663"/>
    <tag k="local_x" v="-9286.639055856858"/>
    <tag k="local_y" v="-40783.05657646473"/>
  </node>
  <node id="843" visible="true" version="1" lat="0.00000000000" lon="0.00000000000">
    <tag k="ele" v="28.516847222222218"/>
    <tag k="local_x" v="-9286.34512367812"/>
    <tag k="local_y" v="-40782.141729651696"/>
  </node>
  <node id="844" visible="true" version="1" lat="0.00000000000" lon="0.00000000000">
    <tag k="ele" v="28.502027777777776"/>
    <tag k="local_x" v="-9286.06815429164"/>
    <tag k="local_y" v="-40781.22246027477"/>
  </node>
  <node id="845" visible="true" version="1" lat="0.00000000000" lon="0.00000000000">
    <tag k="ele" v="28.48720833333333"/>
    <tag k="local_x" v="-9285.810050594864"/>
    <tag k="local_y" v="-40780.298326220494"/>
  </node>
  <node id="846" visible="true" version="1" lat="0.00000000000" lon="0.00000000000">
    <tag k="ele" v="28.472388888888887"/>
    <tag k="local_x" v="-9285.57271548523"/>
    <tag k="local_y" v="-40779.36888537543"/>
  </node>
  <node id="847" visible="true" version="1" lat="0.00000000000" lon="0.00000000000">
    <tag k="ele" v="28.45756944444444"/>
    <tag k="local_x" v="-9285.358051860181"/>
    <tag k="local_y" v="-40778.433695626096"/>
  </node>
  <node id="848" visible="true" version="1" lat="0.00000000000" lon="0.00000000000">
    <tag k="ele" v="28.694680555555554"/>
    <tag k="local_x" v="-9290.450541464868"/>
    <tag k="local_y" v="-40792.95326031298"/>
  </node>
  <node id="849" visible="true" version="1" lat="0.00000000000" lon="0.00000000000">
    <tag k="ele" v="28.67986111111111"/>
    <tag k="local_x" v="-9290.097160480189"/>
    <tag k="local_y" v="-40792.05709542917"/>
  </node>
  <node id="850" visible="true" version="1" lat="0.00000000000" lon="0.00000000000">
    <tag k="ele" v="28.665041666666664"/>
    <tag k="local_x" v="-9289.738636751266"/>
    <tag k="local_y" v="-40791.1617220258"/>
  </node>
  <node id="851" visible="true" version="1" lat="0.00000000000" lon="0.00000000000">
    <tag k="ele" v="28.65022222222222"/>
    <tag k="local_x" v="-9289.377064853263"/>
    <tag k="local_y" v="-40790.26664924438"/>
  </node>
  <node id="852" visible="true" version="1" lat="0.00000000000" lon="0.00000000000">
    <tag k="ele" v="28.635402777777777"/>
    <tag k="local_x" v="-9289.014539361335"/>
    <tag k="local_y" v="-40789.37138622645"/>
  </node>
  <node id="853" visible="true" version="1" lat="0.00000000000" lon="0.00000000000">
    <tag k="ele" v="28.620583333333332"/>
    <tag k="local_x" v="-9288.65315485065"/>
    <tag k="local_y" v="-40788.4754421135"/>
  </node>
  <node id="854" visible="true" version="1" lat="0.00000000000" lon="0.00000000000">
    <tag k="ele" v="28.605763888888887"/>
    <tag k="local_x" v="-9288.295005896358"/>
    <tag k="local_y" v="-40787.57832604707"/>
  </node>
  <node id="855" visible="true" version="1" lat="0.00000000000" lon="0.00000000000">
    <tag k="ele" v="28.590944444444442"/>
    <tag k="local_x" v="-9287.942187073626"/>
    <tag k="local_y" v="-40786.67954716865"/>
  </node>
  <node id="856" visible="true" version="1" lat="0.00000000000" lon="0.00000000000">
    <tag k="ele" v="28.576124999999998"/>
    <tag k="local_x" v="-9287.59679295761"/>
    <tag k="local_y" v="-40785.77861461977"/>
  </node>
  <node id="857" visible="true" version="1" lat="0.00000000000" lon="0.00000000000">
    <tag k="ele" v="28.561305555555553"/>
    <tag k="local_x" v="-9287.260918123475"/>
    <tag k="local_y" v="-40784.87503754194"/>
  </node>
  <node id="858" visible="true" version="1" lat="0.00000000000" lon="0.00000000000">
    <tag k="ele" v="28.546486111111108"/>
    <tag k="local_x" v="-9286.936657146374"/>
    <tag k="local_y" v="-40783.968325076676"/>
  </node>
  <node id="859" visible="true" version="1" lat="0.00000000000" lon="0.00000000000">
    <tag k="ele" v="28.531666666666663"/>
    <tag k="local_x" v="-9286.626104601472"/>
    <tag k="local_y" v="-40783.0579863655"/>
  </node>
  <node id="860" visible="true" version="1" lat="0.00000000000" lon="0.00000000000">
    <tag k="ele" v="28.516847222222218"/>
    <tag k="local_x" v="-9286.331355063925"/>
    <tag k="local_y" v="-40782.14353054992"/>
  </node>
  <node id="861" visible="true" version="1" lat="0.00000000000" lon="0.00000000000">
    <tag k="ele" v="28.502027777777776"/>
    <tag k="local_x" v="-9286.054503108897"/>
    <tag k="local_y" v="-40781.22446677146"/>
  </node>
  <node id="862" visible="true" version="1" lat="0.00000000000" lon="0.00000000000">
    <tag k="ele" v="28.48720833333333"/>
    <tag k="local_x" v="-9285.797643311544"/>
    <tag k="local_y" v="-40780.30030417163"/>
  </node>
  <node id="863" visible="true" version="1" lat="0.00000000000" lon="0.00000000000">
    <tag k="ele" v="28.472388888888887"/>
    <tag k="local_x" v="-9285.56287024703"/>
    <tag k="local_y" v="-40779.370551891945"/>
  </node>
  <node id="864" visible="true" version="1" lat="0.00000000000" lon="0.00000000000">
    <tag k="ele" v="28.45756944444444"/>
    <tag k="local_x" v="-9285.352278490513"/>
    <tag k="local_y" v="-40778.43471907391"/>
  </node>
  <node id="865" visible="true" version="1" lat="0.00000000000" lon="0.00000000000">
    <tag k="ele" v="28.702638888888888"/>
    <tag k="local_x" v="-9287.206144247453"/>
    <tag k="local_y" v="-40794.24585487184"/>
  </node>
  <node id="866" visible="true" version="1" lat="0.00000000000" lon="0.00000000000">
    <tag k="ele" v="28.695777777777778"/>
    <tag k="local_x" v="-9286.863477624447"/>
    <tag k="local_y" v="-40793.320665137624"/>
  </node>
  <node id="867" visible="true" version="1" lat="0.00000000000" lon="0.00000000000">
    <tag k="ele" v="28.688916666666664"/>
    <tag k="local_x" v="-9286.526710969285"/>
    <tag k="local_y" v="-40792.39272698756"/>
  </node>
  <node id="868" visible="true" version="1" lat="0.00000000000" lon="0.00000000000">
    <tag k="ele" v="28.682055555555554"/>
    <tag k="local_x" v="-9286.196395852898"/>
    <tag k="local_y" v="-40791.462045670996"/>
  </node>
  <node id="869" visible="true" version="1" lat="0.00000000000" lon="0.00000000000">
    <tag k="ele" v="28.675194444444443"/>
    <tag k="local_x" v="-9285.873083846209"/>
    <tag k="local_y" v="-40790.52862643735"/>
  </node>
  <node id="870" visible="true" version="1" lat="0.00000000000" lon="0.00000000000">
    <tag k="ele" v="28.668333333333333"/>
    <tag k="local_x" v="-9285.557326520138"/>
    <tag k="local_y" v="-40789.592474535995"/>
  </node>
  <node id="871" visible="true" version="1" lat="0.00000000000" lon="0.00000000000">
    <tag k="ele" v="28.66147222222222"/>
    <tag k="local_x" v="-9285.24967544562"/>
    <tag k="local_y" v="-40788.65359521632"/>
  </node>
  <node id="872" visible="true" version="1" lat="0.00000000000" lon="0.00000000000">
    <tag k="ele" v="28.65461111111111"/>
    <tag k="local_x" v="-9284.950682193574"/>
    <tag k="local_y" v="-40787.7119937277"/>
  </node>
  <node id="873" visible="true" version="1" lat="0.00000000000" lon="0.00000000000">
    <tag k="ele" v="28.64775"/>
    <tag k="local_x" v="-9284.660898334923"/>
    <tag k="local_y" v="-40786.76767531953"/>
  </node>
  <node id="874" visible="true" version="1" lat="0.00000000000" lon="0.00000000000">
    <tag k="ele" v="28.640888888888888"/>
    <tag k="local_x" v="-9284.3808754406"/>
    <tag k="local_y" v="-40785.82064524118"/>
  </node>
  <node id="875" visible="true" version="1" lat="0.00000000000" lon="0.00000000000">
    <tag k="ele" v="28.634027777777778"/>
    <tag k="local_x" v="-9284.111165081524"/>
    <tag k="local_y" v="-40784.87090874206"/>
  </node>
  <node id="876" visible="true" version="1" lat="0.00000000000" lon="0.00000000000">
    <tag k="ele" v="28.627166666666664"/>
    <tag k="local_x" v="-9283.852318828622"/>
    <tag k="local_y" v="-40783.91847107153"/>
  </node>
  <node id="877" visible="true" version="1" lat="0.00000000000" lon="0.00000000000">
    <tag k="ele" v="28.620305555555554"/>
    <tag k="local_x" v="-9283.604888252818"/>
    <tag k="local_y" v="-40782.96333747898"/>
  </node>
  <node id="878" visible="true" version="1" lat="0.00000000000" lon="0.00000000000">
    <tag k="ele" v="28.613444444444443"/>
    <tag k="local_x" v="-9283.369424925038"/>
    <tag k="local_y" v="-40782.00551321381"/>
  </node>
  <node id="879" visible="true" version="1" lat="0.00000000000" lon="0.00000000000">
    <tag k="ele" v="28.606583333333333"/>
    <tag k="local_x" v="-9283.146480416208"/>
    <tag k="local_y" v="-40781.04500352538"/>
  </node>
  <node id="880" visible="true" version="1" lat="0.00000000000" lon="0.00000000000">
    <tag k="ele" v="28.59972222222222"/>
    <tag k="local_x" v="-9282.936606297251"/>
    <tag k="local_y" v="-40780.08181366309"/>
  </node>
  <node id="881" visible="true" version="1" lat="0.00000000000" lon="0.00000000000">
    <tag k="ele" v="28.59286111111111"/>
    <tag k="local_x" v="-9282.740354139098"/>
    <tag k="local_y" v="-40779.11594887634"/>
  </node>
  <node id="882" visible="true" version="1" lat="0.00000000000" lon="0.00000000000">
    <tag k="ele" v="28.702638888888888"/>
    <tag k="local_x" v="-9287.193117274737"/>
    <tag k="local_y" v="-40794.25086051107"/>
  </node>
  <node id="883" visible="true" version="1" lat="0.00000000000" lon="0.00000000000">
    <tag k="ele" v="28.695777777777778"/>
    <tag k="local_x" v="-9286.839762959895"/>
    <tag k="local_y" v="-40793.32964578952"/>
  </node>
  <node id="884" visible="true" version="1" lat="0.00000000000" lon="0.00000000000">
    <tag k="ele" v="28.688916666666664"/>
    <tag k="local_x" v="-9286.494496638312"/>
    <tag k="local_y" v="-40792.40473484949"/>
  </node>
  <node id="885" visible="true" version="1" lat="0.00000000000" lon="0.00000000000">
    <tag k="ele" v="28.682055555555554"/>
    <tag k="local_x" v="-9286.157718625433"/>
    <tag k="local_y" v="-40791.476215764356"/>
  </node>
  <node id="886" visible="true" version="1" lat="0.00000000000" lon="0.00000000000">
    <tag k="ele" v="28.675194444444443"/>
    <tag k="local_x" v="-9285.829829236718"/>
    <tag k="local_y" v="-40790.54417660747"/>
  </node>
  <node id="887" visible="true" version="1" lat="0.00000000000" lon="0.00000000000">
    <tag k="ele" v="28.668333333333333"/>
    <tag k="local_x" v="-9285.511228787613"/>
    <tag k="local_y" v="-40789.60870545218"/>
  </node>
  <node id="888" visible="true" version="1" lat="0.00000000000" lon="0.00000000000">
    <tag k="ele" v="28.66147222222222"/>
    <tag k="local_x" v="-9285.202317593576"/>
    <tag k="local_y" v="-40788.669890371835"/>
  </node>
  <node id="889" visible="true" version="1" lat="0.00000000000" lon="0.00000000000">
    <tag k="ele" v="28.65461111111111"/>
    <tag k="local_x" v="-9284.903495970053"/>
    <tag k="local_y" v="-40787.72781943981"/>
  </node>
  <node id="890" visible="true" version="1" lat="0.00000000000" lon="0.00000000000">
    <tag k="ele" v="28.64775"/>
    <tag k="local_x" v="-9284.615164232497"/>
    <tag k="local_y" v="-40786.782580729436"/>
  </node>
  <node id="891" visible="true" version="1" lat="0.00000000000" lon="0.00000000000">
    <tag k="ele" v="28.640888888888888"/>
    <tag k="local_x" v="-9284.337722696362"/>
    <tag k="local_y" v="-40785.83426231409"/>
  </node>
  <node id="892" visible="true" version="1" lat="0.00000000000" lon="0.00000000000">
    <tag k="ele" v="28.634027777777778"/>
    <tag k="local_x" v="-9284.071571677101"/>
    <tag k="local_y" v="-40784.88295226711"/>
  </node>
  <node id="893" visible="true" version="1" lat="0.00000000000" lon="0.00000000000">
    <tag k="ele" v="28.627166666666664"/>
    <tag k="local_x" v="-9283.817111490163"/>
    <tag k="local_y" v="-40783.92873866185"/>
  </node>
  <node id="894" visible="true" version="1" lat="0.00000000000" lon="0.00000000000">
    <tag k="ele" v="28.620305555555554"/>
    <tag k="local_x" v="-9283.574742451005"/>
    <tag k="local_y" v="-40782.971709571684"/>
  </node>
  <node id="895" visible="true" version="1" lat="0.00000000000" lon="0.00000000000">
    <tag k="ele" v="28.613444444444443"/>
    <tag k="local_x" v="-9283.344864875071"/>
    <tag k="local_y" v="-40782.011953069945"/>
  </node>
  <node id="896" visible="true" version="1" lat="0.00000000000" lon="0.00000000000">
    <tag k="ele" v="28.606583333333333"/>
    <tag k="local_x" v="-9283.12787907782"/>
    <tag k="local_y" v="-40781.04955723001"/>
  </node>
  <node id="897" visible="true" version="1" lat="0.00000000000" lon="0.00000000000">
    <tag k="ele" v="28.59972222222222"/>
    <tag k="local_x" v="-9282.924185374699"/>
    <tag k="local_y" v="-40780.08461012521"/>
  </node>
  <node id="898" visible="true" version="1" lat="0.00000000000" lon="0.00000000000">
    <tag k="ele" v="28.59286111111111"/>
    <tag k="local_x" v="-9282.734184081166"/>
    <tag k="local_y" v="-40779.11719982893"/>
  </node>
  <node id="899" visible="true" version="1" lat="0.00000000000" lon="0.00000000000">
    <tag k="ele" v="28.74235526315789"/>
    <tag k="local_x" v="-9283.355959354927"/>
    <tag k="local_y" v="-40795.83290002155"/>
  </node>
  <node id="900" visible="true" version="1" lat="0.00000000000" lon="0.00000000000">
    <tag k="ele" v="28.725710526315787"/>
    <tag k="local_x" v="-9283.007825962544"/>
    <tag k="local_y" v="-40794.9323035094"/>
  </node>
  <node id="901" visible="true" version="1" lat="0.00000000000" lon="0.00000000000">
    <tag k="ele" v="28.70906578947368"/>
    <tag k="local_x" v="-9282.666138369319"/>
    <tag k="local_y" v="-40794.02857167203"/>
  </node>
  <node id="902" visible="true" version="1" lat="0.00000000000" lon="0.00000000000">
    <tag k="ele" v="28.692421052631577"/>
    <tag k="local_x" v="-9282.331383163497"/>
    <tag k="local_y" v="-40793.12174190152"/>
  </node>
  <node id="903" visible="true" version="1" lat="0.00000000000" lon="0.00000000000">
    <tag k="ele" v="28.67577631578947"/>
    <tag k="local_x" v="-9282.004046933307"/>
    <tag k="local_y" v="-40792.21185158989"/>
  </node>
  <node id="904" visible="true" version="1" lat="0.00000000000" lon="0.00000000000">
    <tag k="ele" v="28.659131578947367"/>
    <tag k="local_x" v="-9281.684616266995"/>
    <tag k="local_y" v="-40791.29893812918"/>
  </node>
  <node id="905" visible="true" version="1" lat="0.00000000000" lon="0.00000000000">
    <tag k="ele" v="28.64248684210526"/>
    <tag k="local_x" v="-9281.373577752798"/>
    <tag k="local_y" v="-40790.38303891144"/>
  </node>
  <node id="906" visible="true" version="1" lat="0.00000000000" lon="0.00000000000">
    <tag k="ele" v="28.625842105263153"/>
    <tag k="local_x" v="-9281.071417978952"/>
    <tag k="local_y" v="-40789.464191328705"/>
  </node>
  <node id="907" visible="true" version="1" lat="0.00000000000" lon="0.00000000000">
    <tag k="ele" v="28.60919736842105"/>
    <tag k="local_x" v="-9280.7786235337"/>
    <tag k="local_y" v="-40788.54243277303"/>
  </node>
  <node id="908" visible="true" version="1" lat="0.00000000000" lon="0.00000000000">
    <tag k="ele" v="28.592552631578943"/>
    <tag k="local_x" v="-9280.495681005279"/>
    <tag k="local_y" v="-40787.61780063644"/>
  </node>
  <node id="909" visible="true" version="1" lat="0.00000000000" lon="0.00000000000">
    <tag k="ele" v="28.57590789473684"/>
    <tag k="local_x" v="-9280.223076981922"/>
    <tag k="local_y" v="-40786.69033231098"/>
  </node>
  <node id="910" visible="true" version="1" lat="0.00000000000" lon="0.00000000000">
    <tag k="ele" v="28.559263157894733"/>
    <tag k="local_x" v="-9279.961298051872"/>
    <tag k="local_y" v="-40785.760065188704"/>
  </node>
  <node id="911" visible="true" version="1" lat="0.00000000000" lon="0.00000000000">
    <tag k="ele" v="28.542618421052627"/>
    <tag k="local_x" v="-9279.710830803368"/>
    <tag k="local_y" v="-40784.82703666162"/>
  </node>
  <node id="912" visible="true" version="1" lat="0.00000000000" lon="0.00000000000">
    <tag k="ele" v="28.525973684210523"/>
    <tag k="local_x" v="-9279.472161824648"/>
    <tag k="local_y" v="-40783.891284121826"/>
  </node>
  <node id="913" visible="true" version="1" lat="0.00000000000" lon="0.00000000000">
    <tag k="ele" v="28.509328947368417"/>
    <tag k="local_x" v="-9279.245777703947"/>
    <tag k="local_y" v="-40782.95284496131"/>
  </node>
  <node id="914" visible="true" version="1" lat="0.00000000000" lon="0.00000000000">
    <tag k="ele" v="28.492684210526313"/>
    <tag k="local_x" v="-9279.032165029506"/>
    <tag k="local_y" v="-40782.01175657214"/>
  </node>
  <node id="915" visible="true" version="1" lat="0.00000000000" lon="0.00000000000">
    <tag k="ele" v="28.476039473684207"/>
    <tag k="local_x" v="-9278.831810389565"/>
    <tag k="local_y" v="-40781.06805634635"/>
  </node>
  <node id="916" visible="true" version="1" lat="0.00000000000" lon="0.00000000000">
    <tag k="ele" v="28.459394736842103"/>
    <tag k="local_x" v="-9278.64520037236"/>
    <tag k="local_y" v="-40780.12178167599"/>
  </node>
  <node id="917" visible="true" version="1" lat="0.00000000000" lon="0.00000000000">
    <tag k="ele" v="28.770508333333332"/>
    <tag k="local_x" v="-9285.994383717882"/>
    <tag k="local_y" v="-40808.965484308195"/>
  </node>
  <node id="918" visible="true" version="1" lat="0.00000000000" lon="0.00000000000">
    <tag k="ele" v="28.771516666666663"/>
    <tag k="local_x" v="-9286.565487949129"/>
    <tag k="local_y" v="-40809.72115592867"/>
  </node>
  <node id="919" visible="true" version="1" lat="0.00000000000" lon="0.00000000000">
    <tag k="ele" v="28.772524999999998"/>
    <tag k="local_x" v="-9287.206434942602"/>
    <tag k="local_y" v="-40810.39646779387"/>
  </node>
  <node id="920" visible="true" version="1" lat="0.00000000000" lon="0.00000000000">
    <tag k="ele" v="28.77353333333333"/>
    <tag k="local_x" v="-9287.912951775686"/>
    <tag k="local_y" v="-40810.9941963197"/>
  </node>
  <node id="921" visible="true" version="1" lat="0.00000000000" lon="0.00000000000">
    <tag k="ele" v="28.774541666666664"/>
    <tag k="local_x" v="-9288.680765525765"/>
    <tag k="local_y" v="-40811.517117922114"/>
  </node>
  <node id="922" visible="true" version="1" lat="0.00000000000" lon="0.00000000000">
    <tag k="ele" v="28.77555"/>
    <tag k="local_x" v="-9289.505603270214"/>
    <tag k="local_y" v="-40811.96800901699"/>
  </node>
  <node id="923" visible="true" version="1" lat="0.00000000000" lon="0.00000000000">
    <tag k="ele" v="28.77655833333333"/>
    <tag k="local_x" v="-9290.38319208642"/>
    <tag k="local_y" v="-40812.3496460203"/>
  </node>
  <node id="924" visible="true" version="1" lat="0.00000000000" lon="0.00000000000">
    <tag k="ele" v="28.777566666666665"/>
    <tag k="local_x" v="-9291.309259051759"/>
    <tag k="local_y" v="-40812.664805347944"/>
  </node>
  <node id="925" visible="true" version="1" lat="0.00000000000" lon="0.00000000000">
    <tag k="ele" v="28.778574999999996"/>
    <tag k="local_x" v="-9292.27953124362"/>
    <tag k="local_y" v="-40812.91626341585"/>
  </node>
  <node id="926" visible="true" version="1" lat="0.00000000000" lon="0.00000000000">
    <tag k="ele" v="28.77958333333333"/>
    <tag k="local_x" v="-9293.289735739378"/>
    <tag k="local_y" v="-40813.10679663993"/>
  </node>
  <node id="927" visible="true" version="1" lat="0.00000000000" lon="0.00000000000">
    <tag k="ele" v="28.780591666666666"/>
    <tag k="local_x" v="-9294.335599616417"/>
    <tag k="local_y" v="-40813.23918143611"/>
  </node>
  <node id="928" visible="true" version="1" lat="0.00000000000" lon="0.00000000000">
    <tag k="ele" v="28.781599999999997"/>
    <tag k="local_x" v="-9295.41284995212"/>
    <tag k="local_y" v="-40813.31619422032"/>
  </node>
  <node id="929" visible="true" version="1" lat="0.00000000000" lon="0.00000000000">
    <tag k="ele" v="28.782608333333332"/>
    <tag k="local_x" v="-9296.517213823865"/>
    <tag k="local_y" v="-40813.34061140849"/>
  </node>
  <node id="930" visible="true" version="1" lat="0.00000000000" lon="0.00000000000">
    <tag k="ele" v="28.783616666666664"/>
    <tag k="local_x" v="-9297.644418309035"/>
    <tag k="local_y" v="-40813.31520941653"/>
  </node>
  <node id="931" visible="true" version="1" lat="0.00000000000" lon="0.00000000000">
    <tag k="ele" v="28.784625"/>
    <tag k="local_x" v="-9298.790190485015"/>
    <tag k="local_y" v="-40813.242764660354"/>
  </node>
  <node id="932" visible="true" version="1" lat="0.00000000000" lon="0.00000000000">
    <tag k="ele" v="28.785633333333333"/>
    <tag k="local_x" v="-9299.950257429184"/>
    <tag k="local_y" v="-40813.126053555905"/>
  </node>
  <node id="933" visible="true" version="1" lat="0.00000000000" lon="0.00000000000">
    <tag k="ele" v="28.786641666666664"/>
    <tag k="local_x" v="-9301.120346218922"/>
    <tag k="local_y" v="-40812.9678525191"/>
  </node>
  <node id="934" visible="true" version="1" lat="0.00000000000" lon="0.00000000000">
    <tag k="ele" v="28.78765"/>
    <tag k="local_x" v="-9302.29618393161"/>
    <tag k="local_y" v="-40812.77093796584"/>
  </node>
  <node id="935" visible="true" version="1" lat="0.00000000000" lon="0.00000000000">
    <tag k="ele" v="28.78865833333333"/>
    <tag k="local_x" v="-9303.473497644634"/>
    <tag k="local_y" v="-40812.53808631208"/>
  </node>
  <node id="936" visible="true" version="1" lat="0.00000000000" lon="0.00000000000">
    <tag k="ele" v="28.789666666666665"/>
    <tag k="local_x" v="-9304.648014435372"/>
    <tag k="local_y" v="-40812.27207397373"/>
  </node>
  <node id="937" visible="true" version="1" lat="0.00000000000" lon="0.00000000000">
    <tag k="ele" v="28.790675"/>
    <tag k="local_x" v="-9305.815461381206"/>
    <tag k="local_y" v="-40811.9756773667"/>
  </node>
  <node id="938" visible="true" version="1" lat="0.00000000000" lon="0.00000000000">
    <tag k="ele" v="28.79168333333333"/>
    <tag k="local_x" v="-9306.971565559517"/>
    <tag k="local_y" v="-40811.65167290693"/>
  </node>
  <node id="939" visible="true" version="1" lat="0.00000000000" lon="0.00000000000">
    <tag k="ele" v="28.792691666666666"/>
    <tag k="local_x" v="-9308.112054047688"/>
    <tag k="local_y" v="-40811.30283701034"/>
  </node>
  <node id="940" visible="true" version="1" lat="0.00000000000" lon="0.00000000000">
    <tag k="ele" v="28.793699999999998"/>
    <tag k="local_x" v="-9309.232653923103"/>
    <tag k="local_y" v="-40810.93194609286"/>
  </node>
  <node id="941" visible="true" version="1" lat="0.00000000000" lon="0.00000000000">
    <tag k="ele" v="28.794708333333332"/>
    <tag k="local_x" v="-9310.329092263137"/>
    <tag k="local_y" v="-40810.54177657039"/>
  </node>
  <node id="942" visible="true" version="1" lat="0.00000000000" lon="0.00000000000">
    <tag k="ele" v="28.795716666666667"/>
    <tag k="local_x" v="-9311.397096145176"/>
    <tag k="local_y" v="-40810.13510485887"/>
  </node>
  <node id="943" visible="true" version="1" lat="0.00000000000" lon="0.00000000000">
    <tag k="ele" v="28.796725"/>
    <tag k="local_x" v="-9312.432392646602"/>
    <tag k="local_y" v="-40809.71470737421"/>
  </node>
  <node id="944" visible="true" version="1" lat="0.00000000000" lon="0.00000000000">
    <tag k="ele" v="28.797733333333333"/>
    <tag k="local_x" v="-9313.430708844793"/>
    <tag k="local_y" v="-40809.283360532354"/>
  </node>
  <node id="945" visible="true" version="1" lat="0.00000000000" lon="0.00000000000">
    <tag k="ele" v="28.798741666666665"/>
    <tag k="local_x" v="-9314.387771817133"/>
    <tag k="local_y" v="-40808.84384074921"/>
  </node>
  <node id="946" visible="true" version="1" lat="0.00000000000" lon="0.00000000000">
    <tag k="ele" v="28.769653846153844"/>
    <tag k="local_x" v="-9289.249394039196"/>
    <tag k="local_y" v="-40807.41932492439"/>
  </node>
  <node id="947" visible="true" version="1" lat="0.00000000000" lon="0.00000000000">
    <tag k="ele" v="28.76980769230769"/>
    <tag k="local_x" v="-9289.825498766895"/>
    <tag k="local_y" v="-40808.13860177281"/>
  </node>
  <node id="948" visible="true" version="1" lat="0.00000000000" lon="0.00000000000">
    <tag k="ele" v="28.769961538461537"/>
    <tag k="local_x" v="-9290.479141107713"/>
    <tag k="local_y" v="-40808.76596095275"/>
  </node>
  <node id="949" visible="true" version="1" lat="0.00000000000" lon="0.00000000000">
    <tag k="ele" v="28.770115384615384"/>
    <tag k="local_x" v="-9291.20474241688"/>
    <tag k="local_y" v="-40809.30520578407"/>
  </node>
  <node id="950" visible="true" version="1" lat="0.00000000000" lon="0.00000000000">
    <tag k="ele" v="28.770269230769227"/>
    <tag k="local_x" v="-9291.99672404962"/>
    <tag k="local_y" v="-40809.76013958664"/>
  </node>
  <node id="951" visible="true" version="1" lat="0.00000000000" lon="0.00000000000">
    <tag k="ele" v="28.770423076923073"/>
    <tag k="local_x" v="-9292.849507361163"/>
    <tag k="local_y" v="-40810.13456568031"/>
  </node>
  <node id="952" visible="true" version="1" lat="0.00000000000" lon="0.00000000000">
    <tag k="ele" v="28.77057692307692"/>
    <tag k="local_x" v="-9293.757513706738"/>
    <tag k="local_y" v="-40810.43228738493"/>
  </node>
  <node id="953" visible="true" version="1" lat="0.00000000000" lon="0.00000000000">
    <tag k="ele" v="28.770730769230767"/>
    <tag k="local_x" v="-9294.715164441566"/>
    <tag k="local_y" v="-40810.65710802037"/>
  </node>
  <node id="954" visible="true" version="1" lat="0.00000000000" lon="0.00000000000">
    <tag k="ele" v="28.770884615384613"/>
    <tag k="local_x" v="-9295.716880920883"/>
    <tag k="local_y" v="-40810.812830906485"/>
  </node>
  <node id="955" visible="true" version="1" lat="0.00000000000" lon="0.00000000000">
    <tag k="ele" v="28.77103846153846"/>
    <tag k="local_x" v="-9296.75708449991"/>
    <tag k="local_y" v="-40810.903259363135"/>
  </node>
  <node id="956" visible="true" version="1" lat="0.00000000000" lon="0.00000000000">
    <tag k="ele" v="28.771192307692306"/>
    <tag k="local_x" v="-9297.830196533876"/>
    <tag k="local_y" v="-40810.93219671016"/>
  </node>
  <node id="957" visible="true" version="1" lat="0.00000000000" lon="0.00000000000">
    <tag k="ele" v="28.771346153846153"/>
    <tag k="local_x" v="-9298.93063837801"/>
    <tag k="local_y" v="-40810.90344626744"/>
  </node>
  <node id="958" visible="true" version="1" lat="0.00000000000" lon="0.00000000000">
    <tag k="ele" v="28.771499999999996"/>
    <tag k="local_x" v="-9300.052831387537"/>
    <tag k="local_y" v="-40810.82081135481"/>
  </node>
  <node id="959" visible="true" version="1" lat="0.00000000000" lon="0.00000000000">
    <tag k="ele" v="28.771653846153843"/>
    <tag k="local_x" v="-9301.191196917685"/>
    <tag k="local_y" v="-40810.68809529215"/>
  </node>
  <node id="960" visible="true" version="1" lat="0.00000000000" lon="0.00000000000">
    <tag k="ele" v="28.77180769230769"/>
    <tag k="local_x" v="-9302.340156323682"/>
    <tag k="local_y" v="-40810.5091013993"/>
  </node>
  <node id="961" visible="true" version="1" lat="0.00000000000" lon="0.00000000000">
    <tag k="ele" v="28.771961538461536"/>
    <tag k="local_x" v="-9303.49413096076"/>
    <tag k="local_y" v="-40810.287632996144"/>
  </node>
  <node id="962" visible="true" version="1" lat="0.00000000000" lon="0.00000000000">
    <tag k="ele" v="28.772115384615383"/>
    <tag k="local_x" v="-9304.647542184137"/>
    <tag k="local_y" v="-40810.0274934025"/>
  </node>
  <node id="963" visible="true" version="1" lat="0.00000000000" lon="0.00000000000">
    <tag k="ele" v="28.77226923076923"/>
    <tag k="local_x" v="-9305.794811349047"/>
    <tag k="local_y" v="-40809.732485938264"/>
  </node>
  <node id="964" visible="true" version="1" lat="0.00000000000" lon="0.00000000000">
    <tag k="ele" v="28.772423076923076"/>
    <tag k="local_x" v="-9306.930359810716"/>
    <tag k="local_y" v="-40809.406413923265"/>
  </node>
  <node id="965" visible="true" version="1" lat="0.00000000000" lon="0.00000000000">
    <tag k="ele" v="28.772576923076922"/>
    <tag k="local_x" v="-9308.04860892437"/>
    <tag k="local_y" v="-40809.053080677375"/>
  </node>
  <node id="966" visible="true" version="1" lat="0.00000000000" lon="0.00000000000">
    <tag k="ele" v="28.77273076923077"/>
    <tag k="local_x" v="-9309.143980045239"/>
    <tag k="local_y" v="-40808.67628952045"/>
  </node>
  <node id="967" visible="true" version="1" lat="0.00000000000" lon="0.00000000000">
    <tag k="ele" v="28.772884615384612"/>
    <tag k="local_x" v="-9310.210894528547"/>
    <tag k="local_y" v="-40808.27984377235"/>
  </node>
  <node id="968" visible="true" version="1" lat="0.00000000000" lon="0.00000000000">
    <tag k="ele" v="28.77303846153846"/>
    <tag k="local_x" v="-9311.243773729526"/>
    <tag k="local_y" v="-40807.86754675292"/>
  </node>
  <node id="969" visible="true" version="1" lat="0.00000000000" lon="0.00000000000">
    <tag k="ele" v="28.773192307692305"/>
    <tag k="local_x" v="-9312.237039003398"/>
    <tag k="local_y" v="-40807.44320178203"/>
  </node>
  <node id="970" visible="true" version="1" lat="0.00000000000" lon="0.00000000000">
    <tag k="ele" v="28.773346153846152"/>
    <tag k="local_x" v="-9313.185111705396"/>
    <tag k="local_y" v="-40807.010612179525"/>
  </node>
  <node id="971" visible="true" version="1" lat="0.00000000000" lon="0.00000000000">
    <tag k="ele" v="28.765099999999997"/>
    <tag k="local_x" v="-9282.751156983313"/>
    <tag k="local_y" v="-40810.4822831764"/>
  </node>
  <node id="972" visible="true" version="1" lat="0.00000000000" lon="0.00000000000">
    <tag k="ele" v="28.760699999999996"/>
    <tag k="local_x" v="-9283.182573779219"/>
    <tag k="local_y" v="-40811.35347222244"/>
  </node>
  <node id="973" visible="true" version="1" lat="0.00000000000" lon="0.00000000000">
    <tag k="ele" v="28.756299999999996"/>
    <tag k="local_x" v="-9283.620421211941"/>
    <tag k="local_y" v="-40812.22155069984"/>
  </node>
  <node id="974" visible="true" version="1" lat="0.00000000000" lon="0.00000000000">
    <tag k="ele" v="28.7519"/>
    <tag k="local_x" v="-9284.064564630968"/>
    <tag k="local_y" v="-40813.086545756174"/>
  </node>
  <node id="975" visible="true" version="1" lat="0.00000000000" lon="0.00000000000">
    <tag k="ele" v="28.7475"/>
    <tag k="local_x" v="-9284.514869385774"/>
    <tag k="local_y" v="-40813.94848453899"/>
  </node>
  <node id="976" visible="true" version="1" lat="0.00000000000" lon="0.00000000000">
    <tag k="ele" v="28.7431"/>
    <tag k="local_x" v="-9284.971200825847"/>
    <tag k="local_y" v="-40814.807394195814"/>
  </node>
  <node id="977" visible="true" version="1" lat="0.00000000000" lon="0.00000000000">
    <tag k="ele" v="28.738699999999998"/>
    <tag k="local_x" v="-9285.433424300663"/>
    <tag k="local_y" v="-40815.6633018742"/>
  </node>
  <node id="978" visible="true" version="1" lat="0.00000000000" lon="0.00000000000">
    <tag k="ele" v="28.734299999999998"/>
    <tag k="local_x" v="-9285.901405159706"/>
    <tag k="local_y" v="-40816.51623472168"/>
  </node>
  <node id="979" visible="true" version="1" lat="0.00000000000" lon="0.00000000000">
    <tag k="ele" v="28.729899999999997"/>
    <tag k="local_x" v="-9286.375008752457"/>
    <tag k="local_y" v="-40817.36621988585"/>
  </node>
  <node id="980" visible="true" version="1" lat="0.00000000000" lon="0.00000000000">
    <tag k="ele" v="28.725499999999997"/>
    <tag k="local_x" v="-9286.854100428394"/>
    <tag k="local_y" v="-40818.213284514204"/>
  </node>
  <node id="981" visible="true" version="1" lat="0.00000000000" lon="0.00000000000">
    <tag k="ele" v="28.721099999999996"/>
    <tag k="local_x" v="-9287.338545537004"/>
    <tag k="local_y" v="-40819.057455754315"/>
  </node>
  <node id="982" visible="true" version="1" lat="0.00000000000" lon="0.00000000000">
    <tag k="ele" v="28.7167"/>
    <tag k="local_x" v="-9287.828209427766"/>
    <tag k="local_y" v="-40819.89876075372"/>
  </node>
  <node id="983" visible="true" version="1" lat="0.00000000000" lon="0.00000000000">
    <tag k="ele" v="28.7123"/>
    <tag k="local_x" v="-9288.322957450157"/>
    <tag k="local_y" v="-40820.737226659956"/>
  </node>
  <node id="984" visible="true" version="1" lat="0.00000000000" lon="0.00000000000">
    <tag k="ele" v="28.7079"/>
    <tag k="local_x" v="-9288.822654953663"/>
    <tag k="local_y" v="-40821.57288062058"/>
  </node>
  <node id="985" visible="true" version="1" lat="0.00000000000" lon="0.00000000000">
    <tag k="ele" v="28.7035"/>
    <tag k="local_x" v="-9289.327167287764"/>
    <tag k="local_y" v="-40822.40574978315"/>
  </node>
  <node id="986" visible="true" version="1" lat="0.00000000000" lon="0.00000000000">
    <tag k="ele" v="28.699099999999998"/>
    <tag k="local_x" v="-9289.836359801939"/>
    <tag k="local_y" v="-40823.23586129519"/>
  </node>
  <node id="987" visible="true" version="1" lat="0.00000000000" lon="0.00000000000">
    <tag k="ele" v="28.694699999999997"/>
    <tag k="local_x" v="-9290.350097845676"/>
    <tag k="local_y" v="-40824.06324230425"/>
  </node>
  <node id="988" visible="true" version="1" lat="0.00000000000" lon="0.00000000000">
    <tag k="ele" v="28.690299999999997"/>
    <tag k="local_x" v="-9290.868246768447"/>
    <tag k="local_y" v="-40824.88791995789"/>
  </node>
  <node id="989" visible="true" version="1" lat="0.00000000000" lon="0.00000000000">
    <tag k="ele" v="28.6859"/>
    <tag k="local_x" v="-9291.390671919738"/>
    <tag k="local_y" v="-40825.709921403635"/>
  </node>
  <node id="990" visible="true" version="1" lat="0.00000000000" lon="0.00000000000">
    <tag k="ele" v="28.6815"/>
    <tag k="local_x" v="-9291.917238649032"/>
    <tag k="local_y" v="-40826.529273789056"/>
  </node>
  <node id="991" visible="true" version="1" lat="0.00000000000" lon="0.00000000000">
    <tag k="ele" v="28.6771"/>
    <tag k="local_x" v="-9292.447812305807"/>
    <tag k="local_y" v="-40827.34600426168"/>
  </node>
  <node id="992" visible="true" version="1" lat="0.00000000000" lon="0.00000000000">
    <tag k="ele" v="28.6727"/>
    <tag k="local_x" v="-9292.982258239545"/>
    <tag k="local_y" v="-40828.160139969055"/>
  </node>
  <node id="993" visible="true" version="1" lat="0.00000000000" lon="0.00000000000">
    <tag k="ele" v="28.6683"/>
    <tag k="local_x" v="-9293.520441799727"/>
    <tag k="local_y" v="-40828.971708058736"/>
  </node>
  <node id="994" visible="true" version="1" lat="0.00000000000" lon="0.00000000000">
    <tag k="ele" v="28.663899999999998"/>
    <tag k="local_x" v="-9294.062228335835"/>
    <tag k="local_y" v="-40829.78073567826"/>
  </node>
  <node id="995" visible="true" version="1" lat="0.00000000000" lon="0.00000000000">
    <tag k="ele" v="28.659499999999998"/>
    <tag k="local_x" v="-9294.60748319735"/>
    <tag k="local_y" v="-40830.58724997518"/>
  </node>
  <node id="996" visible="true" version="1" lat="0.00000000000" lon="0.00000000000">
    <tag k="ele" v="28.655099999999997"/>
    <tag k="local_x" v="-9295.156071733754"/>
    <tag k="local_y" v="-40831.39127809704"/>
  </node>
  <node id="997" visible="true" version="1" lat="0.00000000000" lon="0.00000000000">
    <tag k="ele" v="28.6507"/>
    <tag k="local_x" v="-9295.707859294525"/>
    <tag k="local_y" v="-40832.192847191385"/>
  </node>
  <node id="998" visible="true" version="1" lat="0.00000000000" lon="0.00000000000">
    <tag k="ele" v="28.6463"/>
    <tag k="local_x" v="-9296.26271122915"/>
    <tag k="local_y" v="-40832.99198440576"/>
  </node>
  <node id="999" visible="true" version="1" lat="0.00000000000" lon="0.00000000000">
    <tag k="ele" v="28.6419"/>
    <tag k="local_x" v="-9296.820492887106"/>
    <tag k="local_y" v="-40833.78871688771"/>
  </node>
  <node id="1000" visible="true" version="1" lat="0.00000000000" lon="0.00000000000">
    <tag k="ele" v="28.764948275862068"/>
    <tag k="local_x" v="-9285.928033575774"/>
    <tag k="local_y" v="-40809.00470962619"/>
  </node>
  <node id="1001" visible="true" version="1" lat="0.00000000000" lon="0.00000000000">
    <tag k="ele" v="28.760396551724135"/>
    <tag k="local_x" v="-9286.371118734713"/>
    <tag k="local_y" v="-40809.87595535156"/>
  </node>
  <node id="1002" visible="true" version="1" lat="0.00000000000" lon="0.00000000000">
    <tag k="ele" v="28.755844827586206"/>
    <tag k="local_x" v="-9286.826089601567"/>
    <tag k="local_y" v="-40810.740703792086"/>
  </node>
  <node id="1003" visible="true" version="1" lat="0.00000000000" lon="0.00000000000">
    <tag k="ele" v="28.751293103448273"/>
    <tag k="local_x" v="-9287.292385129602"/>
    <tag k="local_y" v="-40811.599245047175"/>
  </node>
  <node id="1004" visible="true" version="1" lat="0.00000000000" lon="0.00000000000">
    <tag k="ele" v="28.746741379310343"/>
    <tag k="local_x" v="-9287.76944427208"/>
    <tag k="local_y" v="-40812.451869216275"/>
  </node>
  <node id="1005" visible="true" version="1" lat="0.00000000000" lon="0.00000000000">
    <tag k="ele" v="28.74218965517241"/>
    <tag k="local_x" v="-9288.25670598226"/>
    <tag k="local_y" v="-40813.298866398836"/>
  </node>
  <node id="1006" visible="true" version="1" lat="0.00000000000" lon="0.00000000000">
    <tag k="ele" v="28.73763793103448"/>
    <tag k="local_x" v="-9288.753609213407"/>
    <tag k="local_y" v="-40814.14052669427"/>
  </node>
  <node id="1007" visible="true" version="1" lat="0.00000000000" lon="0.00000000000">
    <tag k="ele" v="28.733086206896548"/>
    <tag k="local_x" v="-9289.259592918788"/>
    <tag k="local_y" v="-40814.97714020201"/>
  </node>
  <node id="1008" visible="true" version="1" lat="0.00000000000" lon="0.00000000000">
    <tag k="ele" v="28.72853448275862"/>
    <tag k="local_x" v="-9289.774096051664"/>
    <tag k="local_y" v="-40815.8089970215"/>
  </node>
  <node id="1009" visible="true" version="1" lat="0.00000000000" lon="0.00000000000">
    <tag k="ele" v="28.72398275862069"/>
    <tag k="local_x" v="-9290.296557565298"/>
    <tag k="local_y" v="-40816.63638725216"/>
  </node>
  <node id="1010" visible="true" version="1" lat="0.00000000000" lon="0.00000000000">
    <tag k="ele" v="28.719431034482756"/>
    <tag k="local_x" v="-9290.826416412954"/>
    <tag k="local_y" v="-40817.459600993425"/>
  </node>
  <node id="1011" visible="true" version="1" lat="0.00000000000" lon="0.00000000000">
    <tag k="ele" v="28.714879310344827"/>
    <tag k="local_x" v="-9291.363111547897"/>
    <tag k="local_y" v="-40818.27892834474"/>
  </node>
  <node id="1012" visible="true" version="1" lat="0.00000000000" lon="0.00000000000">
    <tag k="ele" v="28.710327586206894"/>
    <tag k="local_x" v="-9291.906081923385"/>
    <tag k="local_y" v="-40819.09465940553"/>
  </node>
  <node id="1013" visible="true" version="1" lat="0.00000000000" lon="0.00000000000">
    <tag k="ele" v="28.705775862068965"/>
    <tag k="local_x" v="-9292.454766492689"/>
    <tag k="local_y" v="-40819.907084275226"/>
  </node>
  <node id="1014" visible="true" version="1" lat="0.00000000000" lon="0.00000000000">
    <tag k="ele" v="28.701224137931032"/>
    <tag k="local_x" v="-9293.008604209064"/>
    <tag k="local_y" v="-40820.716493053245"/>
  </node>
  <node id="1015" visible="true" version="1" lat="0.00000000000" lon="0.00000000000">
    <tag k="ele" v="28.696672413793102"/>
    <tag k="local_x" v="-9293.567034025778"/>
    <tag k="local_y" v="-40821.52317583905"/>
  </node>
  <node id="1016" visible="true" version="1" lat="0.00000000000" lon="0.00000000000">
    <tag k="ele" v="28.69212068965517"/>
    <tag k="local_x" v="-9294.129494896097"/>
    <tag k="local_y" v="-40822.32742273206"/>
  </node>
  <node id="1017" visible="true" version="1" lat="0.00000000000" lon="0.00000000000">
    <tag k="ele" v="28.68756896551724"/>
    <tag k="local_x" v="-9294.695425773278"/>
    <tag k="local_y" v="-40823.1295238317"/>
  </node>
  <node id="1018" visible="true" version="1" lat="0.00000000000" lon="0.00000000000">
    <tag k="ele" v="28.683017241379307"/>
    <tag k="local_x" v="-9295.26426561059"/>
    <tag k="local_y" v="-40823.929769237424"/>
  </node>
  <node id="1019" visible="true" version="1" lat="0.00000000000" lon="0.00000000000">
    <tag k="ele" v="28.678465517241378"/>
    <tag k="local_x" v="-9295.835453361291"/>
    <tag k="local_y" v="-40824.72844904864"/>
  </node>
  <node id="1020" visible="true" version="1" lat="0.00000000000" lon="0.00000000000">
    <tag k="ele" v="28.67391379310345"/>
    <tag k="local_x" v="-9296.40842797865"/>
    <tag k="local_y" v="-40825.525853364794"/>
  </node>
  <node id="1021" visible="true" version="1" lat="0.00000000000" lon="0.00000000000">
    <tag k="ele" v="28.669362068965516"/>
    <tag k="local_x" v="-9296.982628415926"/>
    <tag k="local_y" v="-40826.32227228531"/>
  </node>
  <node id="1022" visible="true" version="1" lat="0.00000000000" lon="0.00000000000">
    <tag k="ele" v="28.664810344827586"/>
    <tag k="local_x" v="-9297.557493626384"/>
    <tag k="local_y" v="-40827.11799590963"/>
  </node>
  <node id="1023" visible="true" version="1" lat="0.00000000000" lon="0.00000000000">
    <tag k="ele" v="28.660258620689653"/>
    <tag k="local_x" v="-9298.132462563288"/>
    <tag k="local_y" v="-40827.913314337195"/>
  </node>
  <node id="1024" visible="true" version="1" lat="0.00000000000" lon="0.00000000000">
    <tag k="ele" v="28.655706896551724"/>
    <tag k="local_x" v="-9298.706974179899"/>
    <tag k="local_y" v="-40828.70851766741"/>
  </node>
  <node id="1025" visible="true" version="1" lat="0.00000000000" lon="0.00000000000">
    <tag k="ele" v="28.65115517241379"/>
    <tag k="local_x" v="-9299.280467429482"/>
    <tag k="local_y" v="-40829.50389599973"/>
  </node>
  <node id="1026" visible="true" version="1" lat="0.00000000000" lon="0.00000000000">
    <tag k="ele" v="28.64660344827586"/>
    <tag k="local_x" v="-9299.8523812653"/>
    <tag k="local_y" v="-40830.29973943358"/>
  </node>
  <node id="1027" visible="true" version="1" lat="0.00000000000" lon="0.00000000000">
    <tag k="ele" v="28.64205172413793"/>
    <tag k="local_x" v="-9300.422154640619"/>
    <tag k="local_y" v="-40831.0963380684"/>
  </node>
  <node id="1028" visible="true" version="1" lat="0.00000000000" lon="0.00000000000">
    <tag k="ele" v="28.765099999999997"/>
    <tag k="local_x" v="-9279.594874438515"/>
    <tag k="local_y" v="-40811.98223743494"/>
  </node>
  <node id="1029" visible="true" version="1" lat="0.00000000000" lon="0.00000000000">
    <tag k="ele" v="28.760699999999996"/>
    <tag k="local_x" v="-9280.049701366763"/>
    <tag k="local_y" v="-40812.867031552894"/>
  </node>
  <node id="1030" visible="true" version="1" lat="0.00000000000" lon="0.00000000000">
    <tag k="ele" v="28.756299999999996"/>
    <tag k="local_x" v="-9280.518620590668"/>
    <tag k="local_y" v="-40813.744201267546"/>
  </node>
  <node id="1031" visible="true" version="1" lat="0.00000000000" lon="0.00000000000">
    <tag k="ele" v="28.7519"/>
    <tag k="local_x" v="-9281.000556138146"/>
    <tag k="local_y" v="-40814.61432918069"/>
  </node>
  <node id="1032" visible="true" version="1" lat="0.00000000000" lon="0.00000000000">
    <tag k="ele" v="28.7475"/>
    <tag k="local_x" v="-9281.494432037094"/>
    <tag k="local_y" v="-40815.477997894115"/>
  </node>
  <node id="1033" visible="true" version="1" lat="0.00000000000" lon="0.00000000000">
    <tag k="ele" v="28.7431"/>
    <tag k="local_x" v="-9281.999172315427"/>
    <tag k="local_y" v="-40816.33579000961"/>
  </node>
  <node id="1034" visible="true" version="1" lat="0.00000000000" lon="0.00000000000">
    <tag k="ele" v="28.738699999999998"/>
    <tag k="local_x" v="-9282.513701001051"/>
    <tag k="local_y" v="-40817.18828812896"/>
  </node>
  <node id="1035" visible="true" version="1" lat="0.00000000000" lon="0.00000000000">
    <tag k="ele" v="28.734299999999998"/>
    <tag k="local_x" v="-9283.03694212187"/>
    <tag k="local_y" v="-40818.03607485397"/>
  </node>
  <node id="1036" visible="true" version="1" lat="0.00000000000" lon="0.00000000000">
    <tag k="ele" v="28.729899999999997"/>
    <tag k="local_x" v="-9283.567819705797"/>
    <tag k="local_y" v="-40818.87973278641"/>
  </node>
  <node id="1037" visible="true" version="1" lat="0.00000000000" lon="0.00000000000">
    <tag k="ele" v="28.725499999999997"/>
    <tag k="local_x" v="-9284.105257780731"/>
    <tag k="local_y" v="-40819.719844528096"/>
  </node>
  <node id="1038" visible="true" version="1" lat="0.00000000000" lon="0.00000000000">
    <tag k="ele" v="28.721099999999996"/>
    <tag k="local_x" v="-9284.648180374586"/>
    <tag k="local_y" v="-40820.5569926808"/>
  </node>
  <node id="1039" visible="true" version="1" lat="0.00000000000" lon="0.00000000000">
    <tag k="ele" v="28.7167"/>
    <tag k="local_x" v="-9285.19551151527"/>
    <tag k="local_y" v="-40821.39175984633"/>
  </node>
  <node id="1040" visible="true" version="1" lat="0.00000000000" lon="0.00000000000">
    <tag k="ele" v="28.7123"/>
    <tag k="local_x" v="-9285.74617523069"/>
    <tag k="local_y" v="-40822.22472862646"/>
  </node>
  <node id="1041" visible="true" version="1" lat="0.00000000000" lon="0.00000000000">
    <tag k="ele" v="28.7079"/>
    <tag k="local_x" v="-9286.299095548748"/>
    <tag k="local_y" v="-40823.056481622996"/>
  </node>
  <node id="1042" visible="true" version="1" lat="0.00000000000" lon="0.00000000000">
    <tag k="ele" v="28.7035"/>
    <tag k="local_x" v="-9286.853196497357"/>
    <tag k="local_y" v="-40823.88760143771"/>
  </node>
  <node id="1043" visible="true" version="1" lat="0.00000000000" lon="0.00000000000">
    <tag k="ele" v="28.699099999999998"/>
    <tag k="local_x" v="-9287.407402104423"/>
    <tag k="local_y" v="-40824.71867067242"/>
  </node>
  <node id="1044" visible="true" version="1" lat="0.00000000000" lon="0.00000000000">
    <tag k="ele" v="28.694699999999997"/>
    <tag k="local_x" v="-9287.960636397855"/>
    <tag k="local_y" v="-40825.550271928885"/>
  </node>
  <node id="1045" visible="true" version="1" lat="0.00000000000" lon="0.00000000000">
    <tag k="ele" v="28.690299999999997"/>
    <tag k="local_x" v="-9288.511823405555"/>
    <tag k="local_y" v="-40826.382987808924"/>
  </node>
  <node id="1046" visible="true" version="1" lat="0.00000000000" lon="0.00000000000">
    <tag k="ele" v="28.6859"/>
    <tag k="local_x" v="-9289.059887155434"/>
    <tag k="local_y" v="-40827.217400914305"/>
  </node>
  <node id="1047" visible="true" version="1" lat="0.00000000000" lon="0.00000000000">
    <tag k="ele" v="28.6815"/>
    <tag k="local_x" v="-9289.6037516754"/>
    <tag k="local_y" v="-40828.05409384683"/>
  </node>
  <node id="1048" visible="true" version="1" lat="0.00000000000" lon="0.00000000000">
    <tag k="ele" v="28.6771"/>
    <tag k="local_x" v="-9290.142340993361"/>
    <tag k="local_y" v="-40828.893649208294"/>
  </node>
  <node id="1049" visible="true" version="1" lat="0.00000000000" lon="0.00000000000">
    <tag k="ele" v="28.6727"/>
    <tag k="local_x" v="-9290.674579137221"/>
    <tag k="local_y" v="-40829.73664960049"/>
  </node>
  <node id="1050" visible="true" version="1" lat="0.00000000000" lon="0.00000000000">
    <tag k="ele" v="28.6683"/>
    <tag k="local_x" v="-9291.199390134894"/>
    <tag k="local_y" v="-40830.58367762519"/>
  </node>
  <node id="1051" visible="true" version="1" lat="0.00000000000" lon="0.00000000000">
    <tag k="ele" v="28.663899999999998"/>
    <tag k="local_x" v="-9291.71569801428"/>
    <tag k="local_y" v="-40831.4353158842"/>
  </node>
  <node id="1052" visible="true" version="1" lat="0.00000000000" lon="0.00000000000">
    <tag k="ele" v="28.659499999999998"/>
    <tag k="local_x" v="-9292.22242680329"/>
    <tag k="local_y" v="-40832.29214697932"/>
  </node>
  <node id="1053" visible="true" version="1" lat="0.00000000000" lon="0.00000000000">
    <tag k="ele" v="28.655099999999997"/>
    <tag k="local_x" v="-9292.71850052983"/>
    <tag k="local_y" v="-40833.15475351232"/>
  </node>
  <node id="1054" visible="true" version="1" lat="0.00000000000" lon="0.00000000000">
    <tag k="ele" v="28.6507"/>
    <tag k="local_x" v="-9293.20284322181"/>
    <tag k="local_y" v="-40834.023718085"/>
  </node>
  <node id="1055" visible="true" version="1" lat="0.00000000000" lon="0.00000000000">
    <tag k="ele" v="28.6463"/>
    <tag k="local_x" v="-9293.674378907135"/>
    <tag k="local_y" v="-40834.899623299156"/>
  </node>
  <node id="1056" visible="true" version="1" lat="0.00000000000" lon="0.00000000000">
    <tag k="ele" v="28.6419"/>
    <tag k="local_x" v="-9294.132031613713"/>
    <tag k="local_y" v="-40835.78305175657"/>
  </node>
  <node id="1057" visible="true" version="1" lat="0.00000000000" lon="0.00000000000">
    <tag k="ele" v="28.765099999999997"/>
    <tag k="local_x" v="-9282.7555080741"/>
    <tag k="local_y" v="-40810.47970094029"/>
  </node>
  <node id="1058" visible="true" version="1" lat="0.00000000000" lon="0.00000000000">
    <tag k="ele" v="28.760699999999996"/>
    <tag k="local_x" v="-9283.199531759816"/>
    <tag k="local_y" v="-40811.343425457475"/>
  </node>
  <node id="1059" visible="true" version="1" lat="0.00000000000" lon="0.00000000000">
    <tag k="ele" v="28.756299999999996"/>
    <tag k="local_x" v="-9283.657325180558"/>
    <tag k="local_y" v="-40812.19969929666"/>
  </node>
  <node id="1060" visible="true" version="1" lat="0.00000000000" lon="0.00000000000">
    <tag k="ele" v="28.7519"/>
    <tag k="local_x" v="-9284.127836985"/>
    <tag k="local_y" v="-40813.04909178875"/>
  </node>
  <node id="1061" visible="true" version="1" lat="0.00000000000" lon="0.00000000000">
    <tag k="ele" v="28.7475"/>
    <tag k="local_x" v="-9284.610015821812"/>
    <tag k="local_y" v="-40813.89217226466"/>
  </node>
  <node id="1062" visible="true" version="1" lat="0.00000000000" lon="0.00000000000">
    <tag k="ele" v="28.7431"/>
    <tag k="local_x" v="-9285.102810339658"/>
    <tag k="local_y" v="-40814.72951005527"/>
  </node>
  <node id="1063" visible="true" version="1" lat="0.00000000000" lon="0.00000000000">
    <tag k="ele" v="28.738699999999998"/>
    <tag k="local_x" v="-9285.605169187214"/>
    <tag k="local_y" v="-40815.5616744915"/>
  </node>
  <node id="1064" visible="true" version="1" lat="0.00000000000" lon="0.00000000000">
    <tag k="ele" v="28.734299999999998"/>
    <tag k="local_x" v="-9286.11604101314"/>
    <tag k="local_y" v="-40816.38923490422"/>
  </node>
  <node id="1065" visible="true" version="1" lat="0.00000000000" lon="0.00000000000">
    <tag k="ele" v="28.729899999999997"/>
    <tag k="local_x" v="-9286.634374466112"/>
    <tag k="local_y" v="-40817.21276062437"/>
  </node>
  <node id="1066" visible="true" version="1" lat="0.00000000000" lon="0.00000000000">
    <tag k="ele" v="28.725499999999997"/>
    <tag k="local_x" v="-9287.159118194793"/>
    <tag k="local_y" v="-40818.03282098282"/>
  </node>
  <node id="1067" visible="true" version="1" lat="0.00000000000" lon="0.00000000000">
    <tag k="ele" v="28.721099999999996"/>
    <tag k="local_x" v="-9287.689220847857"/>
    <tag k="local_y" v="-40818.84998531049"/>
  </node>
  <node id="1068" visible="true" version="1" lat="0.00000000000" lon="0.00000000000">
    <tag k="ele" v="28.7167"/>
    <tag k="local_x" v="-9288.223631073968"/>
    <tag k="local_y" v="-40819.66482293828"/>
  </node>
  <node id="1069" visible="true" version="1" lat="0.00000000000" lon="0.00000000000">
    <tag k="ele" v="28.7123"/>
    <tag k="local_x" v="-9288.7612975218"/>
    <tag k="local_y" v="-40820.47790319707"/>
  </node>
  <node id="1070" visible="true" version="1" lat="0.00000000000" lon="0.00000000000">
    <tag k="ele" v="28.7079"/>
    <tag k="local_x" v="-9289.301168840018"/>
    <tag k="local_y" v="-40821.28979541779"/>
  </node>
  <node id="1071" visible="true" version="1" lat="0.00000000000" lon="0.00000000000">
    <tag k="ele" v="28.7035"/>
    <tag k="local_x" v="-9289.842193677292"/>
    <tag k="local_y" v="-40822.10106893131"/>
  </node>
  <node id="1072" visible="true" version="1" lat="0.00000000000" lon="0.00000000000">
    <tag k="ele" v="28.699099999999998"/>
    <tag k="local_x" v="-9290.38332068229"/>
    <tag k="local_y" v="-40822.91229306856"/>
  </node>
  <node id="1073" visible="true" version="1" lat="0.00000000000" lon="0.00000000000">
    <tag k="ele" v="28.694699999999997"/>
    <tag k="local_x" v="-9290.92349850368"/>
    <tag k="local_y" v="-40823.72403716043"/>
  </node>
  <node id="1074" visible="true" version="1" lat="0.00000000000" lon="0.00000000000">
    <tag k="ele" v="28.690299999999997"/>
    <tag k="local_x" v="-9291.461675790135"/>
    <tag k="local_y" v="-40824.536870537806"/>
  </node>
  <node id="1075" visible="true" version="1" lat="0.00000000000" lon="0.00000000000">
    <tag k="ele" v="28.6859"/>
    <tag k="local_x" v="-9291.99680119032"/>
    <tag k="local_y" v="-40825.35136253161"/>
  </node>
  <node id="1076" visible="true" version="1" lat="0.00000000000" lon="0.00000000000">
    <tag k="ele" v="28.6815"/>
    <tag k="local_x" v="-9292.527823352904"/>
    <tag k="local_y" v="-40826.16808247273"/>
  </node>
  <node id="1077" visible="true" version="1" lat="0.00000000000" lon="0.00000000000">
    <tag k="ele" v="28.6771"/>
    <tag k="local_x" v="-9293.053690926557"/>
    <tag k="local_y" v="-40826.987599692075"/>
  </node>
  <node id="1078" visible="true" version="1" lat="0.00000000000" lon="0.00000000000">
    <tag k="ele" v="28.6727"/>
    <tag k="local_x" v="-9293.573352559948"/>
    <tag k="local_y" v="-40827.810483520545"/>
  </node>
  <node id="1079" visible="true" version="1" lat="0.00000000000" lon="0.00000000000">
    <tag k="ele" v="28.6683"/>
    <tag k="local_x" v="-9294.085756901744"/>
    <tag k="local_y" v="-40828.63730328903"/>
  </node>
  <node id="1080" visible="true" version="1" lat="0.00000000000" lon="0.00000000000">
    <tag k="ele" v="28.663899999999998"/>
    <tag k="local_x" v="-9294.589852600615"/>
    <tag k="local_y" v="-40829.46862832845"/>
  </node>
  <node id="1081" visible="true" version="1" lat="0.00000000000" lon="0.00000000000">
    <tag k="ele" v="28.659499999999998"/>
    <tag k="local_x" v="-9295.084588305232"/>
    <tag k="local_y" v="-40830.30502796968"/>
  </node>
  <node id="1082" visible="true" version="1" lat="0.00000000000" lon="0.00000000000">
    <tag k="ele" v="28.655099999999997"/>
    <tag k="local_x" v="-9295.568912664261"/>
    <tag k="local_y" v="-40831.14707154365"/>
  </node>
  <node id="1083" visible="true" version="1" lat="0.00000000000" lon="0.00000000000">
    <tag k="ele" v="28.6507"/>
    <tag k="local_x" v="-9296.041774326366"/>
    <tag k="local_y" v="-40831.99532838125"/>
  </node>
  <node id="1084" visible="true" version="1" lat="0.00000000000" lon="0.00000000000">
    <tag k="ele" v="28.6463"/>
    <tag k="local_x" v="-9296.502121940228"/>
    <tag k="local_y" v="-40832.850367813364"/>
  </node>
  <node id="1085" visible="true" version="1" lat="0.00000000000" lon="0.00000000000">
    <tag k="ele" v="28.6419"/>
    <tag k="local_x" v="-9296.948904154506"/>
    <tag k="local_y" v="-40833.712759170914"/>
  </node>
  <node id="1086" visible="true" version="1" lat="0.00000000000" lon="0.00000000000">
    <tag k="ele" v="28.456789473684207"/>
    <tag k="local_x" v="-9275.555071248886"/>
    <tag k="local_y" v="-40780.92087864246"/>
  </node>
  <node id="1087" visible="true" version="1" lat="0.00000000000" lon="0.00000000000">
    <tag k="ele" v="28.470828947368418"/>
    <tag k="local_x" v="-9275.764410458356"/>
    <tag k="local_y" v="-40781.884365108344"/>
  </node>
  <node id="1088" visible="true" version="1" lat="0.00000000000" lon="0.00000000000">
    <tag k="ele" v="28.484868421052628"/>
    <tag k="local_x" v="-9275.989748493195"/>
    <tag k="local_y" v="-40782.84428344985"/>
  </node>
  <node id="1089" visible="true" version="1" lat="0.00000000000" lon="0.00000000000">
    <tag k="ele" v="28.49890789473684"/>
    <tag k="local_x" v="-9276.230225194386"/>
    <tag k="local_y" v="-40783.80073874755"/>
  </node>
  <node id="1090" visible="true" version="1" lat="0.00000000000" lon="0.00000000000">
    <tag k="ele" v="28.51294736842105"/>
    <tag k="local_x" v="-9276.484980402907"/>
    <tag k="local_y" v="-40784.75383608201"/>
  </node>
  <node id="1091" visible="true" version="1" lat="0.00000000000" lon="0.00000000000">
    <tag k="ele" v="28.52698684210526"/>
    <tag k="local_x" v="-9276.753153959746"/>
    <tag k="local_y" v="-40785.70368053385"/>
  </node>
  <node id="1092" visible="true" version="1" lat="0.00000000000" lon="0.00000000000">
    <tag k="ele" v="28.54102631578947"/>
    <tag k="local_x" v="-9277.033885705878"/>
    <tag k="local_y" v="-40786.650377183614"/>
  </node>
  <node id="1093" visible="true" version="1" lat="0.00000000000" lon="0.00000000000">
    <tag k="ele" v="28.55506578947368"/>
    <tag k="local_x" v="-9277.326315482285"/>
    <tag k="local_y" v="-40787.5940311119"/>
  </node>
  <node id="1094" visible="true" version="1" lat="0.00000000000" lon="0.00000000000">
    <tag k="ele" v="28.56910526315789"/>
    <tag k="local_x" v="-9277.629583129954"/>
    <tag k="local_y" v="-40788.53474739927"/>
  </node>
  <node id="1095" visible="true" version="1" lat="0.00000000000" lon="0.00000000000">
    <tag k="ele" v="28.583144736842105"/>
    <tag k="local_x" v="-9277.942828489864"/>
    <tag k="local_y" v="-40789.47263112633"/>
  </node>
  <node id="1096" visible="true" version="1" lat="0.00000000000" lon="0.00000000000">
    <tag k="ele" v="28.597184210526315"/>
    <tag k="local_x" v="-9278.265191402996"/>
    <tag k="local_y" v="-40790.407787373646"/>
  </node>
  <node id="1097" visible="true" version="1" lat="0.00000000000" lon="0.00000000000">
    <tag k="ele" v="28.611223684210525"/>
    <tag k="local_x" v="-9278.595811710331"/>
    <tag k="local_y" v="-40791.34032122178"/>
  </node>
  <node id="1098" visible="true" version="1" lat="0.00000000000" lon="0.00000000000">
    <tag k="ele" v="28.625263157894736"/>
    <tag k="local_x" v="-9278.933829252854"/>
    <tag k="local_y" v="-40792.27033775136"/>
  </node>
  <node id="1099" visible="true" version="1" lat="0.00000000000" lon="0.00000000000">
    <tag k="ele" v="28.639302631578946"/>
    <tag k="local_x" v="-9279.278383871544"/>
    <tag k="local_y" v="-40793.19794204291"/>
  </node>
  <node id="1100" visible="true" version="1" lat="0.00000000000" lon="0.00000000000">
    <tag k="ele" v="28.653342105263157"/>
    <tag k="local_x" v="-9279.628615407384"/>
    <tag k="local_y" v="-40794.12323917704"/>
  </node>
  <node id="1101" visible="true" version="1" lat="0.00000000000" lon="0.00000000000">
    <tag k="ele" v="28.667381578947367"/>
    <tag k="local_x" v="-9279.983663701352"/>
    <tag k="local_y" v="-40795.046334234336"/>
  </node>
  <node id="1102" visible="true" version="1" lat="0.00000000000" lon="0.00000000000">
    <tag k="ele" v="28.681421052631578"/>
    <tag k="local_x" v="-9280.342668594434"/>
    <tag k="local_y" v="-40795.96733229536"/>
  </node>
  <node id="1103" visible="true" version="1" lat="0.00000000000" lon="0.00000000000">
    <tag k="ele" v="28.695460526315788"/>
    <tag k="local_x" v="-9280.70476992761"/>
    <tag k="local_y" v="-40796.8863384407"/>
  </node>
  <node id="1104" visible="true" version="1" lat="0.00000000000" lon="0.00000000000">
    <tag k="ele" v="28.459394736842103"/>
    <tag k="local_x" v="-9278.658266774104"/>
    <tag k="local_y" v="-40780.11940880674"/>
  </node>
  <node id="1105" visible="true" version="1" lat="0.00000000000" lon="0.00000000000">
    <tag k="ele" v="28.476039473684207"/>
    <tag k="local_x" v="-9278.855108716913"/>
    <tag k="local_y" v="-40781.063827842685"/>
  </node>
  <node id="1106" visible="true" version="1" lat="0.00000000000" lon="0.00000000000">
    <tag k="ele" v="28.492684210526313"/>
    <tag k="local_x" v="-9279.063104804032"/>
    <tag k="local_y" v="-40782.00614491901"/>
  </node>
  <node id="1107" visible="true" version="1" lat="0.00000000000" lon="0.00000000000">
    <tag k="ele" v="28.509328947368417"/>
    <tag k="local_x" v="-9279.28201244494"/>
    <tag k="local_y" v="-40782.94627789376"/>
  </node>
  <node id="1108" visible="true" version="1" lat="0.00000000000" lon="0.00000000000">
    <tag k="ele" v="28.525973684210523"/>
    <tag k="local_x" v="-9279.51158904912"/>
    <tag k="local_y" v="-40783.88414462501"/>
  </node>
  <node id="1109" visible="true" version="1" lat="0.00000000000" lon="0.00000000000">
    <tag k="ele" v="28.542618421052627"/>
    <tag k="local_x" v="-9279.751592026043"/>
    <tag k="local_y" v="-40784.819662970855"/>
  </node>
  <node id="1110" visible="true" version="1" lat="0.00000000000" lon="0.00000000000">
    <tag k="ele" v="28.559263157894733"/>
    <tag k="local_x" v="-9280.00177878519"/>
    <tag k="local_y" v="-40785.75275078935"/>
  </node>
  <node id="1111" visible="true" version="1" lat="0.00000000000" lon="0.00000000000">
    <tag k="ele" v="28.57590789473684"/>
    <tag k="local_x" v="-9280.261906736037"/>
    <tag k="local_y" v="-40786.68332593857"/>
  </node>
  <node id="1112" visible="true" version="1" lat="0.00000000000" lon="0.00000000000">
    <tag k="ele" v="28.592552631578943"/>
    <tag k="local_x" v="-9280.531733288066"/>
    <tag k="local_y" v="-40787.61130627659"/>
  </node>
  <node id="1113" visible="true" version="1" lat="0.00000000000" lon="0.00000000000">
    <tag k="ele" v="28.60919736842105"/>
    <tag k="local_x" v="-9280.811015850746"/>
    <tag k="local_y" v="-40788.53660966147"/>
  </node>
  <node id="1114" visible="true" version="1" lat="0.00000000000" lon="0.00000000000">
    <tag k="ele" v="28.625842105263153"/>
    <tag k="local_x" v="-9281.099511833563"/>
    <tag k="local_y" v="-40789.4591539513"/>
  </node>
  <node id="1115" visible="true" version="1" lat="0.00000000000" lon="0.00000000000">
    <tag k="ele" v="28.64248684210526"/>
    <tag k="local_x" v="-9281.396978645991"/>
    <tag k="local_y" v="-40790.37885700414"/>
  </node>
  <node id="1116" visible="true" version="1" lat="0.00000000000" lon="0.00000000000">
    <tag k="ele" v="28.659131578947367"/>
    <tag k="local_x" v="-9281.70317369751"/>
    <tag k="local_y" v="-40791.29563667807"/>
  </node>
  <node id="1117" visible="true" version="1" lat="0.00000000000" lon="0.00000000000">
    <tag k="ele" v="28.67577631578947"/>
    <tag k="local_x" v="-9282.017854397594"/>
    <tag k="local_y" v="-40792.20941083115"/>
  </node>
  <node id="1118" visible="true" version="1" lat="0.00000000000" lon="0.00000000000">
    <tag k="ele" v="28.692421052631577"/>
    <tag k="local_x" v="-9282.340778155723"/>
    <tag k="local_y" v="-40793.12009732147"/>
  </node>
  <node id="1119" visible="true" version="1" lat="0.00000000000" lon="0.00000000000">
    <tag k="ele" v="28.70906578947368"/>
    <tag k="local_x" v="-9282.67170238137"/>
    <tag k="local_y" v="-40794.027614007086"/>
  </node>
  <node id="1120" visible="true" version="1" lat="0.00000000000" lon="0.00000000000">
    <tag k="ele" v="28.725710526315787"/>
    <tag k="local_x" v="-9283.010384484023"/>
    <tag k="local_y" v="-40794.93187874609"/>
  </node>
  <node id="1121" visible="true" version="1" lat="0.00000000000" lon="0.00000000000">
    <tag k="ele" v="28.74235526315789"/>
    <tag k="local_x" v="-9283.356581873151"/>
    <tag k="local_y" v="-40795.83280939652"/>
  </node>
  <node id="1122" visible="true" version="1" lat="0.00000000000" lon="0.00000000000">
    <tag k="ele" v="28.44767647058823"/>
    <tag k="local_x" v="-9275.587143737686"/>
    <tag k="local_y" v="-40780.88070245662"/>
  </node>
  <node id="1123" visible="true" version="1" lat="0.00000000000" lon="0.00000000000">
    <tag k="ele" v="28.45260294117647"/>
    <tag k="local_x" v="-9275.89349695445"/>
    <tag k="local_y" v="-40781.74033532958"/>
  </node>
  <node id="1124" visible="true" version="1" lat="0.00000000000" lon="0.00000000000">
    <tag k="ele" v="28.457529411764703"/>
    <tag k="local_x" v="-9276.277830587373"/>
    <tag k="local_y" v="-40782.53582619181"/>
  </node>
  <node id="1125" visible="true" version="1" lat="0.00000000000" lon="0.00000000000">
    <tag k="ele" v="28.462455882352938"/>
    <tag k="local_x" v="-9276.736324549724"/>
    <tag k="local_y" v="-40783.27038364459"/>
  </node>
  <node id="1126" visible="true" version="1" lat="0.00000000000" lon="0.00000000000">
    <tag k="ele" v="28.467382352941172"/>
    <tag k="local_x" v="-9277.265158754773"/>
    <tag k="local_y" v="-40783.94721628922"/>
  </node>
  <node id="1127" visible="true" version="1" lat="0.00000000000" lon="0.00000000000">
    <tag k="ele" v="28.47230882352941"/>
    <tag k="local_x" v="-9277.860513115795"/>
    <tag k="local_y" v="-40784.569532727015"/>
  </node>
  <node id="1128" visible="true" version="1" lat="0.00000000000" lon="0.00000000000">
    <tag k="ele" v="28.477235294117644"/>
    <tag k="local_x" v="-9278.518567546056"/>
    <tag k="local_y" v="-40785.14054155929"/>
  </node>
  <node id="1129" visible="true" version="1" lat="0.00000000000" lon="0.00000000000">
    <tag k="ele" v="28.48216176470588"/>
    <tag k="local_x" v="-9279.235501958829"/>
    <tag k="local_y" v="-40785.66345138731"/>
  </node>
  <node id="1130" visible="true" version="1" lat="0.00000000000" lon="0.00000000000">
    <tag k="ele" v="28.487088235294113"/>
    <tag k="local_x" v="-9280.007496267383"/>
    <tag k="local_y" v="-40786.14147081238"/>
  </node>
  <node id="1131" visible="true" version="1" lat="0.00000000000" lon="0.00000000000">
    <tag k="ele" v="28.49201470588235"/>
    <tag k="local_x" v="-9280.830730384992"/>
    <tag k="local_y" v="-40786.57780843583"/>
  </node>
  <node id="1132" visible="true" version="1" lat="0.00000000000" lon="0.00000000000">
    <tag k="ele" v="28.496941176470585"/>
    <tag k="local_x" v="-9281.701384224923"/>
    <tag k="local_y" v="-40786.975672858935"/>
  </node>
  <node id="1133" visible="true" version="1" lat="0.00000000000" lon="0.00000000000">
    <tag k="ele" v="28.50186764705882"/>
    <tag k="local_x" v="-9282.615637700452"/>
    <tag k="local_y" v="-40787.33827268301"/>
  </node>
  <node id="1134" visible="true" version="1" lat="0.00000000000" lon="0.00000000000">
    <tag k="ele" v="28.506794117647054"/>
    <tag k="local_x" v="-9283.569670724843"/>
    <tag k="local_y" v="-40787.66881650934"/>
  </node>
  <node id="1135" visible="true" version="1" lat="0.00000000000" lon="0.00000000000">
    <tag k="ele" v="28.511720588235292"/>
    <tag k="local_x" v="-9284.559663211372"/>
    <tag k="local_y" v="-40787.97051293924"/>
  </node>
  <node id="1136" visible="true" version="1" lat="0.00000000000" lon="0.00000000000">
    <tag k="ele" v="28.516647058823526"/>
    <tag k="local_x" v="-9285.581795073309"/>
    <tag k="local_y" v="-40788.24657057399"/>
  </node>
  <node id="1137" visible="true" version="1" lat="0.00000000000" lon="0.00000000000">
    <tag k="ele" v="28.52157352941176"/>
    <tag k="local_x" v="-9286.632246223926"/>
    <tag k="local_y" v="-40788.500198014925"/>
  </node>
  <node id="1138" visible="true" version="1" lat="0.00000000000" lon="0.00000000000">
    <tag k="ele" v="28.5265"/>
    <tag k="local_x" v="-9287.707196576492"/>
    <tag k="local_y" v="-40788.73460386332"/>
  </node>
  <node id="1139" visible="true" version="1" lat="0.00000000000" lon="0.00000000000">
    <tag k="ele" v="28.531426470588233"/>
    <tag k="local_x" v="-9288.802826044277"/>
    <tag k="local_y" v="-40788.95299672048"/>
  </node>
  <node id="1140" visible="true" version="1" lat="0.00000000000" lon="0.00000000000">
    <tag k="ele" v="28.536352941176467"/>
    <tag k="local_x" v="-9289.915314540554"/>
    <tag k="local_y" v="-40789.15858518771"/>
  </node>
  <node id="1141" visible="true" version="1" lat="0.00000000000" lon="0.00000000000">
    <tag k="ele" v="28.5412794117647"/>
    <tag k="local_x" v="-9291.040841978594"/>
    <tag k="local_y" v="-40789.35457786631"/>
  </node>
  <node id="1142" visible="true" version="1" lat="0.00000000000" lon="0.00000000000">
    <tag k="ele" v="28.54620588235294"/>
    <tag k="local_x" v="-9292.175588271662"/>
    <tag k="local_y" v="-40789.54418335757"/>
  </node>
  <node id="1143" visible="true" version="1" lat="0.00000000000" lon="0.00000000000">
    <tag k="ele" v="28.551132352941174"/>
    <tag k="local_x" v="-9293.31573333304"/>
    <tag k="local_y" v="-40789.730610262806"/>
  </node>
  <node id="1144" visible="true" version="1" lat="0.00000000000" lon="0.00000000000">
    <tag k="ele" v="28.55605882352941"/>
    <tag k="local_x" v="-9294.45745707599"/>
    <tag k="local_y" v="-40789.91706718331"/>
  </node>
  <node id="1145" visible="true" version="1" lat="0.00000000000" lon="0.00000000000">
    <tag k="ele" v="28.560985294117643"/>
    <tag k="local_x" v="-9295.596939413785"/>
    <tag k="local_y" v="-40790.106762720396"/>
  </node>
  <node id="1146" visible="true" version="1" lat="0.00000000000" lon="0.00000000000">
    <tag k="ele" v="28.56591176470588"/>
    <tag k="local_x" v="-9296.730360259695"/>
    <tag k="local_y" v="-40790.302905475335"/>
  </node>
  <node id="1147" visible="true" version="1" lat="0.00000000000" lon="0.00000000000">
    <tag k="ele" v="28.570838235294115"/>
    <tag k="local_x" v="-9297.853899526994"/>
    <tag k="local_y" v="-40790.50870404946"/>
  </node>
  <node id="1148" visible="true" version="1" lat="0.00000000000" lon="0.00000000000">
    <tag k="ele" v="28.57576470588235"/>
    <tag k="local_x" v="-9298.963737128952"/>
    <tag k="local_y" v="-40790.72736704405"/>
  </node>
  <node id="1149" visible="true" version="1" lat="0.00000000000" lon="0.00000000000">
    <tag k="ele" v="28.580691176470584"/>
    <tag k="local_x" v="-9300.056052978836"/>
    <tag k="local_y" v="-40790.96210306041"/>
  </node>
  <node id="1150" visible="true" version="1" lat="0.00000000000" lon="0.00000000000">
    <tag k="ele" v="28.58561764705882"/>
    <tag k="local_x" v="-9301.127026989923"/>
    <tag k="local_y" v="-40791.21612069985"/>
  </node>
  <node id="1151" visible="true" version="1" lat="0.00000000000" lon="0.00000000000">
    <tag k="ele" v="28.590544117647056"/>
    <tag k="local_x" v="-9302.17283907548"/>
    <tag k="local_y" v="-40791.49262856366"/>
  </node>
  <node id="1152" visible="true" version="1" lat="0.00000000000" lon="0.00000000000">
    <tag k="ele" v="28.59547058823529"/>
    <tag k="local_x" v="-9303.189669148776"/>
    <tag k="local_y" v="-40791.79483525315"/>
  </node>
  <node id="1153" visible="true" version="1" lat="0.00000000000" lon="0.00000000000">
    <tag k="ele" v="28.600397058823525"/>
    <tag k="local_x" v="-9304.173697123088"/>
    <tag k="local_y" v="-40792.12594936961"/>
  </node>
  <node id="1154" visible="true" version="1" lat="0.00000000000" lon="0.00000000000">
    <tag k="ele" v="28.605323529411763"/>
    <tag k="local_x" v="-9305.121102911678"/>
    <tag k="local_y" v="-40792.48917951435"/>
  </node>
  <node id="1155" visible="true" version="1" lat="0.00000000000" lon="0.00000000000">
    <tag k="ele" v="28.447258064516127"/>
    <tag k="local_x" v="-9278.701981124826"/>
    <tag k="local_y" v="-40780.09504996734"/>
  </node>
  <node id="1156" visible="true" version="1" lat="0.00000000000" lon="0.00000000000">
    <tag k="ele" v="28.451766129032254"/>
    <tag k="local_x" v="-9279.021622768874"/>
    <tag k="local_y" v="-40780.94074163019"/>
  </node>
  <node id="1157" visible="true" version="1" lat="0.00000000000" lon="0.00000000000">
    <tag k="ele" v="28.456274193548385"/>
    <tag k="local_x" v="-9279.427070348926"/>
    <tag k="local_y" v="-40781.71410201572"/>
  </node>
  <node id="1158" visible="true" version="1" lat="0.00000000000" lon="0.00000000000">
    <tag k="ele" v="28.460782258064512"/>
    <tag k="local_x" v="-9279.913647715624"/>
    <tag k="local_y" v="-40782.41918819805"/>
  </node>
  <node id="1159" visible="true" version="1" lat="0.00000000000" lon="0.00000000000">
    <tag k="ele" v="28.465290322580643"/>
    <tag k="local_x" v="-9280.476678719615"/>
    <tag k="local_y" v="-40783.06005725126"/>
  </node>
  <node id="1160" visible="true" version="1" lat="0.00000000000" lon="0.00000000000">
    <tag k="ele" v="28.46979838709677"/>
    <tag k="local_x" v="-9281.111487211549"/>
    <tag k="local_y" v="-40783.64076624946"/>
  </node>
  <node id="1161" visible="true" version="1" lat="0.00000000000" lon="0.00000000000">
    <tag k="ele" v="28.4743064516129"/>
    <tag k="local_x" v="-9281.81339704207"/>
    <tag k="local_y" v="-40784.16537226676"/>
  </node>
  <node id="1162" visible="true" version="1" lat="0.00000000000" lon="0.00000000000">
    <tag k="ele" v="28.478814516129027"/>
    <tag k="local_x" v="-9282.577732061824"/>
    <tag k="local_y" v="-40784.63793237725"/>
  </node>
  <node id="1163" visible="true" version="1" lat="0.00000000000" lon="0.00000000000">
    <tag k="ele" v="28.483322580645158"/>
    <tag k="local_x" v="-9283.399816121459"/>
    <tag k="local_y" v="-40785.062503655034"/>
  </node>
  <node id="1164" visible="true" version="1" lat="0.00000000000" lon="0.00000000000">
    <tag k="ele" v="28.487830645161285"/>
    <tag k="local_x" v="-9284.274973071622"/>
    <tag k="local_y" v="-40785.44314317422"/>
  </node>
  <node id="1165" visible="true" version="1" lat="0.00000000000" lon="0.00000000000">
    <tag k="ele" v="28.492338709677416"/>
    <tag k="local_x" v="-9285.198526762959"/>
    <tag k="local_y" v="-40785.78390800891"/>
  </node>
  <node id="1166" visible="true" version="1" lat="0.00000000000" lon="0.00000000000">
    <tag k="ele" v="28.496846774193546"/>
    <tag k="local_x" v="-9286.16580104611"/>
    <tag k="local_y" v="-40786.08885523319"/>
  </node>
  <node id="1167" visible="true" version="1" lat="0.00000000000" lon="0.00000000000">
    <tag k="ele" v="28.501354838709673"/>
    <tag k="local_x" v="-9287.172119771734"/>
    <tag k="local_y" v="-40786.362041921166"/>
  </node>
  <node id="1168" visible="true" version="1" lat="0.00000000000" lon="0.00000000000">
    <tag k="ele" v="28.505862903225804"/>
    <tag k="local_x" v="-9288.21280679047"/>
    <tag k="local_y" v="-40786.607525146945"/>
  </node>
  <node id="1169" visible="true" version="1" lat="0.00000000000" lon="0.00000000000">
    <tag k="ele" v="28.51037096774193"/>
    <tag k="local_x" v="-9289.283185952965"/>
    <tag k="local_y" v="-40786.82936198463"/>
  </node>
  <node id="1170" visible="true" version="1" lat="0.00000000000" lon="0.00000000000">
    <tag k="ele" v="28.51487903225806"/>
    <tag k="local_x" v="-9290.378581109866"/>
    <tag k="local_y" v="-40787.031609508325"/>
  </node>
  <node id="1171" visible="true" version="1" lat="0.00000000000" lon="0.00000000000">
    <tag k="ele" v="28.51938709677419"/>
    <tag k="local_x" v="-9291.494316111819"/>
    <tag k="local_y" v="-40787.21832479212"/>
  </node>
  <node id="1172" visible="true" version="1" lat="0.00000000000" lon="0.00000000000">
    <tag k="ele" v="28.52389516129032"/>
    <tag k="local_x" v="-9292.625714809472"/>
    <tag k="local_y" v="-40787.39356491012"/>
  </node>
  <node id="1173" visible="true" version="1" lat="0.00000000000" lon="0.00000000000">
    <tag k="ele" v="28.528403225806446"/>
    <tag k="local_x" v="-9293.768101053469"/>
    <tag k="local_y" v="-40787.561386936424"/>
  </node>
  <node id="1174" visible="true" version="1" lat="0.00000000000" lon="0.00000000000">
    <tag k="ele" v="28.532911290322577"/>
    <tag k="local_x" v="-9294.916798694461"/>
    <tag k="local_y" v="-40787.72584794514"/>
  </node>
  <node id="1175" visible="true" version="1" lat="0.00000000000" lon="0.00000000000">
    <tag k="ele" v="28.537419354838708"/>
    <tag k="local_x" v="-9296.06713158309"/>
    <tag k="local_y" v="-40787.891005010366"/>
  </node>
  <node id="1176" visible="true" version="1" lat="0.00000000000" lon="0.00000000000">
    <tag k="ele" v="28.541927419354835"/>
    <tag k="local_x" v="-9297.214423570005"/>
    <tag k="local_y" v="-40788.06091520621"/>
  </node>
  <node id="1177" visible="true" version="1" lat="0.00000000000" lon="0.00000000000">
    <tag k="ele" v="28.546435483870965"/>
    <tag k="local_x" v="-9298.353998505852"/>
    <tag k="local_y" v="-40788.239635606755"/>
  </node>
  <node id="1178" visible="true" version="1" lat="0.00000000000" lon="0.00000000000">
    <tag k="ele" v="28.550943548387092"/>
    <tag k="local_x" v="-9299.481180241279"/>
    <tag k="local_y" v="-40788.43122328612"/>
  </node>
  <node id="1179" visible="true" version="1" lat="0.00000000000" lon="0.00000000000">
    <tag k="ele" v="28.555451612903223"/>
    <tag k="local_x" v="-9300.591292626928"/>
    <tag k="local_y" v="-40788.6397353184"/>
  </node>
  <node id="1180" visible="true" version="1" lat="0.00000000000" lon="0.00000000000">
    <tag k="ele" v="28.55995967741935"/>
    <tag k="local_x" v="-9301.67965951345"/>
    <tag k="local_y" v="-40788.869228777694"/>
  </node>
  <node id="1181" visible="true" version="1" lat="0.00000000000" lon="0.00000000000">
    <tag k="ele" v="28.56446774193548"/>
    <tag k="local_x" v="-9302.741604751489"/>
    <tag k="local_y" v="-40789.12376073811"/>
  </node>
  <node id="1182" visible="true" version="1" lat="0.00000000000" lon="0.00000000000">
    <tag k="ele" v="28.568975806451608"/>
    <tag k="local_x" v="-9303.772452191693"/>
    <tag k="local_y" v="-40789.40738827374"/>
  </node>
  <node id="1183" visible="true" version="1" lat="0.00000000000" lon="0.00000000000">
    <tag k="ele" v="28.57348387096774"/>
    <tag k="local_x" v="-9304.767525684709"/>
    <tag k="local_y" v="-40789.7241684587"/>
  </node>
  <node id="1184" visible="true" version="1" lat="0.00000000000" lon="0.00000000000">
    <tag k="ele" v="28.577991935483865"/>
    <tag k="local_x" v="-9305.72214908118"/>
    <tag k="local_y" v="-40790.078158367076"/>
  </node>
  <node id="1185" visible="true" version="1" lat="0.00000000000" lon="0.00000000000">
    <tag k="ele" v="28.456087499999995"/>
    <tag k="local_x" v="-9271.785835556902"/>
    <tag k="local_y" v="-40781.842986542455"/>
  </node>
  <node id="1186" visible="true" version="1" lat="0.00000000000" lon="0.00000000000">
    <tag k="ele" v="28.469424999999998"/>
    <tag k="local_x" v="-9272.003055746416"/>
    <tag k="local_y" v="-40782.77976561006"/>
  </node>
  <node id="1187" visible="true" version="1" lat="0.00000000000" lon="0.00000000000">
    <tag k="ele" v="28.482762499999996"/>
    <tag k="local_x" v="-9272.23949589249"/>
    <tag k="local_y" v="-40783.711598156515"/>
  </node>
  <node id="1188" visible="true" version="1" lat="0.00000000000" lon="0.00000000000">
    <tag k="ele" v="28.4961"/>
    <tag k="local_x" v="-9272.493739018808"/>
    <tag k="local_y" v="-40784.63881969002"/>
  </node>
  <node id="1189" visible="true" version="1" lat="0.00000000000" lon="0.00000000000">
    <tag k="ele" v="28.509437499999997"/>
    <tag k="local_x" v="-9272.764368149046"/>
    <tag k="local_y" v="-40785.56176571878"/>
  </node>
  <node id="1190" visible="true" version="1" lat="0.00000000000" lon="0.00000000000">
    <tag k="ele" v="28.522774999999996"/>
    <tag k="local_x" v="-9273.049966306897"/>
    <tag k="local_y" v="-40786.480771751"/>
  </node>
  <node id="1191" visible="true" version="1" lat="0.00000000000" lon="0.00000000000">
    <tag k="ele" v="28.536112499999998"/>
    <tag k="local_x" v="-9273.34911651604"/>
    <tag k="local_y" v="-40787.396173294874"/>
  </node>
  <node id="1192" visible="true" version="1" lat="0.00000000000" lon="0.00000000000">
    <tag k="ele" v="28.549449999999997"/>
    <tag k="local_x" v="-9273.660401800165"/>
    <tag k="local_y" v="-40788.30830585858"/>
  </node>
  <node id="1193" visible="true" version="1" lat="0.00000000000" lon="0.00000000000">
    <tag k="ele" v="28.5627875"/>
    <tag k="local_x" v="-9273.982405182951"/>
    <tag k="local_y" v="-40789.21750495035"/>
  </node>
  <node id="1194" visible="true" version="1" lat="0.00000000000" lon="0.00000000000">
    <tag k="ele" v="28.576124999999998"/>
    <tag k="local_x" v="-9274.313709688086"/>
    <tag k="local_y" v="-40790.124106078365"/>
  </node>
  <node id="1195" visible="true" version="1" lat="0.00000000000" lon="0.00000000000">
    <tag k="ele" v="28.589462499999996"/>
    <tag k="local_x" v="-9274.652898339253"/>
    <tag k="local_y" v="-40791.028444750824"/>
  </node>
  <node id="1196" visible="true" version="1" lat="0.00000000000" lon="0.00000000000">
    <tag k="ele" v="28.6028"/>
    <tag k="local_x" v="-9274.998554160135"/>
    <tag k="local_y" v="-40791.93085647593"/>
  </node>
  <node id="1197" visible="true" version="1" lat="0.00000000000" lon="0.00000000000">
    <tag k="ele" v="28.616137499999997"/>
    <tag k="local_x" v="-9275.349260174418"/>
    <tag k="local_y" v="-40792.83167676188"/>
  </node>
  <node id="1198" visible="true" version="1" lat="0.00000000000" lon="0.00000000000">
    <tag k="ele" v="28.629475"/>
    <tag k="local_x" v="-9275.703599405784"/>
    <tag k="local_y" v="-40793.73124111689"/>
  </node>
  <node id="1199" visible="true" version="1" lat="0.00000000000" lon="0.00000000000">
    <tag k="ele" v="28.642812499999998"/>
    <tag k="local_x" v="-9276.060154877923"/>
    <tag k="local_y" v="-40794.62988504914"/>
  </node>
  <node id="1200" visible="true" version="1" lat="0.00000000000" lon="0.00000000000">
    <tag k="ele" v="28.656149999999997"/>
    <tag k="local_x" v="-9276.417509614514"/>
    <tag k="local_y" v="-40795.527944066824"/>
  </node>
  <node id="1201" visible="true" version="1" lat="0.00000000000" lon="0.00000000000">
    <tag k="ele" v="28.6694875"/>
    <tag k="local_x" v="-9276.774246639243"/>
    <tag k="local_y" v="-40796.42575367816"/>
  </node>
  <node id="1202" visible="true" version="1" lat="0.00000000000" lon="0.00000000000">
    <tag k="ele" v="28.682824999999998"/>
    <tag k="local_x" v="-9277.128948975795"/>
    <tag k="local_y" v="-40797.32364939134"/>
  </node>
  <node id="1203" visible="true" version="1" lat="0.00000000000" lon="0.00000000000">
    <tag k="ele" v="28.6961625"/>
    <tag k="local_x" v="-9277.480199647853"/>
    <tag k="local_y" v="-40798.221966714555"/>
  </node>
  <node id="1204" visible="true" version="1" lat="0.00000000000" lon="0.00000000000">
    <tag k="ele" v="28.456789473684207"/>
    <tag k="local_x" v="-9275.561608515573"/>
    <tag k="local_y" v="-40780.919484899874"/>
  </node>
  <node id="1205" visible="true" version="1" lat="0.00000000000" lon="0.00000000000">
    <tag k="ele" v="28.470828947368418"/>
    <tag k="local_x" v="-9275.777399720719"/>
    <tag k="local_y" v="-40781.88136094467"/>
  </node>
  <node id="1206" visible="true" version="1" lat="0.00000000000" lon="0.00000000000">
    <tag k="ele" v="28.484868421052628"/>
    <tag k="local_x" v="-9276.008991346345"/>
    <tag k="local_y" v="-40782.83951775224"/>
  </node>
  <node id="1207" visible="true" version="1" lat="0.00000000000" lon="0.00000000000">
    <tag k="ele" v="28.49890789473684"/>
    <tag k="local_x" v="-9276.255410099562"/>
    <tag k="local_y" v="-40783.79412596883"/>
  </node>
  <node id="1208" visible="true" version="1" lat="0.00000000000" lon="0.00000000000">
    <tag k="ele" v="28.51294736842105"/>
    <tag k="local_x" v="-9276.515682687475"/>
    <tag k="local_y" v="-40784.7453562407"/>
  </node>
  <node id="1209" visible="true" version="1" lat="0.00000000000" lon="0.00000000000">
    <tag k="ele" v="28.52698684210526"/>
    <tag k="local_x" v="-9276.788835817195"/>
    <tag k="local_y" v="-40785.6933792141"/>
  </node>
  <node id="1210" visible="true" version="1" lat="0.00000000000" lon="0.00000000000">
    <tag k="ele" v="28.54102631578947"/>
    <tag k="local_x" v="-9277.073896195827"/>
    <tag k="local_y" v="-40786.63836553528"/>
  </node>
  <node id="1211" visible="true" version="1" lat="0.00000000000" lon="0.00000000000">
    <tag k="ele" v="28.55506578947368"/>
    <tag k="local_x" v="-9277.36989053048"/>
    <tag k="local_y" v="-40787.58048585047"/>
  </node>
  <node id="1212" visible="true" version="1" lat="0.00000000000" lon="0.00000000000">
    <tag k="ele" v="28.56910526315789"/>
    <tag k="local_x" v="-9277.675845528262"/>
    <tag k="local_y" v="-40788.51991080595"/>
  </node>
  <node id="1213" visible="true" version="1" lat="0.00000000000" lon="0.00000000000">
    <tag k="ele" v="28.583144736842105"/>
    <tag k="local_x" v="-9277.990787896279"/>
    <tag k="local_y" v="-40789.45681104797"/>
  </node>
  <node id="1214" visible="true" version="1" lat="0.00000000000" lon="0.00000000000">
    <tag k="ele" v="28.597184210526315"/>
    <tag k="local_x" v="-9278.313744341644"/>
    <tag k="local_y" v="-40790.39135722274"/>
  </node>
  <node id="1215" visible="true" version="1" lat="0.00000000000" lon="0.00000000000">
    <tag k="ele" v="28.611223684210525"/>
    <tag k="local_x" v="-9278.643741571457"/>
    <tag k="local_y" v="-40791.32371997654"/>
  </node>
  <node id="1216" visible="true" version="1" lat="0.00000000000" lon="0.00000000000">
    <tag k="ele" v="28.625263157894736"/>
    <tag k="local_x" v="-9278.979806292831"/>
    <tag k="local_y" v="-40792.254069955634"/>
  </node>
  <node id="1217" visible="true" version="1" lat="0.00000000000" lon="0.00000000000">
    <tag k="ele" v="28.639302631578946"/>
    <tag k="local_x" v="-9279.320965212872"/>
    <tag k="local_y" v="-40793.18257780624"/>
  </node>
  <node id="1218" visible="true" version="1" lat="0.00000000000" lon="0.00000000000">
    <tag k="ele" v="28.653342105263157"/>
    <tag k="local_x" v="-9279.666245038688"/>
    <tag k="local_y" v="-40794.10941417463"/>
  </node>
  <node id="1219" visible="true" version="1" lat="0.00000000000" lon="0.00000000000">
    <tag k="ele" v="28.667381578947367"/>
    <tag k="local_x" v="-9280.014672477388"/>
    <tag k="local_y" v="-40795.03474970705"/>
  </node>
  <node id="1220" visible="true" version="1" lat="0.00000000000" lon="0.00000000000">
    <tag k="ele" v="28.681421052631578"/>
    <tag k="local_x" v="-9280.36527423608"/>
    <tag k="local_y" v="-40795.95875504973"/>
  </node>
  <node id="1221" visible="true" version="1" lat="0.00000000000" lon="0.00000000000">
    <tag k="ele" v="28.695460526315788"/>
    <tag k="local_x" v="-9280.717077021869"/>
    <tag k="local_y" v="-40796.881600848945"/>
  </node>
  <node id="1222" visible="true" version="1" lat="0.00000000000" lon="0.00000000000">
    <tag k="ele" v="28.322612499999998"/>
    <tag k="local_x" v="-9268.175664050452"/>
    <tag k="local_y" v="-40782.77390966609"/>
  </node>
  <node id="1223" visible="true" version="1" lat="0.00000000000" lon="0.00000000000">
    <tag k="ele" v="28.342974999999996"/>
    <tag k="local_x" v="-9268.386353479442"/>
    <tag k="local_y" v="-40783.73703345014"/>
  </node>
  <node id="1224" visible="true" version="1" lat="0.00000000000" lon="0.00000000000">
    <tag k="ele" v="28.363337499999997"/>
    <tag k="local_x" v="-9268.622844587386"/>
    <tag k="local_y" v="-40784.69359193377"/>
  </node>
  <node id="1225" visible="true" version="1" lat="0.00000000000" lon="0.00000000000">
    <tag k="ele" v="28.383699999999997"/>
    <tag k="local_x" v="-9268.883066378936"/>
    <tag k="local_y" v="-40785.64408875926"/>
  </node>
  <node id="1226" visible="true" version="1" lat="0.00000000000" lon="0.00000000000">
    <tag k="ele" v="28.4040625"/>
    <tag k="local_x" v="-9269.164947858753"/>
    <tag k="local_y" v="-40786.5890275689"/>
  </node>
  <node id="1227" visible="true" version="1" lat="0.00000000000" lon="0.00000000000">
    <tag k="ele" v="28.424425"/>
    <tag k="local_x" v="-9269.4664180315"/>
    <tag k="local_y" v="-40787.52891200495"/>
  </node>
  <node id="1228" visible="true" version="1" lat="0.00000000000" lon="0.00000000000">
    <tag k="ele" v="28.444787499999997"/>
    <tag k="local_x" v="-9269.78540590183"/>
    <tag k="local_y" v="-40788.46424570971"/>
  </node>
  <node id="1229" visible="true" version="1" lat="0.00000000000" lon="0.00000000000">
    <tag k="ele" v="28.465149999999998"/>
    <tag k="local_x" v="-9270.119840474406"/>
    <tag k="local_y" v="-40789.39553232545"/>
  </node>
  <node id="1230" visible="true" version="1" lat="0.00000000000" lon="0.00000000000">
    <tag k="ele" v="28.4855125"/>
    <tag k="local_x" v="-9270.467650753886"/>
    <tag k="local_y" v="-40790.32327549445"/>
  </node>
  <node id="1231" visible="true" version="1" lat="0.00000000000" lon="0.00000000000">
    <tag k="ele" v="28.505874999999996"/>
    <tag k="local_x" v="-9270.826765744929"/>
    <tag k="local_y" v="-40791.24797885899"/>
  </node>
  <node id="1232" visible="true" version="1" lat="0.00000000000" lon="0.00000000000">
    <tag k="ele" v="28.526237499999997"/>
    <tag k="local_x" v="-9271.195114452197"/>
    <tag k="local_y" v="-40792.17014606136"/>
  </node>
  <node id="1233" visible="true" version="1" lat="0.00000000000" lon="0.00000000000">
    <tag k="ele" v="28.546599999999998"/>
    <tag k="local_x" v="-9271.570625880342"/>
    <tag k="local_y" v="-40793.09028074384"/>
  </node>
  <node id="1234" visible="true" version="1" lat="0.00000000000" lon="0.00000000000">
    <tag k="ele" v="28.5669625"/>
    <tag k="local_x" v="-9271.95122903403"/>
    <tag k="local_y" v="-40794.0088865487"/>
  </node>
  <node id="1235" visible="true" version="1" lat="0.00000000000" lon="0.00000000000">
    <tag k="ele" v="28.587325"/>
    <tag k="local_x" v="-9272.334852917918"/>
    <tag k="local_y" v="-40794.92646711823"/>
  </node>
  <node id="1236" visible="true" version="1" lat="0.00000000000" lon="0.00000000000">
    <tag k="ele" v="28.607687499999997"/>
    <tag k="local_x" v="-9272.719426536665"/>
    <tag k="local_y" v="-40795.84352609471"/>
  </node>
  <node id="1237" visible="true" version="1" lat="0.00000000000" lon="0.00000000000">
    <tag k="ele" v="28.628049999999998"/>
    <tag k="local_x" v="-9273.102878894926"/>
    <tag k="local_y" v="-40796.76056712041"/>
  </node>
  <node id="1238" visible="true" version="1" lat="0.00000000000" lon="0.00000000000">
    <tag k="ele" v="28.6484125"/>
    <tag k="local_x" v="-9273.483138997366"/>
    <tag k="local_y" v="-40797.67809383762"/>
  </node>
  <node id="1239" visible="true" version="1" lat="0.00000000000" lon="0.00000000000">
    <tag k="ele" v="28.668774999999997"/>
    <tag k="local_x" v="-9273.858135848643"/>
    <tag k="local_y" v="-40798.596609888606"/>
  </node>
  <node id="1240" visible="true" version="1" lat="0.00000000000" lon="0.00000000000">
    <tag k="ele" v="28.689137499999998"/>
    <tag k="local_x" v="-9274.225798453414"/>
    <tag k="local_y" v="-40799.51661891567"/>
  </node>
  <node id="1241" visible="true" version="1" lat="0.00000000000" lon="0.00000000000">
    <tag k="ele" v="28.456087499999995"/>
    <tag k="local_x" v="-9271.766032651329"/>
    <tag k="local_y" v="-40781.846646058344"/>
  </node>
  <node id="1242" visible="true" version="1" lat="0.00000000000" lon="0.00000000000">
    <tag k="ele" v="28.469424999999998"/>
    <tag k="local_x" v="-9271.96747902489"/>
    <tag k="local_y" v="-40782.7863460411"/>
  </node>
  <node id="1243" visible="true" version="1" lat="0.00000000000" lon="0.00000000000">
    <tag k="ele" v="28.482762499999996"/>
    <tag k="local_x" v="-9272.191850349094"/>
    <tag k="local_y" v="-40783.72041980009"/>
  </node>
  <node id="1244" visible="true" version="1" lat="0.00000000000" lon="0.00000000000">
    <tag k="ele" v="28.4961"/>
    <tag k="local_x" v="-9272.437405552078"/>
    <tag k="local_y" v="-40784.649261741586"/>
  </node>
  <node id="1245" visible="true" version="1" lat="0.00000000000" lon="0.00000000000">
    <tag k="ele" v="28.509437499999997"/>
    <tag k="local_x" v="-9272.70240356199"/>
    <tag k="local_y" v="-40785.57326627186"/>
  </node>
  <node id="1246" visible="true" version="1" lat="0.00000000000" lon="0.00000000000">
    <tag k="ele" v="28.522774999999996"/>
    <tag k="local_x" v="-9272.985103306968"/>
    <tag k="local_y" v="-40786.49282779722"/>
  </node>
  <node id="1247" visible="true" version="1" lat="0.00000000000" lon="0.00000000000">
    <tag k="ele" v="28.536112499999998"/>
    <tag k="local_x" v="-9273.283763715157"/>
    <tag k="local_y" v="-40787.40834072395"/>
  </node>
  <node id="1248" visible="true" version="1" lat="0.00000000000" lon="0.00000000000">
    <tag k="ele" v="28.549449999999997"/>
    <tag k="local_x" v="-9273.596643714704"/>
    <tag k="local_y" v="-40788.32019945832"/>
  </node>
  <node id="1249" visible="true" version="1" lat="0.00000000000" lon="0.00000000000">
    <tag k="ele" v="28.5627875"/>
    <tag k="local_x" v="-9273.922002233747"/>
    <tag k="local_y" v="-40789.22879840663"/>
  </node>
  <node id="1250" visible="true" version="1" lat="0.00000000000" lon="0.00000000000">
    <tag k="ele" v="28.576124999999998"/>
    <tag k="local_x" v="-9274.258098200435"/>
    <tag k="local_y" v="-40790.13453197517"/>
  </node>
  <node id="1251" visible="true" version="1" lat="0.00000000000" lon="0.00000000000">
    <tag k="ele" v="28.589462499999996"/>
    <tag k="local_x" v="-9274.603190542903"/>
    <tag k="local_y" v="-40791.03779457022"/>
  </node>
  <node id="1252" visible="true" version="1" lat="0.00000000000" lon="0.00000000000">
    <tag k="ele" v="28.6028"/>
    <tag k="local_x" v="-9274.9555381893"/>
    <tag k="local_y" v="-40791.93898059807"/>
  </node>
  <node id="1253" visible="true" version="1" lat="0.00000000000" lon="0.00000000000">
    <tag k="ele" v="28.616137499999997"/>
    <tag k="local_x" v="-9275.313400067773"/>
    <tag k="local_y" v="-40792.838484465"/>
  </node>
  <node id="1254" visible="true" version="1" lat="0.00000000000" lon="0.00000000000">
    <tag k="ele" v="28.629475"/>
    <tag k="local_x" v="-9275.675035106457"/>
    <tag k="local_y" v="-40793.736700577305"/>
  </node>
  <node id="1255" visible="true" version="1" lat="0.00000000000" lon="0.00000000000">
    <tag k="ele" v="28.642812499999998"/>
    <tag k="local_x" v="-9276.0387022335"/>
    <tag k="local_y" v="-40794.63402334127"/>
  </node>
  <node id="1256" visible="true" version="1" lat="0.00000000000" lon="0.00000000000">
    <tag k="ele" v="28.656149999999997"/>
    <tag k="local_x" v="-9276.402660377044"/>
    <tag k="local_y" v="-40795.53084716319"/>
  </node>
  <node id="1257" visible="true" version="1" lat="0.00000000000" lon="0.00000000000">
    <tag k="ele" v="28.6694875"/>
    <tag k="local_x" v="-9276.765168465236"/>
    <tag k="local_y" v="-40796.42756644933"/>
  </node>
  <node id="1258" visible="true" version="1" lat="0.00000000000" lon="0.00000000000">
    <tag k="ele" v="28.682824999999998"/>
    <tag k="local_x" v="-9277.12448542621"/>
    <tag k="local_y" v="-40797.32457560599"/>
  </node>
  <node id="1259" visible="true" version="1" lat="0.00000000000" lon="0.00000000000">
    <tag k="ele" v="28.6961625"/>
    <tag k="local_x" v="-9277.478870188119"/>
    <tag k="local_y" v="-40798.22226903945"/>
  </node>
  <node id="1260" visible="true" version="1" lat="0.00000000000" lon="0.00000000000">
    <tag k="ele" v="28.32108333333333"/>
    <tag k="local_x" v="-9268.168024586657"/>
    <tag k="local_y" v="-40782.794704160726"/>
  </node>
  <node id="1261" visible="true" version="1" lat="0.00000000000" lon="0.00000000000">
    <tag k="ele" v="28.339916666666664"/>
    <tag k="local_x" v="-9268.35593738626"/>
    <tag k="local_y" v="-40783.82868071216"/>
  </node>
  <node id="1262" visible="true" version="1" lat="0.00000000000" lon="0.00000000000">
    <tag k="ele" v="28.358749999999997"/>
    <tag k="local_x" v="-9268.551401224815"/>
    <tag k="local_y" v="-40784.89959446853"/>
  </node>
  <node id="1263" visible="true" version="1" lat="0.00000000000" lon="0.00000000000">
    <tag k="ele" v="28.37758333333333"/>
    <tag k="local_x" v="-9268.749231632588"/>
    <tag k="local_y" v="-40786.00139330471"/>
  </node>
  <node id="1264" visible="true" version="1" lat="0.00000000000" lon="0.00000000000">
    <tag k="ele" v="28.396416666666664"/>
    <tag k="local_x" v="-9268.944244139842"/>
    <tag k="local_y" v="-40787.1280250956"/>
  </node>
  <node id="1265" visible="true" version="1" lat="0.00000000000" lon="0.00000000000">
    <tag k="ele" v="28.415249999999997"/>
    <tag k="local_x" v="-9269.131254276837"/>
    <tag k="local_y" v="-40788.27343771608"/>
  </node>
  <node id="1266" visible="true" version="1" lat="0.00000000000" lon="0.00000000000">
    <tag k="ele" v="28.43408333333333"/>
    <tag k="local_x" v="-9269.30507757384"/>
    <tag k="local_y" v="-40789.43157904107"/>
  </node>
  <node id="1267" visible="true" version="1" lat="0.00000000000" lon="0.00000000000">
    <tag k="ele" v="28.452916666666663"/>
    <tag k="local_x" v="-9269.460529561102"/>
    <tag k="local_y" v="-40790.596396945424"/>
  </node>
  <node id="1268" visible="true" version="1" lat="0.00000000000" lon="0.00000000000">
    <tag k="ele" v="28.471749999999997"/>
    <tag k="local_x" v="-9269.592425768897"/>
    <tag k="local_y" v="-40791.76183930404"/>
  </node>
  <node id="1269" visible="true" version="1" lat="0.00000000000" lon="0.00000000000">
    <tag k="ele" v="28.49058333333333"/>
    <tag k="local_x" v="-9269.695581727483"/>
    <tag k="local_y" v="-40792.921853991815"/>
  </node>
  <node id="1270" visible="true" version="1" lat="0.00000000000" lon="0.00000000000">
    <tag k="ele" v="28.509416666666663"/>
    <tag k="local_x" v="-9269.764812967118"/>
    <tag k="local_y" v="-40794.070388883636"/>
  </node>
  <node id="1271" visible="true" version="1" lat="0.00000000000" lon="0.00000000000">
    <tag k="ele" v="28.52825"/>
    <tag k="local_x" v="-9269.794935018072"/>
    <tag k="local_y" v="-40795.20139185437"/>
  </node>
  <node id="1272" visible="true" version="1" lat="0.00000000000" lon="0.00000000000">
    <tag k="ele" v="28.547083333333333"/>
    <tag k="local_x" v="-9269.780763410603"/>
    <tag k="local_y" v="-40796.30881077894"/>
  </node>
  <node id="1273" visible="true" version="1" lat="0.00000000000" lon="0.00000000000">
    <tag k="ele" v="28.565916666666666"/>
    <tag k="local_x" v="-9269.717113674971"/>
    <tag k="local_y" v="-40797.38659353221"/>
  </node>
  <node id="1274" visible="true" version="1" lat="0.00000000000" lon="0.00000000000">
    <tag k="ele" v="28.58475"/>
    <tag k="local_x" v="-9269.598801341443"/>
    <tag k="local_y" v="-40798.42868798908"/>
  </node>
  <node id="1275" visible="true" version="1" lat="0.00000000000" lon="0.00000000000">
    <tag k="ele" v="28.603583333333333"/>
    <tag k="local_x" v="-9269.420641940276"/>
    <tag k="local_y" v="-40799.42904202443"/>
  </node>
  <node id="1276" visible="true" version="1" lat="0.00000000000" lon="0.00000000000">
    <tag k="ele" v="28.622416666666666"/>
    <tag k="local_x" v="-9269.177451001737"/>
    <tag k="local_y" v="-40800.38160351317"/>
  </node>
  <node id="1277" visible="true" version="1" lat="0.00000000000" lon="0.00000000000">
    <tag k="ele" v="28.64125"/>
    <tag k="local_x" v="-9268.864044056087"/>
    <tag k="local_y" v="-40801.28032033017"/>
  </node>
  <node id="1278" visible="true" version="1" lat="0.00000000000" lon="0.00000000000">
    <tag k="ele" v="28.660083333333333"/>
    <tag k="local_x" v="-9268.475236633587"/>
    <tag k="local_y" v="-40802.11914035031"/>
  </node>
  <node id="1279" visible="true" version="1" lat="0.00000000000" lon="0.00000000000">
    <tag k="ele" v="28.678916666666666"/>
    <tag k="local_x" v="-9268.005844264497"/>
    <tag k="local_y" v="-40802.89201144849"/>
  </node>
  <node id="1280" visible="true" version="1" lat="0.00000000000" lon="0.00000000000">
    <tag k="ele" v="28.69775"/>
    <tag k="local_x" v="-9267.450682479086"/>
    <tag k="local_y" v="-40803.592881499615"/>
  </node>
  <node id="1281" visible="true" version="1" lat="0.00000000000" lon="0.00000000000">
    <tag k="ele" v="28.716583333333332"/>
    <tag k="local_x" v="-9266.804566807608"/>
    <tag k="local_y" v="-40804.21569837856"/>
  </node>
  <node id="1282" visible="true" version="1" lat="0.00000000000" lon="0.00000000000">
    <tag k="ele" v="28.735416666666666"/>
    <tag k="local_x" v="-9266.062312780332"/>
    <tag k="local_y" v="-40804.7544099602"/>
  </node>
  <node id="1283" visible="true" version="1" lat="0.00000000000" lon="0.00000000000">
    <tag k="ele" v="28.45718965517241"/>
    <tag k="local_x" v="-9271.755042780982"/>
    <tag k="local_y" v="-40781.87924418961"/>
  </node>
  <node id="1284" visible="true" version="1" lat="0.00000000000" lon="0.00000000000">
    <tag k="ele" v="28.471629310344824"/>
    <tag k="local_x" v="-9271.919151624066"/>
    <tag k="local_y" v="-40782.89173755463"/>
  </node>
  <node id="1285" visible="true" version="1" lat="0.00000000000" lon="0.00000000000">
    <tag k="ele" v="28.486068965517237"/>
    <tag k="local_x" v="-9272.079009309182"/>
    <tag k="local_y" v="-40783.93443962784"/>
  </node>
  <node id="1286" visible="true" version="1" lat="0.00000000000" lon="0.00000000000">
    <tag k="ele" v="28.50050862068965"/>
    <tag k="local_x" v="-9272.232046316003"/>
    <tag k="local_y" v="-40785.00338449655"/>
  </node>
  <node id="1287" visible="true" version="1" lat="0.00000000000" lon="0.00000000000">
    <tag k="ele" v="28.514948275862068"/>
    <tag k="local_x" v="-9272.3756931242"/>
    <tag k="local_y" v="-40786.09460624806"/>
  </node>
  <node id="1288" visible="true" version="1" lat="0.00000000000" lon="0.00000000000">
    <tag k="ele" v="28.52938793103448"/>
    <tag k="local_x" v="-9272.507380213454"/>
    <tag k="local_y" v="-40787.20413896965"/>
  </node>
  <node id="1289" visible="true" version="1" lat="0.00000000000" lon="0.00000000000">
    <tag k="ele" v="28.543827586206895"/>
    <tag k="local_x" v="-9272.624538063432"/>
    <tag k="local_y" v="-40788.32801674862"/>
  </node>
  <node id="1290" visible="true" version="1" lat="0.00000000000" lon="0.00000000000">
    <tag k="ele" v="28.55826724137931"/>
    <tag k="local_x" v="-9272.724597153807"/>
    <tag k="local_y" v="-40789.46227367227"/>
  </node>
  <node id="1291" visible="true" version="1" lat="0.00000000000" lon="0.00000000000">
    <tag k="ele" v="28.572706896551722"/>
    <tag k="local_x" v="-9272.804987964257"/>
    <tag k="local_y" v="-40790.60294382787"/>
  </node>
  <node id="1292" visible="true" version="1" lat="0.00000000000" lon="0.00000000000">
    <tag k="ele" v="28.587146551724135"/>
    <tag k="local_x" v="-9272.86314097445"/>
    <tag k="local_y" v="-40791.74606130274"/>
  </node>
  <node id="1293" visible="true" version="1" lat="0.00000000000" lon="0.00000000000">
    <tag k="ele" v="28.60158620689655"/>
    <tag k="local_x" v="-9272.896486664064"/>
    <tag k="local_y" v="-40792.88766018418"/>
  </node>
  <node id="1294" visible="true" version="1" lat="0.00000000000" lon="0.00000000000">
    <tag k="ele" v="28.616025862068962"/>
    <tag k="local_x" v="-9272.902455512769"/>
    <tag k="local_y" v="-40794.023774559464"/>
  </node>
  <node id="1295" visible="true" version="1" lat="0.00000000000" lon="0.00000000000">
    <tag k="ele" v="28.630465517241376"/>
    <tag k="local_x" v="-9272.878478000239"/>
    <tag k="local_y" v="-40795.15043851589"/>
  </node>
  <node id="1296" visible="true" version="1" lat="0.00000000000" lon="0.00000000000">
    <tag k="ele" v="28.64490517241379"/>
    <tag k="local_x" v="-9272.821984606147"/>
    <tag k="local_y" v="-40796.26368614078"/>
  </node>
  <node id="1297" visible="true" version="1" lat="0.00000000000" lon="0.00000000000">
    <tag k="ele" v="28.659344827586207"/>
    <tag k="local_x" v="-9272.73040581017"/>
    <tag k="local_y" v="-40797.35955152138"/>
  </node>
  <node id="1298" visible="true" version="1" lat="0.00000000000" lon="0.00000000000">
    <tag k="ele" v="28.67378448275862"/>
    <tag k="local_x" v="-9272.601172091976"/>
    <tag k="local_y" v="-40798.434068745024"/>
  </node>
  <node id="1299" visible="true" version="1" lat="0.00000000000" lon="0.00000000000">
    <tag k="ele" v="28.688224137931034"/>
    <tag k="local_x" v="-9272.431713931242"/>
    <tag k="local_y" v="-40799.48327189899"/>
  </node>
  <node id="1300" visible="true" version="1" lat="0.00000000000" lon="0.00000000000">
    <tag k="ele" v="28.702663793103447"/>
    <tag k="local_x" v="-9272.219461807643"/>
    <tag k="local_y" v="-40800.503195070574"/>
  </node>
  <node id="1301" visible="true" version="1" lat="0.00000000000" lon="0.00000000000">
    <tag k="ele" v="28.71710344827586"/>
    <tag k="local_x" v="-9271.961846200846"/>
    <tag k="local_y" v="-40801.489872347076"/>
  </node>
  <node id="1302" visible="true" version="1" lat="0.00000000000" lon="0.00000000000">
    <tag k="ele" v="28.731543103448274"/>
    <tag k="local_x" v="-9271.656297590525"/>
    <tag k="local_y" v="-40802.439337815784"/>
  </node>
  <node id="1303" visible="true" version="1" lat="0.00000000000" lon="0.00000000000">
    <tag k="ele" v="28.745982758620688"/>
    <tag k="local_x" v="-9271.300246456361"/>
    <tag k="local_y" v="-40803.34762556399"/>
  </node>
  <node id="1304" visible="true" version="1" lat="0.00000000000" lon="0.00000000000">
    <tag k="ele" v="28.7604224137931"/>
    <tag k="local_x" v="-9270.891123278023"/>
    <tag k="local_y" v="-40804.210769679004"/>
  </node>
  <node id="1305" visible="true" version="1" lat="0.00000000000" lon="0.00000000000">
    <tag k="ele" v="28.774862068965515"/>
    <tag k="local_x" v="-9270.426358535178"/>
    <tag k="local_y" v="-40805.02480424811"/>
  </node>
  <node id="1306" visible="true" version="1" lat="0.00000000000" lon="0.00000000000">
    <tag k="ele" v="28.78930172413793"/>
    <tag k="local_x" v="-9269.90338270751"/>
    <tag k="local_y" v="-40805.7857633586"/>
  </node>
  <node id="1307" visible="true" version="1" lat="0.00000000000" lon="0.00000000000">
    <tag k="ele" v="28.803741379310345"/>
    <tag k="local_x" v="-9269.319626274686"/>
    <tag k="local_y" v="-40806.48968109778"/>
  </node>
  <node id="1308" visible="true" version="1" lat="0.00000000000" lon="0.00000000000">
    <tag k="ele" v="28.81818103448276"/>
    <tag k="local_x" v="-9268.672519716383"/>
    <tag k="local_y" v="-40807.13259155292"/>
  </node>
  <node id="1309" visible="true" version="1" lat="0.00000000000" lon="0.00000000000">
    <tag k="ele" v="28.832620689655172"/>
    <tag k="local_x" v="-9267.959493512268"/>
    <tag k="local_y" v="-40807.710528811345"/>
  </node>
  <node id="1310" visible="true" version="1" lat="0.00000000000" lon="0.00000000000">
    <tag k="ele" v="28.847060344827586"/>
    <tag k="local_x" v="-9267.177978142021"/>
    <tag k="local_y" v="-40808.219526960325"/>
  </node>
  <node id="1311" visible="true" version="1" lat="0.00000000000" lon="0.00000000000">
    <tag k="ele" v="28.799366666666664"/>
    <tag k="local_x" v="-9311.812194819033"/>
    <tag k="local_y" v="-40804.957236916176"/>
  </node>
  <node id="1312" visible="true" version="1" lat="0.00000000000" lon="0.00000000000">
    <tag k="ele" v="28.79723333333333"/>
    <tag k="local_x" v="-9310.78662018578"/>
    <tag k="local_y" v="-40805.26743000226"/>
  </node>
  <node id="1313" visible="true" version="1" lat="0.00000000000" lon="0.00000000000">
    <tag k="ele" v="28.795099999999998"/>
    <tag k="local_x" v="-9309.702638417262"/>
    <tag k="local_y" v="-40805.5198100112"/>
  </node>
  <node id="1314" visible="true" version="1" lat="0.00000000000" lon="0.00000000000">
    <tag k="ele" v="28.792966666666665"/>
    <tag k="local_x" v="-9308.576761437205"/>
    <tag k="local_y" v="-40805.70937062684"/>
  </node>
  <node id="1315" visible="true" version="1" lat="0.00000000000" lon="0.00000000000">
    <tag k="ele" v="28.79083333333333"/>
    <tag k="local_x" v="-9307.425501169342"/>
    <tag k="local_y" v="-40805.83110553298"/>
  </node>
  <node id="1316" visible="true" version="1" lat="0.00000000000" lon="0.00000000000">
    <tag k="ele" v="28.7887"/>
    <tag k="local_x" v="-9306.265369537397"/>
    <tag k="local_y" v="-40805.880008413485"/>
  </node>
  <node id="1317" visible="true" version="1" lat="0.00000000000" lon="0.00000000000">
    <tag k="ele" v="28.786566666666666"/>
    <tag k="local_x" v="-9305.1128784651"/>
    <tag k="local_y" v="-40805.851072952144"/>
  </node>
  <node id="1318" visible="true" version="1" lat="0.00000000000" lon="0.00000000000">
    <tag k="ele" v="28.78443333333333"/>
    <tag k="local_x" v="-9303.984539876175"/>
    <tag k="local_y" v="-40805.73929283282"/>
  </node>
  <node id="1319" visible="true" version="1" lat="0.00000000000" lon="0.00000000000">
    <tag k="ele" v="28.782299999999996"/>
    <tag k="local_x" v="-9302.896865694354"/>
    <tag k="local_y" v="-40805.53966173932"/>
  </node>
  <node id="1320" visible="true" version="1" lat="0.00000000000" lon="0.00000000000">
    <tag k="ele" v="28.780166666666663"/>
    <tag k="local_x" v="-9301.866367843368"/>
    <tag k="local_y" v="-40805.24717335548"/>
  </node>
  <node id="1321" visible="true" version="1" lat="0.00000000000" lon="0.00000000000">
    <tag k="ele" v="28.77803333333333"/>
    <tag k="local_x" v="-9300.909558246936"/>
    <tag k="local_y" v="-40804.85682136513"/>
  </node>
  <node id="1322" visible="true" version="1" lat="0.00000000000" lon="0.00000000000">
    <tag k="ele" v="28.775899999999996"/>
    <tag k="local_x" v="-9300.042948828794"/>
    <tag k="local_y" v="-40804.3635994521"/>
  </node>
  <node id="1323" visible="true" version="1" lat="0.00000000000" lon="0.00000000000">
    <tag k="ele" v="28.773766666666663"/>
    <tag k="local_x" v="-9299.283051512668"/>
    <tag k="local_y" v="-40803.762501300225"/>
  </node>
  <node id="1324" visible="true" version="1" lat="0.00000000000" lon="0.00000000000">
    <tag k="ele" v="28.77163333333333"/>
    <tag k="local_x" v="-9298.646378222285"/>
    <tag k="local_y" v="-40803.04852059332"/>
  </node>
  <node id="1325" visible="true" version="1" lat="0.00000000000" lon="0.00000000000">
    <tag k="ele" v="28.7733"/>
    <tag k="local_x" v="-9313.163239886959"/>
    <tag k="local_y" v="-40806.935980277354"/>
  </node>
  <node id="1326" visible="true" version="1" lat="0.00000000000" lon="0.00000000000">
    <tag k="ele" v="28.7731"/>
    <tag k="local_x" v="-9312.18569731161"/>
    <tag k="local_y" v="-40807.26339000901"/>
  </node>
  <node id="1327" visible="true" version="1" lat="0.00000000000" lon="0.00000000000">
    <tag k="ele" v="28.7729"/>
    <tag k="local_x" v="-9311.158909919735"/>
    <tag k="local_y" v="-40807.55274838884"/>
  </node>
  <node id="1328" visible="true" version="1" lat="0.00000000000" lon="0.00000000000">
    <tag k="ele" v="28.772699999999997"/>
    <tag k="local_x" v="-9310.09200216637"/>
    <tag k="local_y" v="-40807.80099334545"/>
  </node>
  <node id="1329" visible="true" version="1" lat="0.00000000000" lon="0.00000000000">
    <tag k="ele" v="28.772499999999997"/>
    <tag k="local_x" v="-9308.994098506559"/>
    <tag k="local_y" v="-40808.00506280741"/>
  </node>
  <node id="1330" visible="true" version="1" lat="0.00000000000" lon="0.00000000000">
    <tag k="ele" v="28.772299999999998"/>
    <tag k="local_x" v="-9307.874323395336"/>
    <tag k="local_y" v="-40808.16189470332"/>
  </node>
  <node id="1331" visible="true" version="1" lat="0.00000000000" lon="0.00000000000">
    <tag k="ele" v="28.7721"/>
    <tag k="local_x" v="-9306.741801287739"/>
    <tag k="local_y" v="-40808.26842696178"/>
  </node>
  <node id="1332" visible="true" version="1" lat="0.00000000000" lon="0.00000000000">
    <tag k="ele" v="28.7719"/>
    <tag k="local_x" v="-9305.60565663881"/>
    <tag k="local_y" v="-40808.32159751139"/>
  </node>
  <node id="1333" visible="true" version="1" lat="0.00000000000" lon="0.00000000000">
    <tag k="ele" v="28.7717"/>
    <tag k="local_x" v="-9304.475013903586"/>
    <tag k="local_y" v="-40808.318344280735"/>
  </node>
  <node id="1334" visible="true" version="1" lat="0.00000000000" lon="0.00000000000">
    <tag k="ele" v="28.771499999999996"/>
    <tag k="local_x" v="-9303.358997537105"/>
    <tag k="local_y" v="-40808.2556051984"/>
  </node>
  <node id="1335" visible="true" version="1" lat="0.00000000000" lon="0.00000000000">
    <tag k="ele" v="28.771299999999997"/>
    <tag k="local_x" v="-9302.266731994407"/>
    <tag k="local_y" v="-40808.13031819298"/>
  </node>
  <node id="1336" visible="true" version="1" lat="0.00000000000" lon="0.00000000000">
    <tag k="ele" v="28.771099999999997"/>
    <tag k="local_x" v="-9301.20734173053"/>
    <tag k="local_y" v="-40807.93942119308"/>
  </node>
  <node id="1337" visible="true" version="1" lat="0.00000000000" lon="0.00000000000">
    <tag k="ele" v="28.770899999999997"/>
    <tag k="local_x" v="-9300.18995120051"/>
    <tag k="local_y" v="-40807.67985212728"/>
  </node>
  <node id="1338" visible="true" version="1" lat="0.00000000000" lon="0.00000000000">
    <tag k="ele" v="28.770699999999998"/>
    <tag k="local_x" v="-9299.22368485939"/>
    <tag k="local_y" v="-40807.34854892419"/>
  </node>
  <node id="1339" visible="true" version="1" lat="0.00000000000" lon="0.00000000000">
    <tag k="ele" v="28.7705"/>
    <tag k="local_x" v="-9298.317667162204"/>
    <tag k="local_y" v="-40806.94244951238"/>
  </node>
  <node id="1340" visible="true" version="1" lat="0.00000000000" lon="0.00000000000">
    <tag k="ele" v="28.7703"/>
    <tag k="local_x" v="-9297.481022563994"/>
    <tag k="local_y" v="-40806.458491820464"/>
  </node>
  <node id="1341" visible="true" version="1" lat="0.00000000000" lon="0.00000000000">
    <tag k="ele" v="28.770099999999996"/>
    <tag k="local_x" v="-9296.722875519801"/>
    <tag k="local_y" v="-40805.893613777014"/>
  </node>
  <node id="1342" visible="true" version="1" lat="0.00000000000" lon="0.00000000000">
    <tag k="ele" v="28.769899999999996"/>
    <tag k="local_x" v="-9296.052350484657"/>
    <tag k="local_y" v="-40805.244753310646"/>
  </node>
  <node id="1343" visible="true" version="1" lat="0.00000000000" lon="0.00000000000">
    <tag k="ele" v="28.769699999999997"/>
    <tag k="local_x" v="-9295.478571913602"/>
    <tag k="local_y" v="-40804.508848349935"/>
  </node>
  <node id="1344" visible="true" version="1" lat="0.00000000000" lon="0.00000000000">
    <tag k="ele" v="28.802776595744678"/>
    <tag k="local_x" v="-9311.846040768023"/>
    <tag k="local_y" v="-40804.9648684775"/>
  </node>
  <node id="1345" visible="true" version="1" lat="0.00000000000" lon="0.00000000000">
    <tag k="ele" v="28.80405319148936"/>
    <tag k="local_x" v="-9310.920031056761"/>
    <tag k="local_y" v="-40805.298639254645"/>
  </node>
  <node id="1346" visible="true" version="1" lat="0.00000000000" lon="0.00000000000">
    <tag k="ele" v="28.80532978723404"/>
    <tag k="local_x" v="-9309.985228160464"/>
    <tag k="local_y" v="-40805.59718295275"/>
  </node>
  <node id="1347" visible="true" version="1" lat="0.00000000000" lon="0.00000000000">
    <tag k="ele" v="28.80660638297872"/>
    <tag k="local_x" v="-9309.042038980093"/>
    <tag k="local_y" v="-40805.862133124036"/>
  </node>
  <node id="1348" visible="true" version="1" lat="0.00000000000" lon="0.00000000000">
    <tag k="ele" v="28.807882978723402"/>
    <tag k="local_x" v="-9308.090870416601"/>
    <tag k="local_y" v="-40806.09512332073"/>
  </node>
  <node id="1349" visible="true" version="1" lat="0.00000000000" lon="0.00000000000">
    <tag k="ele" v="28.809159574468083"/>
    <tag k="local_x" v="-9307.132129370948"/>
    <tag k="local_y" v="-40806.29778709504"/>
  </node>
  <node id="1350" visible="true" version="1" lat="0.00000000000" lon="0.00000000000">
    <tag k="ele" v="28.810436170212764"/>
    <tag k="local_x" v="-9306.166222744092"/>
    <tag k="local_y" v="-40806.4717579992"/>
  </node>
  <node id="1351" visible="true" version="1" lat="0.00000000000" lon="0.00000000000">
    <tag k="ele" v="28.811712765957445"/>
    <tag k="local_x" v="-9305.193557436995"/>
    <tag k="local_y" v="-40806.61866958539"/>
  </node>
  <node id="1352" visible="true" version="1" lat="0.00000000000" lon="0.00000000000">
    <tag k="ele" v="28.812989361702126"/>
    <tag k="local_x" v="-9304.21454035061"/>
    <tag k="local_y" v="-40806.74015540586"/>
  </node>
  <node id="1353" visible="true" version="1" lat="0.00000000000" lon="0.00000000000">
    <tag k="ele" v="28.814265957446807"/>
    <tag k="local_x" v="-9303.2295783859"/>
    <tag k="local_y" v="-40806.83784901282"/>
  </node>
  <node id="1354" visible="true" version="1" lat="0.00000000000" lon="0.00000000000">
    <tag k="ele" v="28.815542553191488"/>
    <tag k="local_x" v="-9302.239078443818"/>
    <tag k="local_y" v="-40806.9133839585"/>
  </node>
  <node id="1355" visible="true" version="1" lat="0.00000000000" lon="0.00000000000">
    <tag k="ele" v="28.81681914893617"/>
    <tag k="local_x" v="-9301.243447425328"/>
    <tag k="local_y" v="-40806.96839379509"/>
  </node>
  <node id="1356" visible="true" version="1" lat="0.00000000000" lon="0.00000000000">
    <tag k="ele" v="28.81809574468085"/>
    <tag k="local_x" v="-9300.243092231383"/>
    <tag k="local_y" v="-40807.004512074804"/>
  </node>
  <node id="1357" visible="true" version="1" lat="0.00000000000" lon="0.00000000000">
    <tag k="ele" v="28.81937234042553"/>
    <tag k="local_x" v="-9299.238419762947"/>
    <tag k="local_y" v="-40807.023372349904"/>
  </node>
  <node id="1358" visible="true" version="1" lat="0.00000000000" lon="0.00000000000">
    <tag k="ele" v="28.820648936170212"/>
    <tag k="local_x" v="-9298.229836920973"/>
    <tag k="local_y" v="-40807.026608172564"/>
  </node>
  <node id="1359" visible="true" version="1" lat="0.00000000000" lon="0.00000000000">
    <tag k="ele" v="28.821925531914893"/>
    <tag k="local_x" v="-9297.217750606422"/>
    <tag k="local_y" v="-40807.01585309503"/>
  </node>
  <node id="1360" visible="true" version="1" lat="0.00000000000" lon="0.00000000000">
    <tag k="ele" v="28.823202127659574"/>
    <tag k="local_x" v="-9296.202567720253"/>
    <tag k="local_y" v="-40806.99274066949"/>
  </node>
  <node id="1361" visible="true" version="1" lat="0.00000000000" lon="0.00000000000">
    <tag k="ele" v="28.824478723404255"/>
    <tag k="local_x" v="-9295.18469516342"/>
    <tag k="local_y" v="-40806.95890444819"/>
  </node>
  <node id="1362" visible="true" version="1" lat="0.00000000000" lon="0.00000000000">
    <tag k="ele" v="28.825755319148936"/>
    <tag k="local_x" v="-9294.164539836886"/>
    <tag k="local_y" v="-40806.915977983335"/>
  </node>
  <node id="1363" visible="true" version="1" lat="0.00000000000" lon="0.00000000000">
    <tag k="ele" v="28.827031914893617"/>
    <tag k="local_x" v="-9293.142508641607"/>
    <tag k="local_y" v="-40806.86559482715"/>
  </node>
  <node id="1364" visible="true" version="1" lat="0.00000000000" lon="0.00000000000">
    <tag k="ele" v="28.828308510638298"/>
    <tag k="local_x" v="-9292.119008478545"/>
    <tag k="local_y" v="-40806.80938853183"/>
  </node>
  <node id="1365" visible="true" version="1" lat="0.00000000000" lon="0.00000000000">
    <tag k="ele" v="28.82958510638298"/>
    <tag k="local_x" v="-9291.094446248651"/>
    <tag k="local_y" v="-40806.74899264962"/>
  </node>
  <node id="1366" visible="true" version="1" lat="0.00000000000" lon="0.00000000000">
    <tag k="ele" v="28.83086170212766"/>
    <tag k="local_x" v="-9290.06922885289"/>
    <tag k="local_y" v="-40806.68604073272"/>
  </node>
  <node id="1367" visible="true" version="1" lat="0.00000000000" lon="0.00000000000">
    <tag k="ele" v="28.832138297872337"/>
    <tag k="local_x" v="-9289.043763192218"/>
    <tag k="local_y" v="-40806.62216633334"/>
  </node>
  <node id="1368" visible="true" version="1" lat="0.00000000000" lon="0.00000000000">
    <tag k="ele" v="28.833414893617018"/>
    <tag k="local_x" v="-9288.01845616759"/>
    <tag k="local_y" v="-40806.55900300374"/>
  </node>
  <node id="1369" visible="true" version="1" lat="0.00000000000" lon="0.00000000000">
    <tag k="ele" v="28.8346914893617"/>
    <tag k="local_x" v="-9286.993714679971"/>
    <tag k="local_y" v="-40806.498184296084"/>
  </node>
  <node id="1370" visible="true" version="1" lat="0.00000000000" lon="0.00000000000">
    <tag k="ele" v="28.83596808510638"/>
    <tag k="local_x" v="-9285.969945630313"/>
    <tag k="local_y" v="-40806.44134376263"/>
  </node>
  <node id="1371" visible="true" version="1" lat="0.00000000000" lon="0.00000000000">
    <tag k="ele" v="28.83724468085106"/>
    <tag k="local_x" v="-9284.947555919578"/>
    <tag k="local_y" v="-40806.39011495556"/>
  </node>
  <node id="1372" visible="true" version="1" lat="0.00000000000" lon="0.00000000000">
    <tag k="ele" v="28.838521276595742"/>
    <tag k="local_x" v="-9283.926952448724"/>
    <tag k="local_y" v="-40806.346131427126"/>
  </node>
  <node id="1373" visible="true" version="1" lat="0.00000000000" lon="0.00000000000">
    <tag k="ele" v="28.839797872340423"/>
    <tag k="local_x" v="-9282.908542118708"/>
    <tag k="local_y" v="-40806.31102672952"/>
  </node>
  <node id="1374" visible="true" version="1" lat="0.00000000000" lon="0.00000000000">
    <tag k="ele" v="28.841074468085104"/>
    <tag k="local_x" v="-9281.892731830489"/>
    <tag k="local_y" v="-40806.28643441498"/>
  </node>
  <node id="1375" visible="true" version="1" lat="0.00000000000" lon="0.00000000000">
    <tag k="ele" v="28.842351063829785"/>
    <tag k="local_x" v="-9280.879928485025"/>
    <tag k="local_y" v="-40806.273988035704"/>
  </node>
  <node id="1376" visible="true" version="1" lat="0.00000000000" lon="0.00000000000">
    <tag k="ele" v="28.843627659574466"/>
    <tag k="local_x" v="-9279.870538983274"/>
    <tag k="local_y" v="-40806.27532114392"/>
  </node>
  <node id="1377" visible="true" version="1" lat="0.00000000000" lon="0.00000000000">
    <tag k="ele" v="28.844904255319147"/>
    <tag k="local_x" v="-9278.864970226194"/>
    <tag k="local_y" v="-40806.29206729185"/>
  </node>
  <node id="1378" visible="true" version="1" lat="0.00000000000" lon="0.00000000000">
    <tag k="ele" v="28.846180851063828"/>
    <tag k="local_x" v="-9277.863629114747"/>
    <tag k="local_y" v="-40806.32586003169"/>
  </node>
  <node id="1379" visible="true" version="1" lat="0.00000000000" lon="0.00000000000">
    <tag k="ele" v="28.84745744680851"/>
    <tag k="local_x" v="-9276.866922549885"/>
    <tag k="local_y" v="-40806.37833291569"/>
  </node>
  <node id="1380" visible="true" version="1" lat="0.00000000000" lon="0.00000000000">
    <tag k="ele" v="28.84873404255319"/>
    <tag k="local_x" v="-9275.875257432572"/>
    <tag k="local_y" v="-40806.45111949603"/>
  </node>
  <node id="1381" visible="true" version="1" lat="0.00000000000" lon="0.00000000000">
    <tag k="ele" v="28.85001063829787"/>
    <tag k="local_x" v="-9274.88904066376"/>
    <tag k="local_y" v="-40806.54585332496"/>
  </node>
  <node id="1382" visible="true" version="1" lat="0.00000000000" lon="0.00000000000">
    <tag k="ele" v="28.85128723404255"/>
    <tag k="local_x" v="-9273.908679144417"/>
    <tag k="local_y" v="-40806.66416795468"/>
  </node>
  <node id="1383" visible="true" version="1" lat="0.00000000000" lon="0.00000000000">
    <tag k="ele" v="28.852563829787233"/>
    <tag k="local_x" v="-9272.93457977549"/>
    <tag k="local_y" v="-40806.80769693742"/>
  </node>
  <node id="1384" visible="true" version="1" lat="0.00000000000" lon="0.00000000000">
    <tag k="ele" v="28.853840425531914"/>
    <tag k="local_x" v="-9271.967149457945"/>
    <tag k="local_y" v="-40806.97807382538"/>
  </node>
  <node id="1385" visible="true" version="1" lat="0.00000000000" lon="0.00000000000">
    <tag k="ele" v="28.855117021276595"/>
    <tag k="local_x" v="-9271.006795092737"/>
    <tag k="local_y" v="-40807.17693217079"/>
  </node>
  <node id="1386" visible="true" version="1" lat="0.00000000000" lon="0.00000000000">
    <tag k="ele" v="28.856393617021276"/>
    <tag k="local_x" v="-9270.053923580826"/>
    <tag k="local_y" v="-40807.40590552587"/>
  </node>
  <node id="1387" visible="true" version="1" lat="0.00000000000" lon="0.00000000000">
    <tag k="ele" v="28.857670212765957"/>
    <tag k="local_x" v="-9269.10894182317"/>
    <tag k="local_y" v="-40807.66662744283"/>
  </node>
  <node id="1388" visible="true" version="1" lat="0.00000000000" lon="0.00000000000">
    <tag k="ele" v="28.858946808510638"/>
    <tag k="local_x" v="-9268.172256720727"/>
    <tag k="local_y" v="-40807.96073147389"/>
  </node>
  <node id="1389" visible="true" version="1" lat="0.00000000000" lon="0.00000000000">
    <tag k="ele" v="28.86022340425532"/>
    <tag k="local_x" v="-9267.244275174455"/>
    <tag k="local_y" v="-40808.289851171256"/>
  </node>
  <node id="1390" visible="true" version="1" lat="0.00000000000" lon="0.00000000000">
    <tag k="ele" v="28.775333333333332"/>
    <tag k="local_x" v="-9313.177520016246"/>
    <tag k="local_y" v="-40806.94158338079"/>
  </node>
  <node id="1391" visible="true" version="1" lat="0.00000000000" lon="0.00000000000">
    <tag k="ele" v="28.777166666666666"/>
    <tag k="local_x" v="-9312.264059686146"/>
    <tag k="local_y" v="-40807.2772125126"/>
  </node>
  <node id="1392" visible="true" version="1" lat="0.00000000000" lon="0.00000000000">
    <tag k="ele" v="28.779"/>
    <tag k="local_x" v="-9311.342402801845"/>
    <tag k="local_y" v="-40807.58187173876"/>
  </node>
  <node id="1393" visible="true" version="1" lat="0.00000000000" lon="0.00000000000">
    <tag k="ele" v="28.780833333333334"/>
    <tag k="local_x" v="-9310.412919964745"/>
    <tag k="local_y" v="-40807.85696413729"/>
  </node>
  <node id="1394" visible="true" version="1" lat="0.00000000000" lon="0.00000000000">
    <tag k="ele" v="28.782666666666664"/>
    <tag k="local_x" v="-9309.475981776253"/>
    <tag k="local_y" v="-40808.10389278622"/>
  </node>
  <node id="1395" visible="true" version="1" lat="0.00000000000" lon="0.00000000000">
    <tag k="ele" v="28.784499999999998"/>
    <tag k="local_x" v="-9308.531958837773"/>
    <tag k="local_y" v="-40808.32406076355"/>
  </node>
  <node id="1396" visible="true" version="1" lat="0.00000000000" lon="0.00000000000">
    <tag k="ele" v="28.78633333333333"/>
    <tag k="local_x" v="-9307.58122175071"/>
    <tag k="local_y" v="-40808.51887114733"/>
  </node>
  <node id="1397" visible="true" version="1" lat="0.00000000000" lon="0.00000000000">
    <tag k="ele" v="28.788166666666665"/>
    <tag k="local_x" v="-9306.62414111647"/>
    <tag k="local_y" v="-40808.68972701557"/>
  </node>
  <node id="1398" visible="true" version="1" lat="0.00000000000" lon="0.00000000000">
    <tag k="ele" v="28.79"/>
    <tag k="local_x" v="-9305.661087536459"/>
    <tag k="local_y" v="-40808.8380314463"/>
  </node>
  <node id="1399" visible="true" version="1" lat="0.00000000000" lon="0.00000000000">
    <tag k="ele" v="28.791833333333333"/>
    <tag k="local_x" v="-9304.692431612079"/>
    <tag k="local_y" v="-40808.96518751753"/>
  </node>
  <node id="1400" visible="true" version="1" lat="0.00000000000" lon="0.00000000000">
    <tag k="ele" v="28.793666666666667"/>
    <tag k="local_x" v="-9303.718543944735"/>
    <tag k="local_y" v="-40809.07259830731"/>
  </node>
  <node id="1401" visible="true" version="1" lat="0.00000000000" lon="0.00000000000">
    <tag k="ele" v="28.795499999999997"/>
    <tag k="local_x" v="-9302.739795135836"/>
    <tag k="local_y" v="-40809.161666893655"/>
  </node>
  <node id="1402" visible="true" version="1" lat="0.00000000000" lon="0.00000000000">
    <tag k="ele" v="28.79733333333333"/>
    <tag k="local_x" v="-9301.756555786784"/>
    <tag k="local_y" v="-40809.23379635458"/>
  </node>
  <node id="1403" visible="true" version="1" lat="0.00000000000" lon="0.00000000000">
    <tag k="ele" v="28.799166666666665"/>
    <tag k="local_x" v="-9300.769196498983"/>
    <tag k="local_y" v="-40809.290389768124"/>
  </node>
  <node id="1404" visible="true" version="1" lat="0.00000000000" lon="0.00000000000">
    <tag k="ele" v="28.801"/>
    <tag k="local_x" v="-9299.77808787384"/>
    <tag k="local_y" v="-40809.33285021228"/>
  </node>
  <node id="1405" visible="true" version="1" lat="0.00000000000" lon="0.00000000000">
    <tag k="ele" v="28.802833333333332"/>
    <tag k="local_x" v="-9298.783600512757"/>
    <tag k="local_y" v="-40809.362580765104"/>
  </node>
  <node id="1406" visible="true" version="1" lat="0.00000000000" lon="0.00000000000">
    <tag k="ele" v="28.804666666666666"/>
    <tag k="local_x" v="-9297.786105017145"/>
    <tag k="local_y" v="-40809.38098450462"/>
  </node>
  <node id="1407" visible="true" version="1" lat="0.00000000000" lon="0.00000000000">
    <tag k="ele" v="28.8065"/>
    <tag k="local_x" v="-9296.785971988404"/>
    <tag k="local_y" v="-40809.38946450884"/>
  </node>
  <node id="1408" visible="true" version="1" lat="0.00000000000" lon="0.00000000000">
    <tag k="ele" v="28.808333333333334"/>
    <tag k="local_x" v="-9295.78357202794"/>
    <tag k="local_y" v="-40809.38942385578"/>
  </node>
  <node id="1409" visible="true" version="1" lat="0.00000000000" lon="0.00000000000">
    <tag k="ele" v="28.810166666666667"/>
    <tag k="local_x" v="-9294.779275737157"/>
    <tag k="local_y" v="-40809.38226562348"/>
  </node>
  <node id="1410" visible="true" version="1" lat="0.00000000000" lon="0.00000000000">
    <tag k="ele" v="28.811999999999998"/>
    <tag k="local_x" v="-9293.77345371746"/>
    <tag k="local_y" v="-40809.36939288996"/>
  </node>
  <node id="1411" visible="true" version="1" lat="0.00000000000" lon="0.00000000000">
    <tag k="ele" v="28.81383333333333"/>
    <tag k="local_x" v="-9292.766476570258"/>
    <tag k="local_y" v="-40809.352208733246"/>
  </node>
  <node id="1412" visible="true" version="1" lat="0.00000000000" lon="0.00000000000">
    <tag k="ele" v="28.815666666666665"/>
    <tag k="local_x" v="-9291.758714896949"/>
    <tag k="local_y" v="-40809.33211623135"/>
  </node>
  <node id="1413" visible="true" version="1" lat="0.00000000000" lon="0.00000000000">
    <tag k="ele" v="28.8175"/>
    <tag k="local_x" v="-9290.750539298944"/>
    <tag k="local_y" v="-40809.31051846231"/>
  </node>
  <node id="1414" visible="true" version="1" lat="0.00000000000" lon="0.00000000000">
    <tag k="ele" v="28.819333333333333"/>
    <tag k="local_x" v="-9289.742320377647"/>
    <tag k="local_y" v="-40809.28881850416"/>
  </node>
  <node id="1415" visible="true" version="1" lat="0.00000000000" lon="0.00000000000">
    <tag k="ele" v="28.821166666666667"/>
    <tag k="local_x" v="-9288.73442873446"/>
    <tag k="local_y" v="-40809.26841943489"/>
  </node>
  <node id="1416" visible="true" version="1" lat="0.00000000000" lon="0.00000000000">
    <tag k="ele" v="28.823"/>
    <tag k="local_x" v="-9287.72723497079"/>
    <tag k="local_y" v="-40809.25072433256"/>
  </node>
  <node id="1417" visible="true" version="1" lat="0.00000000000" lon="0.00000000000">
    <tag k="ele" v="28.82483333333333"/>
    <tag k="local_x" v="-9286.721109688042"/>
    <tag k="local_y" v="-40809.23713627517"/>
  </node>
  <node id="1418" visible="true" version="1" lat="0.00000000000" lon="0.00000000000">
    <tag k="ele" v="28.826666666666664"/>
    <tag k="local_x" v="-9285.716423487622"/>
    <tag k="local_y" v="-40809.22905834076"/>
  </node>
  <node id="1419" visible="true" version="1" lat="0.00000000000" lon="0.00000000000">
    <tag k="ele" v="28.8285"/>
    <tag k="local_x" v="-9284.71354697093"/>
    <tag k="local_y" v="-40809.22789360734"/>
  </node>
  <node id="1420" visible="true" version="1" lat="0.00000000000" lon="0.00000000000">
    <tag k="ele" v="28.830333333333332"/>
    <tag k="local_x" v="-9283.712850739377"/>
    <tag k="local_y" v="-40809.23504515294"/>
  </node>
  <node id="1421" visible="true" version="1" lat="0.00000000000" lon="0.00000000000">
    <tag k="ele" v="28.832166666666666"/>
    <tag k="local_x" v="-9282.714705394365"/>
    <tag k="local_y" v="-40809.25191605559"/>
  </node>
  <node id="1422" visible="true" version="1" lat="0.00000000000" lon="0.00000000000">
    <tag k="ele" v="28.834"/>
    <tag k="local_x" v="-9281.7194815373"/>
    <tag k="local_y" v="-40809.27990939331"/>
  </node>
  <node id="1423" visible="true" version="1" lat="0.00000000000" lon="0.00000000000">
    <tag k="ele" v="28.835833333333333"/>
    <tag k="local_x" v="-9280.727549769586"/>
    <tag k="local_y" v="-40809.32042824413"/>
  </node>
  <node id="1424" visible="true" version="1" lat="0.00000000000" lon="0.00000000000">
    <tag k="ele" v="28.837666666666667"/>
    <tag k="local_x" v="-9279.73928069263"/>
    <tag k="local_y" v="-40809.37487568605"/>
  </node>
  <node id="1425" visible="true" version="1" lat="0.00000000000" lon="0.00000000000">
    <tag k="ele" v="28.8395"/>
    <tag k="local_x" v="-9278.755044907832"/>
    <tag k="local_y" v="-40809.44465479713"/>
  </node>
  <node id="1426" visible="true" version="1" lat="0.00000000000" lon="0.00000000000">
    <tag k="ele" v="28.84133333333333"/>
    <tag k="local_x" v="-9277.775213016603"/>
    <tag k="local_y" v="-40809.53116865537"/>
  </node>
  <node id="1427" visible="true" version="1" lat="0.00000000000" lon="0.00000000000">
    <tag k="ele" v="28.843166666666665"/>
    <tag k="local_x" v="-9276.800155620344"/>
    <tag k="local_y" v="-40809.63582033881"/>
  </node>
  <node id="1428" visible="true" version="1" lat="0.00000000000" lon="0.00000000000">
    <tag k="ele" v="28.845"/>
    <tag k="local_x" v="-9275.83024332046"/>
    <tag k="local_y" v="-40809.76001292545"/>
  </node>
  <node id="1429" visible="true" version="1" lat="0.00000000000" lon="0.00000000000">
    <tag k="ele" v="28.846833333333333"/>
    <tag k="local_x" v="-9274.86584671836"/>
    <tag k="local_y" v="-40809.90514949334"/>
  </node>
  <node id="1430" visible="true" version="1" lat="0.00000000000" lon="0.00000000000">
    <tag k="ele" v="28.848666666666666"/>
    <tag k="local_x" v="-9273.907336415446"/>
    <tag k="local_y" v="-40810.07263312049"/>
  </node>
  <node id="1431" visible="true" version="1" lat="0.00000000000" lon="0.00000000000">
    <tag k="ele" v="28.8505"/>
    <tag k="local_x" v="-9272.955083013121"/>
    <tag k="local_y" v="-40810.263866884925"/>
  </node>
  <node id="1432" visible="true" version="1" lat="0.00000000000" lon="0.00000000000">
    <tag k="ele" v="28.852333333333334"/>
    <tag k="local_x" v="-9272.009457112794"/>
    <tag k="local_y" v="-40810.480253864676"/>
  </node>
  <node id="1433" visible="true" version="1" lat="0.00000000000" lon="0.00000000000">
    <tag k="ele" v="28.854166666666664"/>
    <tag k="local_x" v="-9271.070829315866"/>
    <tag k="local_y" v="-40810.72319713777"/>
  </node>
  <node id="1434" visible="true" version="1" lat="0.00000000000" lon="0.00000000000">
    <tag k="ele" v="28.855999999999998"/>
    <tag k="local_x" v="-9270.139570223744"/>
    <tag k="local_y" v="-40810.99409978222"/>
  </node>
  <node id="1435" visible="true" version="1" lat="0.00000000000" lon="0.00000000000">
    <tag k="ele" v="28.857833333333332"/>
    <tag k="local_x" v="-9269.216050437835"/>
    <tag k="local_y" v="-40811.29436487604"/>
  </node>
  <node id="1436" visible="true" version="1" lat="0.00000000000" lon="0.00000000000">
    <tag k="ele" v="28.859666666666666"/>
    <tag k="local_x" v="-9268.30064055954"/>
    <tag k="local_y" v="-40811.62539549729"/>
  </node>
  <node id="1437" visible="true" version="1" lat="0.00000000000" lon="0.00000000000">
    <tag k="ele" v="28.860186170212767"/>
    <tag k="local_x" v="-9270.510438571037"/>
    <tag k="local_y" v="-40818.45425828448"/>
  </node>
  <node id="1438" visible="true" version="1" lat="0.00000000000" lon="0.00000000000">
    <tag k="ele" v="28.85887234042553"/>
    <tag k="local_x" v="-9271.443760042432"/>
    <tag k="local_y" v="-40818.106985951206"/>
  </node>
  <node id="1439" visible="true" version="1" lat="0.00000000000" lon="0.00000000000">
    <tag k="ele" v="28.8575585106383"/>
    <tag k="local_x" v="-9272.384139072105"/>
    <tag k="local_y" v="-40817.78080137846"/>
  </node>
  <node id="1440" visible="true" version="1" lat="0.00000000000" lon="0.00000000000">
    <tag k="ele" v="28.856244680851063"/>
    <tag k="local_x" v="-9273.331216734463"/>
    <tag k="local_y" v="-40817.474656698105"/>
  </node>
  <node id="1441" visible="true" version="1" lat="0.00000000000" lon="0.00000000000">
    <tag k="ele" v="28.85493085106383"/>
    <tag k="local_x" v="-9274.284634103922"/>
    <tag k="local_y" v="-40817.18750404197"/>
  </node>
  <node id="1442" visible="true" version="1" lat="0.00000000000" lon="0.00000000000">
    <tag k="ele" v="28.853617021276595"/>
    <tag k="local_x" v="-9275.244032254892"/>
    <tag k="local_y" v="-40816.918295541895"/>
  </node>
  <node id="1443" visible="true" version="1" lat="0.00000000000" lon="0.00000000000">
    <tag k="ele" v="28.852303191489362"/>
    <tag k="local_x" v="-9276.209052261784"/>
    <tag k="local_y" v="-40816.665983329716"/>
  </node>
  <node id="1444" visible="true" version="1" lat="0.00000000000" lon="0.00000000000">
    <tag k="ele" v="28.850989361702126"/>
    <tag k="local_x" v="-9277.17933519901"/>
    <tag k="local_y" v="-40816.42951953729"/>
  </node>
  <node id="1445" visible="true" version="1" lat="0.00000000000" lon="0.00000000000">
    <tag k="ele" v="28.849675531914894"/>
    <tag k="local_x" v="-9278.154522140981"/>
    <tag k="local_y" v="-40816.20785629644"/>
  </node>
  <node id="1446" visible="true" version="1" lat="0.00000000000" lon="0.00000000000">
    <tag k="ele" v="28.848361702127658"/>
    <tag k="local_x" v="-9279.13425416211"/>
    <tag k="local_y" v="-40815.999945739"/>
  </node>
  <node id="1447" visible="true" version="1" lat="0.00000000000" lon="0.00000000000">
    <tag k="ele" v="28.847047872340426"/>
    <tag k="local_x" v="-9280.118172336812"/>
    <tag k="local_y" v="-40815.804739996835"/>
  </node>
  <node id="1448" visible="true" version="1" lat="0.00000000000" lon="0.00000000000">
    <tag k="ele" v="28.84573404255319"/>
    <tag k="local_x" v="-9281.105917739493"/>
    <tag k="local_y" v="-40815.62119120176"/>
  </node>
  <node id="1449" visible="true" version="1" lat="0.00000000000" lon="0.00000000000">
    <tag k="ele" v="28.844420212765957"/>
    <tag k="local_x" v="-9282.097131444565"/>
    <tag k="local_y" v="-40815.448251485635"/>
  </node>
  <node id="1450" visible="true" version="1" lat="0.00000000000" lon="0.00000000000">
    <tag k="ele" v="28.84310638297872"/>
    <tag k="local_x" v="-9283.091454526444"/>
    <tag k="local_y" v="-40815.284872980286"/>
  </node>
  <node id="1451" visible="true" version="1" lat="0.00000000000" lon="0.00000000000">
    <tag k="ele" v="28.84179255319149"/>
    <tag k="local_x" v="-9284.08852805954"/>
    <tag k="local_y" v="-40815.13000781755"/>
  </node>
  <node id="1452" visible="true" version="1" lat="0.00000000000" lon="0.00000000000">
    <tag k="ele" v="28.840478723404257"/>
    <tag k="local_x" v="-9285.087993118264"/>
    <tag k="local_y" v="-40814.98260812928"/>
  </node>
  <node id="1453" visible="true" version="1" lat="0.00000000000" lon="0.00000000000">
    <tag k="ele" v="28.83916489361702"/>
    <tag k="local_x" v="-9286.089490777027"/>
    <tag k="local_y" v="-40814.841626047295"/>
  </node>
  <node id="1454" visible="true" version="1" lat="0.00000000000" lon="0.00000000000">
    <tag k="ele" v="28.83785106382979"/>
    <tag k="local_x" v="-9287.092662110243"/>
    <tag k="local_y" v="-40814.70601370345"/>
  </node>
  <node id="1455" visible="true" version="1" lat="0.00000000000" lon="0.00000000000">
    <tag k="ele" v="28.836537234042552"/>
    <tag k="local_x" v="-9288.097148192322"/>
    <tag k="local_y" v="-40814.57472322959"/>
  </node>
  <node id="1456" visible="true" version="1" lat="0.00000000000" lon="0.00000000000">
    <tag k="ele" v="28.83522340425532"/>
    <tag k="local_x" v="-9289.102590097678"/>
    <tag k="local_y" v="-40814.44670675754"/>
  </node>
  <node id="1457" visible="true" version="1" lat="0.00000000000" lon="0.00000000000">
    <tag k="ele" v="28.833909574468084"/>
    <tag k="local_x" v="-9290.10862890072"/>
    <tag k="local_y" v="-40814.32091641914"/>
  </node>
  <node id="1458" visible="true" version="1" lat="0.00000000000" lon="0.00000000000">
    <tag k="ele" v="28.83259574468085"/>
    <tag k="local_x" v="-9291.114905675862"/>
    <tag k="local_y" v="-40814.196304346246"/>
  </node>
  <node id="1459" visible="true" version="1" lat="0.00000000000" lon="0.00000000000">
    <tag k="ele" v="28.831281914893616"/>
    <tag k="local_x" v="-9292.121061497513"/>
    <tag k="local_y" v="-40814.07182267069"/>
  </node>
  <node id="1460" visible="true" version="1" lat="0.00000000000" lon="0.00000000000">
    <tag k="ele" v="28.829968085106383"/>
    <tag k="local_x" v="-9293.126737440089"/>
    <tag k="local_y" v="-40813.9464235243"/>
  </node>
  <node id="1461" visible="true" version="1" lat="0.00000000000" lon="0.00000000000">
    <tag k="ele" v="28.828654255319147"/>
    <tag k="local_x" v="-9294.131574578"/>
    <tag k="local_y" v="-40813.81905903892"/>
  </node>
  <node id="1462" visible="true" version="1" lat="0.00000000000" lon="0.00000000000">
    <tag k="ele" v="28.827340425531915"/>
    <tag k="local_x" v="-9295.135213985654"/>
    <tag k="local_y" v="-40813.68868134641"/>
  </node>
  <node id="1463" visible="true" version="1" lat="0.00000000000" lon="0.00000000000">
    <tag k="ele" v="28.82602659574468"/>
    <tag k="local_x" v="-9296.137296737465"/>
    <tag k="local_y" v="-40813.554242578575"/>
  </node>
  <node id="1464" visible="true" version="1" lat="0.00000000000" lon="0.00000000000">
    <tag k="ele" v="28.824712765957447"/>
    <tag k="local_x" v="-9297.13746390785"/>
    <tag k="local_y" v="-40813.414694867286"/>
  </node>
  <node id="1465" visible="true" version="1" lat="0.00000000000" lon="0.00000000000">
    <tag k="ele" v="28.82339893617021"/>
    <tag k="local_x" v="-9298.135356571212"/>
    <tag k="local_y" v="-40813.26899034437"/>
  </node>
  <node id="1466" visible="true" version="1" lat="0.00000000000" lon="0.00000000000">
    <tag k="ele" v="28.82208510638298"/>
    <tag k="local_x" v="-9299.13061580197"/>
    <tag k="local_y" v="-40813.11608114166"/>
  </node>
  <node id="1467" visible="true" version="1" lat="0.00000000000" lon="0.00000000000">
    <tag k="ele" v="28.820771276595742"/>
    <tag k="local_x" v="-9300.122882674532"/>
    <tag k="local_y" v="-40812.954919391006"/>
  </node>
  <node id="1468" visible="true" version="1" lat="0.00000000000" lon="0.00000000000">
    <tag k="ele" v="28.81945744680851"/>
    <tag k="local_x" v="-9301.111798263311"/>
    <tag k="local_y" v="-40812.78445722424"/>
  </node>
  <node id="1469" visible="true" version="1" lat="0.00000000000" lon="0.00000000000">
    <tag k="ele" v="28.818143617021278"/>
    <tag k="local_x" v="-9302.097003642719"/>
    <tag k="local_y" v="-40812.603646773205"/>
  </node>
  <node id="1470" visible="true" version="1" lat="0.00000000000" lon="0.00000000000">
    <tag k="ele" v="28.81682978723404"/>
    <tag k="local_x" v="-9303.078139887166"/>
    <tag k="local_y" v="-40812.411440169744"/>
  </node>
  <node id="1471" visible="true" version="1" lat="0.00000000000" lon="0.00000000000">
    <tag k="ele" v="28.81551595744681"/>
    <tag k="local_x" v="-9304.054848071066"/>
    <tag k="local_y" v="-40812.206789545686"/>
  </node>
  <node id="1472" visible="true" version="1" lat="0.00000000000" lon="0.00000000000">
    <tag k="ele" v="28.814202127659573"/>
    <tag k="local_x" v="-9305.026769268829"/>
    <tag k="local_y" v="-40811.988647032886"/>
  </node>
  <node id="1473" visible="true" version="1" lat="0.00000000000" lon="0.00000000000">
    <tag k="ele" v="28.81288829787234"/>
    <tag k="local_x" v="-9305.993544554869"/>
    <tag k="local_y" v="-40811.75596476317"/>
  </node>
  <node id="1474" visible="true" version="1" lat="0.00000000000" lon="0.00000000000">
    <tag k="ele" v="28.811574468085105"/>
    <tag k="local_x" v="-9306.954815003595"/>
    <tag k="local_y" v="-40811.50769486839"/>
  </node>
  <node id="1475" visible="true" version="1" lat="0.00000000000" lon="0.00000000000">
    <tag k="ele" v="28.810260638297873"/>
    <tag k="local_x" v="-9307.91022168942"/>
    <tag k="local_y" v="-40811.24278948038"/>
  </node>
  <node id="1476" visible="true" version="1" lat="0.00000000000" lon="0.00000000000">
    <tag k="ele" v="28.808946808510637"/>
    <tag k="local_x" v="-9308.859405686757"/>
    <tag k="local_y" v="-40810.96020073097"/>
  </node>
  <node id="1477" visible="true" version="1" lat="0.00000000000" lon="0.00000000000">
    <tag k="ele" v="28.807632978723404"/>
    <tag k="local_x" v="-9309.802008070017"/>
    <tag k="local_y" v="-40810.65888075201"/>
  </node>
  <node id="1478" visible="true" version="1" lat="0.00000000000" lon="0.00000000000">
    <tag k="ele" v="28.80631914893617"/>
    <tag k="local_x" v="-9310.737669913611"/>
    <tag k="local_y" v="-40810.33778167534"/>
  </node>
  <node id="1479" visible="true" version="1" lat="0.00000000000" lon="0.00000000000">
    <tag k="ele" v="28.805005319148936"/>
    <tag k="local_x" v="-9311.666032291949"/>
    <tag k="local_y" v="-40809.99585563279"/>
  </node>
  <node id="1480" visible="true" version="1" lat="0.00000000000" lon="0.00000000000">
    <tag k="ele" v="28.8036914893617"/>
    <tag k="local_x" v="-9312.586736279447"/>
    <tag k="local_y" v="-40809.63205475622"/>
  </node>
  <node id="1481" visible="true" version="1" lat="0.00000000000" lon="0.00000000000">
    <tag k="ele" v="28.802377659574468"/>
    <tag k="local_x" v="-9313.499422950514"/>
    <tag k="local_y" v="-40809.24533117745"/>
  </node>
  <node id="1482" visible="true" version="1" lat="0.00000000000" lon="0.00000000000">
    <tag k="ele" v="28.801063829787232"/>
    <tag k="local_x" v="-9314.40373337956"/>
    <tag k="local_y" v="-40808.834637028325"/>
  </node>
  <node id="1483" visible="true" version="1" lat="0.00000000000" lon="0.00000000000">
    <tag k="ele" v="28.859627659574468"/>
    <tag k="local_x" v="-9269.379742116264"/>
    <tag k="local_y" v="-40814.95771734041"/>
  </node>
  <node id="1484" visible="true" version="1" lat="0.00000000000" lon="0.00000000000">
    <tag k="ele" v="28.857755319148936"/>
    <tag k="local_x" v="-9270.30567532153"/>
    <tag k="local_y" v="-40814.6199027475"/>
  </node>
  <node id="1485" visible="true" version="1" lat="0.00000000000" lon="0.00000000000">
    <tag k="ele" v="28.855882978723404"/>
    <tag k="local_x" v="-9271.23942401839"/>
    <tag k="local_y" v="-40814.30690489737"/>
  </node>
  <node id="1486" visible="true" version="1" lat="0.00000000000" lon="0.00000000000">
    <tag k="ele" v="28.854010638297872"/>
    <tag k="local_x" v="-9272.18059431421"/>
    <tag k="local_y" v="-40814.0175031053"/>
  </node>
  <node id="1487" visible="true" version="1" lat="0.00000000000" lon="0.00000000000">
    <tag k="ele" v="28.85213829787234"/>
    <tag k="local_x" v="-9273.128792316358"/>
    <tag k="local_y" v="-40813.75047668662"/>
  </node>
  <node id="1488" visible="true" version="1" lat="0.00000000000" lon="0.00000000000">
    <tag k="ele" v="28.85026595744681"/>
    <tag k="local_x" v="-9274.083624132201"/>
    <tag k="local_y" v="-40813.50460495664"/>
  </node>
  <node id="1489" visible="true" version="1" lat="0.00000000000" lon="0.00000000000">
    <tag k="ele" v="28.848393617021276"/>
    <tag k="local_x" v="-9275.044695869106"/>
    <tag k="local_y" v="-40813.27866723067"/>
  </node>
  <node id="1490" visible="true" version="1" lat="0.00000000000" lon="0.00000000000">
    <tag k="ele" v="28.846521276595745"/>
    <tag k="local_x" v="-9276.01161363444"/>
    <tag k="local_y" v="-40813.071442824024"/>
  </node>
  <node id="1491" visible="true" version="1" lat="0.00000000000" lon="0.00000000000">
    <tag k="ele" v="28.844648936170213"/>
    <tag k="local_x" v="-9276.98398353557"/>
    <tag k="local_y" v="-40812.88171105201"/>
  </node>
  <node id="1492" visible="true" version="1" lat="0.00000000000" lon="0.00000000000">
    <tag k="ele" v="28.84277659574468"/>
    <tag k="local_x" v="-9277.961411679862"/>
    <tag k="local_y" v="-40812.70825122994"/>
  </node>
  <node id="1493" visible="true" version="1" lat="0.00000000000" lon="0.00000000000">
    <tag k="ele" v="28.84090425531915"/>
    <tag k="local_x" v="-9278.943504174687"/>
    <tag k="local_y" v="-40812.549842673136"/>
  </node>
  <node id="1494" visible="true" version="1" lat="0.00000000000" lon="0.00000000000">
    <tag k="ele" v="28.839031914893617"/>
    <tag k="local_x" v="-9279.929867127406"/>
    <tag k="local_y" v="-40812.4052646969"/>
  </node>
  <node id="1495" visible="true" version="1" lat="0.00000000000" lon="0.00000000000">
    <tag k="ele" v="28.837159574468085"/>
    <tag k="local_x" v="-9280.920106645393"/>
    <tag k="local_y" v="-40812.27329661654"/>
  </node>
  <node id="1496" visible="true" version="1" lat="0.00000000000" lon="0.00000000000">
    <tag k="ele" v="28.835287234042553"/>
    <tag k="local_x" v="-9281.91382883601"/>
    <tag k="local_y" v="-40812.15271774739"/>
  </node>
  <node id="1497" visible="true" version="1" lat="0.00000000000" lon="0.00000000000">
    <tag k="ele" v="28.83341489361702"/>
    <tag k="local_x" v="-9282.910639806625"/>
    <tag k="local_y" v="-40812.04230740475"/>
  </node>
  <node id="1498" visible="true" version="1" lat="0.00000000000" lon="0.00000000000">
    <tag k="ele" v="28.83154255319149"/>
    <tag k="local_x" v="-9283.910145664608"/>
    <tag k="local_y" v="-40811.94084490392"/>
  </node>
  <node id="1499" visible="true" version="1" lat="0.00000000000" lon="0.00000000000">
    <tag k="ele" v="28.829670212765958"/>
    <tag k="local_x" v="-9284.911952517325"/>
    <tag k="local_y" v="-40811.84710956023"/>
  </node>
  <node id="1500" visible="true" version="1" lat="0.00000000000" lon="0.00000000000">
    <tag k="ele" v="28.827797872340426"/>
    <tag k="local_x" v="-9285.915666472141"/>
    <tag k="local_y" v="-40811.75988068899"/>
  </node>
  <node id="1501" visible="true" version="1" lat="0.00000000000" lon="0.00000000000">
    <tag k="ele" v="28.825925531914894"/>
    <tag k="local_x" v="-9286.920893636423"/>
    <tag k="local_y" v="-40811.67793760549"/>
  </node>
  <node id="1502" visible="true" version="1" lat="0.00000000000" lon="0.00000000000">
    <tag k="ele" v="28.824053191489362"/>
    <tag k="local_x" v="-9287.927240117542"/>
    <tag k="local_y" v="-40811.600059625074"/>
  </node>
  <node id="1503" visible="true" version="1" lat="0.00000000000" lon="0.00000000000">
    <tag k="ele" v="28.82218085106383"/>
    <tag k="local_x" v="-9288.934312022862"/>
    <tag k="local_y" v="-40811.525026063035"/>
  </node>
  <node id="1504" visible="true" version="1" lat="0.00000000000" lon="0.00000000000">
    <tag k="ele" v="28.8203085106383"/>
    <tag k="local_x" v="-9289.94171545975"/>
    <tag k="local_y" v="-40811.4516162347"/>
  </node>
  <node id="1505" visible="true" version="1" lat="0.00000000000" lon="0.00000000000">
    <tag k="ele" v="28.818436170212767"/>
    <tag k="local_x" v="-9290.949056535575"/>
    <tag k="local_y" v="-40811.37860945536"/>
  </node>
  <node id="1506" visible="true" version="1" lat="0.00000000000" lon="0.00000000000">
    <tag k="ele" v="28.81656382978723"/>
    <tag k="local_x" v="-9291.955941357703"/>
    <tag k="local_y" v="-40811.304785040345"/>
  </node>
  <node id="1507" visible="true" version="1" lat="0.00000000000" lon="0.00000000000">
    <tag k="ele" v="28.8146914893617"/>
    <tag k="local_x" v="-9292.9619760335"/>
    <tag k="local_y" v="-40811.22892230496"/>
  </node>
  <node id="1508" visible="true" version="1" lat="0.00000000000" lon="0.00000000000">
    <tag k="ele" v="28.812819148936168"/>
    <tag k="local_x" v="-9293.966766670339"/>
    <tag k="local_y" v="-40811.14980056451"/>
  </node>
  <node id="1509" visible="true" version="1" lat="0.00000000000" lon="0.00000000000">
    <tag k="ele" v="28.810946808510636"/>
    <tag k="local_x" v="-9294.969919375579"/>
    <tag k="local_y" v="-40811.06619913433"/>
  </node>
  <node id="1510" visible="true" version="1" lat="0.00000000000" lon="0.00000000000">
    <tag k="ele" v="28.809074468085104"/>
    <tag k="local_x" v="-9295.971040256589"/>
    <tag k="local_y" v="-40810.97689732971"/>
  </node>
  <node id="1511" visible="true" version="1" lat="0.00000000000" lon="0.00000000000">
    <tag k="ele" v="28.807202127659572"/>
    <tag k="local_x" v="-9296.969735420738"/>
    <tag k="local_y" v="-40810.88067446598"/>
  </node>
  <node id="1512" visible="true" version="1" lat="0.00000000000" lon="0.00000000000">
    <tag k="ele" v="28.80532978723404"/>
    <tag k="local_x" v="-9297.965610975398"/>
    <tag k="local_y" v="-40810.77630985843"/>
  </node>
  <node id="1513" visible="true" version="1" lat="0.00000000000" lon="0.00000000000">
    <tag k="ele" v="28.80345744680851"/>
    <tag k="local_x" v="-9298.958273027927"/>
    <tag k="local_y" v="-40810.6625828224"/>
  </node>
  <node id="1514" visible="true" version="1" lat="0.00000000000" lon="0.00000000000">
    <tag k="ele" v="28.801585106382976"/>
    <tag k="local_x" v="-9299.947327685697"/>
    <tag k="local_y" v="-40810.53827267318"/>
  </node>
  <node id="1515" visible="true" version="1" lat="0.00000000000" lon="0.00000000000">
    <tag k="ele" v="28.799712765957445"/>
    <tag k="local_x" v="-9300.932381056076"/>
    <tag k="local_y" v="-40810.40215872609"/>
  </node>
  <node id="1516" visible="true" version="1" lat="0.00000000000" lon="0.00000000000">
    <tag k="ele" v="28.797840425531913"/>
    <tag k="local_x" v="-9301.913039246427"/>
    <tag k="local_y" v="-40810.25302029644"/>
  </node>
  <node id="1517" visible="true" version="1" lat="0.00000000000" lon="0.00000000000">
    <tag k="ele" v="28.79596808510638"/>
    <tag k="local_x" v="-9302.888908364122"/>
    <tag k="local_y" v="-40810.08963669954"/>
  </node>
  <node id="1518" visible="true" version="1" lat="0.00000000000" lon="0.00000000000">
    <tag k="ele" v="28.79409574468085"/>
    <tag k="local_x" v="-9303.859594516525"/>
    <tag k="local_y" v="-40809.91078725071"/>
  </node>
  <node id="1519" visible="true" version="1" lat="0.00000000000" lon="0.00000000000">
    <tag k="ele" v="28.792223404255317"/>
    <tag k="local_x" v="-9304.824703811002"/>
    <tag k="local_y" v="-40809.71525126526"/>
  </node>
  <node id="1520" visible="true" version="1" lat="0.00000000000" lon="0.00000000000">
    <tag k="ele" v="28.790351063829785"/>
    <tag k="local_x" v="-9305.783842354926"/>
    <tag k="local_y" v="-40809.5018080585"/>
  </node>
  <node id="1521" visible="true" version="1" lat="0.00000000000" lon="0.00000000000">
    <tag k="ele" v="28.788478723404253"/>
    <tag k="local_x" v="-9306.736616255657"/>
    <tag k="local_y" v="-40809.26923694574"/>
  </node>
  <node id="1522" visible="true" version="1" lat="0.00000000000" lon="0.00000000000">
    <tag k="ele" v="28.78660638297872"/>
    <tag k="local_x" v="-9307.682631620568"/>
    <tag k="local_y" v="-40809.016317242305"/>
  </node>
  <node id="1523" visible="true" version="1" lat="0.00000000000" lon="0.00000000000">
    <tag k="ele" v="28.78473404255319"/>
    <tag k="local_x" v="-9308.621494557021"/>
    <tag k="local_y" v="-40808.74182826349"/>
  </node>
  <node id="1524" visible="true" version="1" lat="0.00000000000" lon="0.00000000000">
    <tag k="ele" v="28.782861702127658"/>
    <tag k="local_x" v="-9309.552811172387"/>
    <tag k="local_y" v="-40808.44454932462"/>
  </node>
  <node id="1525" visible="true" version="1" lat="0.00000000000" lon="0.00000000000">
    <tag k="ele" v="28.780989361702126"/>
    <tag k="local_x" v="-9310.476187574033"/>
    <tag k="local_y" v="-40808.12325974099"/>
  </node>
  <node id="1526" visible="true" version="1" lat="0.00000000000" lon="0.00000000000">
    <tag k="ele" v="28.779117021276594"/>
    <tag k="local_x" v="-9311.391229869321"/>
    <tag k="local_y" v="-40807.77673882794"/>
  </node>
  <node id="1527" visible="true" version="1" lat="0.00000000000" lon="0.00000000000">
    <tag k="ele" v="28.777244680851062"/>
    <tag k="local_x" v="-9312.297544165625"/>
    <tag k="local_y" v="-40807.40376590076"/>
  </node>
  <node id="1528" visible="true" version="1" lat="0.00000000000" lon="0.00000000000">
    <tag k="ele" v="28.77537234042553"/>
    <tag k="local_x" v="-9313.19473657031"/>
    <tag k="local_y" v="-40807.00312027477"/>
  </node>
  <node id="1529" visible="true" version="1" lat="0.00000000000" lon="0.00000000000">
    <tag k="ele" v="28.854612499999998"/>
    <tag k="local_x" v="-9269.363711552993"/>
    <tag k="local_y" v="-40814.912022658864"/>
  </node>
  <node id="1530" visible="true" version="1" lat="0.00000000000" lon="0.00000000000">
    <tag k="ele" v="28.847725"/>
    <tag k="local_x" v="-9270.235248930563"/>
    <tag k="local_y" v="-40814.45227673923"/>
  </node>
  <node id="1531" visible="true" version="1" lat="0.00000000000" lon="0.00000000000">
    <tag k="ele" v="28.8408375"/>
    <tag k="local_x" v="-9271.076787322007"/>
    <tag k="local_y" v="-40813.94419021548"/>
  </node>
  <node id="1532" visible="true" version="1" lat="0.00000000000" lon="0.00000000000">
    <tag k="ele" v="28.833949999999998"/>
    <tag k="local_x" v="-9271.888483621406"/>
    <tag k="local_y" v="-40813.389621701295"/>
  </node>
  <node id="1533" visible="true" version="1" lat="0.00000000000" lon="0.00000000000">
    <tag k="ele" v="28.8270625"/>
    <tag k="local_x" v="-9272.670494722826"/>
    <tag k="local_y" v="-40812.790429810346"/>
  </node>
  <node id="1534" visible="true" version="1" lat="0.00000000000" lon="0.00000000000">
    <tag k="ele" v="28.820175"/>
    <tag k="local_x" v="-9273.422977520346"/>
    <tag k="local_y" v="-40812.14847315628"/>
  </node>
  <node id="1535" visible="true" version="1" lat="0.00000000000" lon="0.00000000000">
    <tag k="ele" v="28.813287499999998"/>
    <tag k="local_x" v="-9274.146088908044"/>
    <tag k="local_y" v="-40811.46561035275"/>
  </node>
  <node id="1536" visible="true" version="1" lat="0.00000000000" lon="0.00000000000">
    <tag k="ele" v="28.8064"/>
    <tag k="local_x" v="-9274.839985779996"/>
    <tag k="local_y" v="-40810.74370001346"/>
  </node>
  <node id="1537" visible="true" version="1" lat="0.00000000000" lon="0.00000000000">
    <tag k="ele" v="28.7995125"/>
    <tag k="local_x" v="-9275.50482503027"/>
    <tag k="local_y" v="-40809.98460075203"/>
  </node>
  <node id="1538" visible="true" version="1" lat="0.00000000000" lon="0.00000000000">
    <tag k="ele" v="28.792625"/>
    <tag k="local_x" v="-9276.140763552947"/>
    <tag k="local_y" v="-40809.19017118214"/>
  </node>
  <node id="1539" visible="true" version="1" lat="0.00000000000" lon="0.00000000000">
    <tag k="ele" v="28.7857375"/>
    <tag k="local_x" v="-9276.747958242098"/>
    <tag k="local_y" v="-40808.36226991744"/>
  </node>
  <node id="1540" visible="true" version="1" lat="0.00000000000" lon="0.00000000000">
    <tag k="ele" v="28.77885"/>
    <tag k="local_x" v="-9277.326565991805"/>
    <tag k="local_y" v="-40807.50275557161"/>
  </node>
  <node id="1541" visible="true" version="1" lat="0.00000000000" lon="0.00000000000">
    <tag k="ele" v="28.7719625"/>
    <tag k="local_x" v="-9277.876743696137"/>
    <tag k="local_y" v="-40806.61348675831"/>
  </node>
  <node id="1542" visible="true" version="1" lat="0.00000000000" lon="0.00000000000">
    <tag k="ele" v="28.765075"/>
    <tag k="local_x" v="-9278.398648249167"/>
    <tag k="local_y" v="-40805.69632209118"/>
  </node>
  <node id="1543" visible="true" version="1" lat="0.00000000000" lon="0.00000000000">
    <tag k="ele" v="28.7581875"/>
    <tag k="local_x" v="-9278.89243654498"/>
    <tag k="local_y" v="-40804.7531201839"/>
  </node>
  <node id="1544" visible="true" version="1" lat="0.00000000000" lon="0.00000000000">
    <tag k="ele" v="28.7513"/>
    <tag k="local_x" v="-9279.358265477642"/>
    <tag k="local_y" v="-40803.78573965014"/>
  </node>
  <node id="1545" visible="true" version="1" lat="0.00000000000" lon="0.00000000000">
    <tag k="ele" v="28.7444125"/>
    <tag k="local_x" v="-9279.796291941231"/>
    <tag k="local_y" v="-40802.79603910355"/>
  </node>
  <node id="1546" visible="true" version="1" lat="0.00000000000" lon="0.00000000000">
    <tag k="ele" v="28.737524999999998"/>
    <tag k="local_x" v="-9280.206672829825"/>
    <tag k="local_y" v="-40801.78587715779"/>
  </node>
  <node id="1547" visible="true" version="1" lat="0.00000000000" lon="0.00000000000">
    <tag k="ele" v="28.7306375"/>
    <tag k="local_x" v="-9280.589565037497"/>
    <tag k="local_y" v="-40800.75711242653"/>
  </node>
  <node id="1548" visible="true" version="1" lat="0.00000000000" lon="0.00000000000">
    <tag k="ele" v="28.72375"/>
    <tag k="local_x" v="-9280.945125458318"/>
    <tag k="local_y" v="-40799.71160352342"/>
  </node>
  <node id="1549" visible="true" version="1" lat="0.00000000000" lon="0.00000000000">
    <tag k="ele" v="28.716862499999998"/>
    <tag k="local_x" v="-9281.27351098637"/>
    <tag k="local_y" v="-40798.65120906214"/>
  </node>
  <node id="1550" visible="true" version="1" lat="0.00000000000" lon="0.00000000000">
    <tag k="ele" v="28.709975"/>
    <tag k="local_x" v="-9281.574878515727"/>
    <tag k="local_y" v="-40797.57778765634"/>
  </node>
  <node id="1551" visible="true" version="1" lat="0.00000000000" lon="0.00000000000">
    <tag k="ele" v="28.7030875"/>
    <tag k="local_x" v="-9281.849384940459"/>
    <tag k="local_y" v="-40796.49319791969"/>
  </node>
  <node id="1552" visible="true" version="1" lat="0.00000000000" lon="0.00000000000">
    <tag k="ele" v="28.696199999999997"/>
    <tag k="local_x" v="-9282.097187154646"/>
    <tag k="local_y" v="-40795.39929846585"/>
  </node>
  <node id="1553" visible="true" version="1" lat="0.00000000000" lon="0.00000000000">
    <tag k="ele" v="28.6893125"/>
    <tag k="local_x" v="-9282.318442052363"/>
    <tag k="local_y" v="-40794.29794790847"/>
  </node>
  <node id="1554" visible="true" version="1" lat="0.00000000000" lon="0.00000000000">
    <tag k="ele" v="28.682425"/>
    <tag k="local_x" v="-9282.513306527682"/>
    <tag k="local_y" v="-40793.19100486122"/>
  </node>
  <node id="1555" visible="true" version="1" lat="0.00000000000" lon="0.00000000000">
    <tag k="ele" v="28.675537499999997"/>
    <tag k="local_x" v="-9282.681937474681"/>
    <tag k="local_y" v="-40792.08032793777"/>
  </node>
  <node id="1556" visible="true" version="1" lat="0.00000000000" lon="0.00000000000">
    <tag k="ele" v="28.66865"/>
    <tag k="local_x" v="-9282.824491787434"/>
    <tag k="local_y" v="-40790.96777575178"/>
  </node>
  <node id="1557" visible="true" version="1" lat="0.00000000000" lon="0.00000000000">
    <tag k="ele" v="28.6617625"/>
    <tag k="local_x" v="-9282.941126360018"/>
    <tag k="local_y" v="-40789.8552069169"/>
  </node>
  <node id="1558" visible="true" version="1" lat="0.00000000000" lon="0.00000000000">
    <tag k="ele" v="28.654874999999997"/>
    <tag k="local_x" v="-9283.031998086504"/>
    <tag k="local_y" v="-40788.74448004681"/>
  </node>
  <node id="1559" visible="true" version="1" lat="0.00000000000" lon="0.00000000000">
    <tag k="ele" v="28.6479875"/>
    <tag k="local_x" v="-9283.097263860971"/>
    <tag k="local_y" v="-40787.63745375515"/>
  </node>
  <node id="1560" visible="true" version="1" lat="0.00000000000" lon="0.00000000000">
    <tag k="ele" v="28.641099999999998"/>
    <tag k="local_x" v="-9283.137080577493"/>
    <tag k="local_y" v="-40786.53598665562"/>
  </node>
  <node id="1561" visible="true" version="1" lat="0.00000000000" lon="0.00000000000">
    <tag k="ele" v="28.6342125"/>
    <tag k="local_x" v="-9283.151605130146"/>
    <tag k="local_y" v="-40785.44193736184"/>
  </node>
  <node id="1562" visible="true" version="1" lat="0.00000000000" lon="0.00000000000">
    <tag k="ele" v="28.627325"/>
    <tag k="local_x" v="-9283.140994413001"/>
    <tag k="local_y" v="-40784.35716448748"/>
  </node>
  <node id="1563" visible="true" version="1" lat="0.00000000000" lon="0.00000000000">
    <tag k="ele" v="28.620437499999998"/>
    <tag k="local_x" v="-9283.10540532014"/>
    <tag k="local_y" v="-40783.28352664621"/>
  </node>
  <node id="1564" visible="true" version="1" lat="0.00000000000" lon="0.00000000000">
    <tag k="ele" v="28.61355"/>
    <tag k="local_x" v="-9283.044994745633"/>
    <tag k="local_y" v="-40782.22288245172"/>
  </node>
  <node id="1565" visible="true" version="1" lat="0.00000000000" lon="0.00000000000">
    <tag k="ele" v="28.6066625"/>
    <tag k="local_x" v="-9282.959919583558"/>
    <tag k="local_y" v="-40781.17709051763"/>
  </node>
  <node id="1566" visible="true" version="1" lat="0.00000000000" lon="0.00000000000">
    <tag k="ele" v="28.599774999999998"/>
    <tag k="local_x" v="-9282.850336727986"/>
    <tag k="local_y" v="-40780.14800945762"/>
  </node>
  <node id="1567" visible="true" version="1" lat="0.00000000000" lon="0.00000000000">
    <tag k="ele" v="28.5928875"/>
    <tag k="local_x" v="-9282.716403073002"/>
    <tag k="local_y" v="-40779.13749788535"/>
  </node>
  <node id="1568" visible="true" version="1" lat="0.00000000000" lon="0.00000000000">
    <tag k="ele" v="28.849535714285715"/>
    <tag k="local_x" v="-9268.28643118655"/>
    <tag k="local_y" v="-40811.57619582305"/>
  </node>
  <node id="1569" visible="true" version="1" lat="0.00000000000" lon="0.00000000000">
    <tag k="ele" v="28.83757142857143"/>
    <tag k="local_x" v="-9269.139316067218"/>
    <tag k="local_y" v="-40811.104991738925"/>
  </node>
  <node id="1570" visible="true" version="1" lat="0.00000000000" lon="0.00000000000">
    <tag k="ele" v="28.82560714285714"/>
    <tag k="local_x" v="-9269.952906062106"/>
    <tag k="local_y" v="-40810.577519892635"/>
  </node>
  <node id="1571" visible="true" version="1" lat="0.00000000000" lon="0.00000000000">
    <tag k="ele" v="28.813642857142856"/>
    <tag k="local_x" v="-9270.727741401057"/>
    <tag k="local_y" v="-40809.996317705234"/>
  </node>
  <node id="1572" visible="true" version="1" lat="0.00000000000" lon="0.00000000000">
    <tag k="ele" v="28.80167857142857"/>
    <tag k="local_x" v="-9271.464362313904"/>
    <tag k="local_y" v="-40809.36392259776"/>
  </node>
  <node id="1573" visible="true" version="1" lat="0.00000000000" lon="0.00000000000">
    <tag k="ele" v="28.789714285714286"/>
    <tag k="local_x" v="-9272.163309030491"/>
    <tag k="local_y" v="-40808.682871991274"/>
  </node>
  <node id="1574" visible="true" version="1" lat="0.00000000000" lon="0.00000000000">
    <tag k="ele" v="28.777749999999997"/>
    <tag k="local_x" v="-9272.825121780661"/>
    <tag k="local_y" v="-40807.95570330683"/>
  </node>
  <node id="1575" visible="true" version="1" lat="0.00000000000" lon="0.00000000000">
    <tag k="ele" v="28.765785714285713"/>
    <tag k="local_x" v="-9273.450340794247"/>
    <tag k="local_y" v="-40807.184953965465"/>
  </node>
  <node id="1576" visible="true" version="1" lat="0.00000000000" lon="0.00000000000">
    <tag k="ele" v="28.753821428571428"/>
    <tag k="local_x" v="-9274.03950630109"/>
    <tag k="local_y" v="-40806.37316138824"/>
  </node>
  <node id="1577" visible="true" version="1" lat="0.00000000000" lon="0.00000000000">
    <tag k="ele" v="28.741857142857143"/>
    <tag k="local_x" v="-9274.59315853103"/>
    <tag k="local_y" v="-40805.5228629962"/>
  </node>
  <node id="1578" visible="true" version="1" lat="0.00000000000" lon="0.00000000000">
    <tag k="ele" v="28.729892857142854"/>
    <tag k="local_x" v="-9275.111837713906"/>
    <tag k="local_y" v="-40804.636596210396"/>
  </node>
  <node id="1579" visible="true" version="1" lat="0.00000000000" lon="0.00000000000">
    <tag k="ele" v="28.71792857142857"/>
    <tag k="local_x" v="-9275.596084079558"/>
    <tag k="local_y" v="-40803.71689845188"/>
  </node>
  <node id="1580" visible="true" version="1" lat="0.00000000000" lon="0.00000000000">
    <tag k="ele" v="28.705964285714284"/>
    <tag k="local_x" v="-9276.046437857824"/>
    <tag k="local_y" v="-40802.7663071417"/>
  </node>
  <node id="1581" visible="true" version="1" lat="0.00000000000" lon="0.00000000000">
    <tag k="ele" v="28.694"/>
    <tag k="local_x" v="-9276.463439278547"/>
    <tag k="local_y" v="-40801.78735970091"/>
  </node>
  <node id="1582" visible="true" version="1" lat="0.00000000000" lon="0.00000000000">
    <tag k="ele" v="28.682035714285714"/>
    <tag k="local_x" v="-9276.847628571559"/>
    <tag k="local_y" v="-40800.78259355057"/>
  </node>
  <node id="1583" visible="true" version="1" lat="0.00000000000" lon="0.00000000000">
    <tag k="ele" v="28.670071428571426"/>
    <tag k="local_x" v="-9277.199545966709"/>
    <tag k="local_y" v="-40799.7545461117"/>
  </node>
  <node id="1584" visible="true" version="1" lat="0.00000000000" lon="0.00000000000">
    <tag k="ele" v="28.65810714285714"/>
    <tag k="local_x" v="-9277.519731693828"/>
    <tag k="local_y" v="-40798.70575480538"/>
  </node>
  <node id="1585" visible="true" version="1" lat="0.00000000000" lon="0.00000000000">
    <tag k="ele" v="28.646142857142856"/>
    <tag k="local_x" v="-9277.80872598276"/>
    <tag k="local_y" v="-40797.638757052635"/>
  </node>
  <node id="1586" visible="true" version="1" lat="0.00000000000" lon="0.00000000000">
    <tag k="ele" v="28.63417857142857"/>
    <tag k="local_x" v="-9278.067069063343"/>
    <tag k="local_y" v="-40796.55609027454"/>
  </node>
  <node id="1587" visible="true" version="1" lat="0.00000000000" lon="0.00000000000">
    <tag k="ele" v="28.622214285714282"/>
    <tag k="local_x" v="-9278.295301165417"/>
    <tag k="local_y" v="-40795.46029189214"/>
  </node>
  <node id="1588" visible="true" version="1" lat="0.00000000000" lon="0.00000000000">
    <tag k="ele" v="28.610249999999997"/>
    <tag k="local_x" v="-9278.49396251882"/>
    <tag k="local_y" v="-40794.353899326474"/>
  </node>
  <node id="1589" visible="true" version="1" lat="0.00000000000" lon="0.00000000000">
    <tag k="ele" v="28.598285714285712"/>
    <tag k="local_x" v="-9278.663593353393"/>
    <tag k="local_y" v="-40793.239449998604"/>
  </node>
  <node id="1590" visible="true" version="1" lat="0.00000000000" lon="0.00000000000">
    <tag k="ele" v="28.586321428571427"/>
    <tag k="local_x" v="-9278.804733898975"/>
    <tag k="local_y" v="-40792.11948132957"/>
  </node>
  <node id="1591" visible="true" version="1" lat="0.00000000000" lon="0.00000000000">
    <tag k="ele" v="28.574357142857142"/>
    <tag k="local_x" v="-9278.917924385403"/>
    <tag k="local_y" v="-40790.99653074043"/>
  </node>
  <node id="1592" visible="true" version="1" lat="0.00000000000" lon="0.00000000000">
    <tag k="ele" v="28.562392857142854"/>
    <tag k="local_x" v="-9279.00370504252"/>
    <tag k="local_y" v="-40789.87313565223"/>
  </node>
  <node id="1593" visible="true" version="1" lat="0.00000000000" lon="0.00000000000">
    <tag k="ele" v="28.55042857142857"/>
    <tag k="local_x" v="-9279.06261610016"/>
    <tag k="local_y" v="-40788.75183348602"/>
  </node>
  <node id="1594" visible="true" version="1" lat="0.00000000000" lon="0.00000000000">
    <tag k="ele" v="28.538464285714284"/>
    <tag k="local_x" v="-9279.095197788169"/>
    <tag k="local_y" v="-40787.63516166285"/>
  </node>
  <node id="1595" visible="true" version="1" lat="0.00000000000" lon="0.00000000000">
    <tag k="ele" v="28.5265"/>
    <tag k="local_x" v="-9279.101990336383"/>
    <tag k="local_y" v="-40786.52565760377"/>
  </node>
  <node id="1596" visible="true" version="1" lat="0.00000000000" lon="0.00000000000">
    <tag k="ele" v="28.51453571428571"/>
    <tag k="local_x" v="-9279.083533974639"/>
    <tag k="local_y" v="-40785.42585872985"/>
  </node>
  <node id="1597" visible="true" version="1" lat="0.00000000000" lon="0.00000000000">
    <tag k="ele" v="28.502571428571425"/>
    <tag k="local_x" v="-9279.040368932781"/>
    <tag k="local_y" v="-40784.338302462114"/>
  </node>
  <node id="1598" visible="true" version="1" lat="0.00000000000" lon="0.00000000000">
    <tag k="ele" v="28.49060714285714"/>
    <tag k="local_x" v="-9278.973035440647"/>
    <tag k="local_y" v="-40783.26552622162"/>
  </node>
  <node id="1599" visible="true" version="1" lat="0.00000000000" lon="0.00000000000">
    <tag k="ele" v="28.478642857142855"/>
    <tag k="local_x" v="-9278.882073728077"/>
    <tag k="local_y" v="-40782.21006742942"/>
  </node>
  <node id="1600" visible="true" version="1" lat="0.00000000000" lon="0.00000000000">
    <tag k="ele" v="28.466678571428567"/>
    <tag k="local_x" v="-9278.768024024906"/>
    <tag k="local_y" v="-40781.17446350656"/>
  </node>
  <node id="1601" visible="true" version="1" lat="0.00000000000" lon="0.00000000000">
    <tag k="ele" v="28.45471428571428"/>
    <tag k="local_x" v="-9278.631426560978"/>
    <tag k="local_y" v="-40780.161251874095"/>
  </node>
  <node id="1602" visible="true" version="1" lat="0.00000000000" lon="0.00000000000">
    <tag k="ele" v="28.604306818181815"/>
    <tag k="local_x" v="-9306.390420484235"/>
    <tag k="local_y" v="-40787.47759216214"/>
  </node>
  <node id="1603" visible="true" version="1" lat="0.00000000000" lon="0.00000000000">
    <tag k="ele" v="28.596613636363635"/>
    <tag k="local_x" v="-9305.476262465963"/>
    <tag k="local_y" v="-40786.9913659946"/>
  </node>
  <node id="1604" visible="true" version="1" lat="0.00000000000" lon="0.00000000000">
    <tag k="ele" v="28.588920454545452"/>
    <tag k="local_x" v="-9304.51459499165"/>
    <tag k="local_y" v="-40786.541032194735"/>
  </node>
  <node id="1605" visible="true" version="1" lat="0.00000000000" lon="0.00000000000">
    <tag k="ele" v="28.581227272727272"/>
    <tag k="local_x" v="-9303.513949389913"/>
    <tag k="local_y" v="-40786.120452331284"/>
  </node>
  <node id="1606" visible="true" version="1" lat="0.00000000000" lon="0.00000000000">
    <tag k="ele" v="28.57353409090909"/>
    <tag k="local_x" v="-9302.482856989382"/>
    <tag k="local_y" v="-40785.72348797296"/>
  </node>
  <node id="1607" visible="true" version="1" lat="0.00000000000" lon="0.00000000000">
    <tag k="ele" v="28.565840909090905"/>
    <tag k="local_x" v="-9301.42984911867"/>
    <tag k="local_y" v="-40785.3440006885"/>
  </node>
  <node id="1608" visible="true" version="1" lat="0.00000000000" lon="0.00000000000">
    <tag k="ele" v="28.558147727272726"/>
    <tag k="local_x" v="-9300.363457106407"/>
    <tag k="local_y" v="-40784.97585204663"/>
  </node>
  <node id="1609" visible="true" version="1" lat="0.00000000000" lon="0.00000000000">
    <tag k="ele" v="28.550454545454542"/>
    <tag k="local_x" v="-9299.292212281209"/>
    <tag k="local_y" v="-40784.61290361608"/>
  </node>
  <node id="1610" visible="true" version="1" lat="0.00000000000" lon="0.00000000000">
    <tag k="ele" v="28.542761363636362"/>
    <tag k="local_x" v="-9298.2246459717"/>
    <tag k="local_y" v="-40784.24901696557"/>
  </node>
  <node id="1611" visible="true" version="1" lat="0.00000000000" lon="0.00000000000">
    <tag k="ele" v="28.53506818181818"/>
    <tag k="local_x" v="-9297.169289506506"/>
    <tag k="local_y" v="-40783.878053663844"/>
  </node>
  <node id="1612" visible="true" version="1" lat="0.00000000000" lon="0.00000000000">
    <tag k="ele" v="28.527375"/>
    <tag k="local_x" v="-9296.134674214245"/>
    <tag k="local_y" v="-40783.49387527962"/>
  </node>
  <node id="1613" visible="true" version="1" lat="0.00000000000" lon="0.00000000000">
    <tag k="ele" v="28.519681818181816"/>
    <tag k="local_x" v="-9295.129331423537"/>
    <tag k="local_y" v="-40783.09034338164"/>
  </node>
  <node id="1614" visible="true" version="1" lat="0.00000000000" lon="0.00000000000">
    <tag k="ele" v="28.511988636363633"/>
    <tag k="local_x" v="-9294.161792463006"/>
    <tag k="local_y" v="-40782.661319538616"/>
  </node>
  <node id="1615" visible="true" version="1" lat="0.00000000000" lon="0.00000000000">
    <tag k="ele" v="28.504295454545453"/>
    <tag k="local_x" v="-9293.240588661276"/>
    <tag k="local_y" v="-40782.20066531928"/>
  </node>
  <node id="1616" visible="true" version="1" lat="0.00000000000" lon="0.00000000000">
    <tag k="ele" v="28.49660227272727"/>
    <tag k="local_x" v="-9292.374251346966"/>
    <tag k="local_y" v="-40781.70224229236"/>
  </node>
  <node id="1617" visible="true" version="1" lat="0.00000000000" lon="0.00000000000">
    <tag k="ele" v="28.48890909090909"/>
    <tag k="local_x" v="-9291.571311848698"/>
    <tag k="local_y" v="-40781.1599120266"/>
  </node>
  <node id="1618" visible="true" version="1" lat="0.00000000000" lon="0.00000000000">
    <tag k="ele" v="28.481215909090906"/>
    <tag k="local_x" v="-9290.840301495096"/>
    <tag k="local_y" v="-40780.567536090704"/>
  </node>
  <node id="1619" visible="true" version="1" lat="0.00000000000" lon="0.00000000000">
    <tag k="ele" v="28.473522727272723"/>
    <tag k="local_x" v="-9290.18975161478"/>
    <tag k="local_y" v="-40779.91897605342"/>
  </node>
  <node id="1620" visible="true" version="1" lat="0.00000000000" lon="0.00000000000">
    <tag k="ele" v="28.465829545454543"/>
    <tag k="local_x" v="-9289.628193536373"/>
    <tag k="local_y" v="-40779.20809348347"/>
  </node>
  <node id="1621" visible="true" version="1" lat="0.00000000000" lon="0.00000000000">
    <tag k="ele" v="28.45813636363636"/>
    <tag k="local_x" v="-9289.164158588497"/>
    <tag k="local_y" v="-40778.428749949584"/>
  </node>
  <node id="1622" visible="true" version="1" lat="0.00000000000" lon="0.00000000000">
    <tag k="ele" v="28.45044318181818"/>
    <tag k="local_x" v="-9288.806178099774"/>
    <tag k="local_y" v="-40777.574807020486"/>
  </node>
  <node id="1623" visible="true" version="1" lat="0.00000000000" lon="0.00000000000">
    <tag k="ele" v="28.577124999999995"/>
    <tag k="local_x" v="-9305.803166562384"/>
    <tag k="local_y" v="-40789.9576853765"/>
  </node>
  <node id="1624" visible="true" version="1" lat="0.00000000000" lon="0.00000000000">
    <tag k="ele" v="28.571749999999994"/>
    <tag k="local_x" v="-9304.927321136547"/>
    <tag k="local_y" v="-40789.47768976557"/>
  </node>
  <node id="1625" visible="true" version="1" lat="0.00000000000" lon="0.00000000000">
    <tag k="ele" v="28.566374999999997"/>
    <tag k="local_x" v="-9304.010060207569"/>
    <tag k="local_y" v="-40789.02912604558"/>
  </node>
  <node id="1626" visible="true" version="1" lat="0.00000000000" lon="0.00000000000">
    <tag k="ele" v="28.560999999999996"/>
    <tag k="local_x" v="-9303.057334028774"/>
    <tag k="local_y" v="-40788.607692021964"/>
  </node>
  <node id="1627" visible="true" version="1" lat="0.00000000000" lon="0.00000000000">
    <tag k="ele" v="28.555624999999996"/>
    <tag k="local_x" v="-9302.075092853484"/>
    <tag k="local_y" v="-40788.20908550013"/>
  </node>
  <node id="1628" visible="true" version="1" lat="0.00000000000" lon="0.00000000000">
    <tag k="ele" v="28.550249999999995"/>
    <tag k="local_x" v="-9301.069286935019"/>
    <tag k="local_y" v="-40787.82900428552"/>
  </node>
  <node id="1629" visible="true" version="1" lat="0.00000000000" lon="0.00000000000">
    <tag k="ele" v="28.544874999999998"/>
    <tag k="local_x" v="-9300.045866526709"/>
    <tag k="local_y" v="-40787.463146183545"/>
  </node>
  <node id="1630" visible="true" version="1" lat="0.00000000000" lon="0.00000000000">
    <tag k="ele" v="28.539499999999997"/>
    <tag k="local_x" v="-9299.010781881872"/>
    <tag k="local_y" v="-40787.10720899963"/>
  </node>
  <node id="1631" visible="true" version="1" lat="0.00000000000" lon="0.00000000000">
    <tag k="ele" v="28.534124999999996"/>
    <tag k="local_x" v="-9297.969983253835"/>
    <tag k="local_y" v="-40786.7568905392"/>
  </node>
  <node id="1632" visible="true" version="1" lat="0.00000000000" lon="0.00000000000">
    <tag k="ele" v="28.528749999999995"/>
    <tag k="local_x" v="-9296.929420895915"/>
    <tag k="local_y" v="-40786.407888607675"/>
  </node>
  <node id="1633" visible="true" version="1" lat="0.00000000000" lon="0.00000000000">
    <tag k="ele" v="28.523374999999998"/>
    <tag k="local_x" v="-9295.895045061437"/>
    <tag k="local_y" v="-40786.05590101047"/>
  </node>
  <node id="1634" visible="true" version="1" lat="0.00000000000" lon="0.00000000000">
    <tag k="ele" v="28.517999999999997"/>
    <tag k="local_x" v="-9294.87280600373"/>
    <tag k="local_y" v="-40785.69662555302"/>
  </node>
  <node id="1635" visible="true" version="1" lat="0.00000000000" lon="0.00000000000">
    <tag k="ele" v="28.512624999999996"/>
    <tag k="local_x" v="-9293.86865397611"/>
    <tag k="local_y" v="-40785.325760040745"/>
  </node>
  <node id="1636" visible="true" version="1" lat="0.00000000000" lon="0.00000000000">
    <tag k="ele" v="28.507249999999996"/>
    <tag k="local_x" v="-9292.8885392319"/>
    <tag k="local_y" v="-40784.93900227906"/>
  </node>
  <node id="1637" visible="true" version="1" lat="0.00000000000" lon="0.00000000000">
    <tag k="ele" v="28.501874999999995"/>
    <tag k="local_x" v="-9291.93841202443"/>
    <tag k="local_y" v="-40784.532050073394"/>
  </node>
  <node id="1638" visible="true" version="1" lat="0.00000000000" lon="0.00000000000">
    <tag k="ele" v="28.496499999999997"/>
    <tag k="local_x" v="-9291.024222607015"/>
    <tag k="local_y" v="-40784.10060122917"/>
  </node>
  <node id="1639" visible="true" version="1" lat="0.00000000000" lon="0.00000000000">
    <tag k="ele" v="28.491124999999997"/>
    <tag k="local_x" v="-9290.151921232982"/>
    <tag k="local_y" v="-40783.64035355181"/>
  </node>
  <node id="1640" visible="true" version="1" lat="0.00000000000" lon="0.00000000000">
    <tag k="ele" v="28.485749999999996"/>
    <tag k="local_x" v="-9289.327458155654"/>
    <tag k="local_y" v="-40783.14700484673"/>
  </node>
  <node id="1641" visible="true" version="1" lat="0.00000000000" lon="0.00000000000">
    <tag k="ele" v="28.480374999999995"/>
    <tag k="local_x" v="-9288.556783628354"/>
    <tag k="local_y" v="-40782.61625291935"/>
  </node>
  <node id="1642" visible="true" version="1" lat="0.00000000000" lon="0.00000000000">
    <tag k="ele" v="28.474999999999998"/>
    <tag k="local_x" v="-9287.845847904404"/>
    <tag k="local_y" v="-40782.04379557512"/>
  </node>
  <node id="1643" visible="true" version="1" lat="0.00000000000" lon="0.00000000000">
    <tag k="ele" v="28.469624999999997"/>
    <tag k="local_x" v="-9287.200601237126"/>
    <tag k="local_y" v="-40781.42533061943"/>
  </node>
  <node id="1644" visible="true" version="1" lat="0.00000000000" lon="0.00000000000">
    <tag k="ele" v="28.464249999999996"/>
    <tag k="local_x" v="-9286.626993879847"/>
    <tag k="local_y" v="-40780.75655585771"/>
  </node>
  <node id="1645" visible="true" version="1" lat="0.00000000000" lon="0.00000000000">
    <tag k="ele" v="28.458874999999995"/>
    <tag k="local_x" v="-9286.130976085884"/>
    <tag k="local_y" v="-40780.033169095404"/>
  </node>
  <node id="1646" visible="true" version="1" lat="0.00000000000" lon="0.00000000000">
    <tag k="ele" v="28.4535"/>
    <tag k="local_x" v="-9285.718498108568"/>
    <tag k="local_y" v="-40779.250868137904"/>
  </node>
  <node id="1647" visible="true" version="1" lat="0.00000000000" lon="0.00000000000">
    <tag k="ele" v="28.448124999999997"/>
    <tag k="local_x" v="-9285.395510201215"/>
    <tag k="local_y" v="-40778.40535079066"/>
  </node>
  <node id="1648" visible="true" version="1" lat="0.00000000000" lon="0.00000000000">
    <tag k="ele" v="28.60741866625323"/>
    <tag k="local_x" v="-9308.809540943896"/>
    <tag k="local_y" v="-40786.931521694394"/>
  </node>
  <node id="1649" visible="true" version="1" lat="0.00000000000" lon="0.00000000000">
    <tag k="ele" v="28.586570185747142"/>
    <tag k="local_x" v="-9307.015839389403"/>
    <tag k="local_y" v="-40790.85913665345"/>
  </node>
  <node id="1650" visible="true" version="1" lat="0.00000000000" lon="0.00000000000">
    <tag k="ele" v="28.911162630783075"/>
    <tag k="local_x" v="-9267.688864511752"/>
    <tag k="local_y" v="-40819.90077387065"/>
  </node>
  <node id="1651" visible="true" version="1" lat="0.00000000000" lon="0.00000000000">
    <tag k="ele" v="28.915444574558176"/>
    <tag k="local_x" v="-9266.860894075371"/>
    <tag k="local_y" v="-40814.52852163915"/>
  </node>
  <node id="1652" visible="true" version="1" lat="0.00000000000" lon="0.00000000000">
    <tag k="ele" v="33.84121999999999"/>
    <tag k="local_x" v="-9310.137099185085"/>
    <tag k="local_y" v="-40809.73814735909"/>
  </node>
  <node id="1653" visible="true" version="1" lat="0.00000000000" lon="0.00000000000">
    <tag k="ele" v="33.84121999999999"/>
    <tag k="local_x" v="-9310.327856952516"/>
    <tag k="local_y" v="-40810.846378063834"/>
  </node>
  <node id="1654" visible="true" version="1" lat="0.00000000000" lon="0.00000000000">
    <tag k="ele" v="34.05522"/>
    <tag k="local_x" v="-9271.352001342728"/>
    <tag k="local_y" v="-40818.063217688046"/>
  </node>
  <node id="1655" visible="true" version="1" lat="0.00000000000" lon="0.00000000000">
    <tag k="ele" v="34.05522"/>
    <tag k="local_x" v="-9270.568936179796"/>
    <tag k="local_y" v="-40817.10927238395"/>
  </node>
  <node id="1656" visible="true" version="1" lat="0.00000000000" lon="0.00000000000">
    <tag k="ele" v="30.701639999999998"/>
    <tag k="local_x" v="-9303.706211007926"/>
    <tag k="local_y" v="-40796.73860413631"/>
  </node>
  <node id="1657" visible="true" version="1" lat="0.00000000000" lon="0.00000000000">
    <tag k="ele" v="30.701639999999998"/>
    <tag k="local_x" v="-9304.010736148011"/>
    <tag k="local_y" v="-40797.37687792209"/>
  </node>
  <node id="1658" visible="true" version="1" lat="0.00000000000" lon="0.00000000000">
    <tag k="ele" v="30.770615"/>
    <tag k="local_x" v="-9299.174377276633"/>
    <tag k="local_y" v="-40784.163458715695"/>
  </node>
  <node id="1659" visible="true" version="1" lat="0.00000000000" lon="0.00000000000">
    <tag k="ele" v="30.770615"/>
    <tag k="local_x" v="-9299.446704709519"/>
    <tag k="local_y" v="-40784.81052697227"/>
  </node>
  <node id="1660" visible="true" version="1" lat="0.00000000000" lon="0.00000000000">
    <tag k="ele" v="28.827784787134295"/>
    <tag k="local_x" v="-9310.145012784511"/>
    <tag k="local_y" v="-40808.71424509223"/>
  </node>
  <node id="1661" visible="true" version="1" lat="0.00000000000" lon="0.00000000000">
    <tag k="ele" v="28.811017704528304"/>
    <tag k="local_x" v="-9309.081583804134"/>
    <tag k="local_y" v="-40806.78802619949"/>
  </node>
  <node id="1662" visible="true" version="1" lat="0.00000000000" lon="0.00000000000">
    <tag k="ele" v="28.8124414415758"/>
    <tag k="local_x" v="-9314.480948155133"/>
    <tag k="local_y" v="-40806.4087873606"/>
  </node>
  <node id="1663" visible="true" version="1" lat="0.00000000000" lon="0.00000000000">
    <tag k="ele" v="28.795599262422005"/>
    <tag k="local_x" v="-9313.43874099868"/>
    <tag k="local_y" v="-40804.47128462391"/>
  </node>
  <node id="1664" visible="true" version="1" lat="0.00000000000" lon="0.00000000000">
    <tag k="ele" v="28.817903464699555"/>
    <tag k="local_x" v="-9298.224667570936"/>
    <tag k="local_y" v="-40822.56945667199"/>
  </node>
  <node id="1665" visible="true" version="1" lat="0.00000000000" lon="0.00000000000">
    <tag k="ele" v="28.781143108306605"/>
    <tag k="local_x" v="-9300.84770105541"/>
    <tag k="local_y" v="-40820.917239992144"/>
  </node>
  <node id="1666" visible="true" version="1" lat="0.00000000000" lon="0.00000000000">
    <tag k="ele" v="28.755708157335672"/>
    <tag k="local_x" v="-9302.619615082405"/>
    <tag k="local_y" v="-40820.356151345404"/>
  </node>
  <node id="1667" visible="true" version="1" lat="0.00000000000" lon="0.00000000000">
    <tag k="ele" v="28.73835596506721"/>
    <tag k="local_x" v="-9303.899748655826"/>
    <tag k="local_y" v="-40819.00804945809"/>
  </node>
  <node id="1668" visible="true" version="1" lat="0.00000000000" lon="0.00000000000">
    <tag k="ele" v="28.704301217338404"/>
    <tag k="local_x" v="-9306.308304038454"/>
    <tag k="local_y" v="-40817.76742803206"/>
  </node>
  <node id="1669" visible="true" version="1" lat="0.00000000000" lon="0.00000000000">
    <tag k="ele" v="28.69354031752211"/>
    <tag k="local_x" v="-9307.03782156357"/>
    <tag k="local_y" v="-40817.80265216816"/>
  </node>
  <node id="1670" visible="true" version="1" lat="0.00000000000" lon="0.00000000000">
    <tag k="ele" v="28.687569383343963"/>
    <tag k="local_x" v="-9307.513297791196"/>
    <tag k="local_y" v="-40816.865201269655"/>
  </node>
  <node id="1671" visible="true" version="1" lat="0.00000000000" lon="0.00000000000">
    <tag k="ele" v="28.638000574708315"/>
    <tag k="local_x" v="-9311.02782360113"/>
    <tag k="local_y" v="-40814.9412986173"/>
  </node>
  <node id="1672" visible="true" version="1" lat="0.00000000000" lon="0.00000000000">
    <tag k="ele" v="28.776846249990562"/>
    <tag k="local_x" v="-9300.722717607498"/>
    <tag k="local_y" v="-40826.56717240077"/>
  </node>
  <node id="1673" visible="true" version="1" lat="0.00000000000" lon="0.00000000000">
    <tag k="ele" v="28.770901478429906"/>
    <tag k="local_x" v="-9301.146741655575"/>
    <tag k="local_y" v="-40826.302212768656"/>
  </node>
  <node id="1674" visible="true" version="1" lat="0.00000000000" lon="0.00000000000">
    <tag k="ele" v="28.770121175556294"/>
    <tag k="local_x" v="-9301.256543190413"/>
    <tag k="local_y" v="-40825.5343919988"/>
  </node>
  <node id="1675" visible="true" version="1" lat="0.00000000000" lon="0.00000000000">
    <tag k="ele" v="28.745639546796607"/>
    <tag k="local_x" v="-9303.007849369335"/>
    <tag k="local_y" v="-40824.37419992677"/>
  </node>
  <node id="1676" visible="true" version="1" lat="0.00000000000" lon="0.00000000000">
    <tag k="ele" v="28.73594364507228"/>
    <tag k="local_x" v="-9303.672569061928"/>
    <tag k="local_y" v="-40824.30572585408"/>
  </node>
  <node id="1677" visible="true" version="1" lat="0.00000000000" lon="0.00000000000">
    <tag k="ele" v="28.59951872734658"/>
    <tag k="local_x" v="-9313.369180190715"/>
    <tag k="local_y" v="-40818.68825241241"/>
  </node>
  <node id="1678" visible="true" version="1" lat="0.00000000000" lon="0.00000000000">
    <tag k="ele" v="28.693004694384665"/>
    <tag k="local_x" v="-9303.56204990437"/>
    <tag k="local_y" v="-40793.029645770206"/>
  </node>
  <node id="1679" visible="true" version="1" lat="0.00000000000" lon="0.00000000000">
    <tag k="ele" v="28.684391388743705"/>
    <tag k="local_x" v="-9302.679710004402"/>
    <tag k="local_y" v="-40792.07449883885"/>
  </node>
  <node id="1680" visible="true" version="1" lat="0.00000000000" lon="0.00000000000">
    <tag k="ele" v="28.67086724559921"/>
    <tag k="local_x" v="-9302.48763208444"/>
    <tag k="local_y" v="-40790.452773661724"/>
  </node>
  <node id="1681" visible="true" version="1" lat="0.00000000000" lon="0.00000000000">
    <tag k="ele" v="28.653049466703873"/>
    <tag k="local_x" v="-9301.289050032798"/>
    <tag k="local_y" v="-40788.41285463534"/>
  </node>
  <node id="1682" visible="true" version="1" lat="0.00000000000" lon="0.00000000000">
    <tag k="ele" v="28.644518488889215"/>
    <tag k="local_x" v="-9301.03914338484"/>
    <tag k="local_y" v="-40787.40303944811"/>
  </node>
  <node id="1683" visible="true" version="1" lat="0.00000000000" lon="0.00000000000">
    <tag k="ele" v="28.66774862409451"/>
    <tag k="local_x" v="-9307.112015683753"/>
    <tag k="local_y" v="-40789.601483666105"/>
  </node>
  <node id="1684" visible="true" version="1" lat="0.00000000000" lon="0.00000000000">
    <tag k="ele" v="28.646216703296396"/>
    <tag k="local_x" v="-9305.952485508304"/>
    <tag k="local_y" v="-40787.10680360394"/>
  </node>
  <node id="1685" visible="true" version="1" lat="0.00000000000" lon="0.00000000000">
    <tag k="ele" v="28.62472785043328"/>
    <tag k="local_x" v="-9303.820894008097"/>
    <tag k="local_y" v="-40784.71673409692"/>
  </node>
  <node id="1686" visible="true" version="1" lat="0.00000000000" lon="0.00000000000">
    <tag k="ele" v="28.680845175281142"/>
    <tag k="local_x" v="-9285.734540919506"/>
    <tag k="local_y" v="-40829.145077022615"/>
  </node>
  <node id="1687" visible="true" version="1" lat="0.00000000000" lon="0.00000000000">
    <tag k="ele" v="28.76861729157975"/>
    <tag k="local_x" v="-9293.653060858494"/>
    <tag k="local_y" v="-40824.07880670076"/>
  </node>
  <node id="1688" visible="true" version="1" lat="0.00000000000" lon="0.00000000000">
    <tag k="ele" v="28.783630619610037"/>
    <tag k="local_x" v="-9295.336370297153"/>
    <tag k="local_y" v="-40823.37592107186"/>
  </node>
  <node id="1689" visible="true" version="1" lat="0.00000000000" lon="0.00000000000">
    <tag k="ele" v="28.656528306119014"/>
    <tag k="local_x" v="-9287.997987928475"/>
    <tag k="local_y" v="-40832.767349425725"/>
  </node>
  <node id="1690" visible="true" version="1" lat="0.00000000000" lon="0.00000000000">
    <tag k="ele" v="28.75968947134773"/>
    <tag k="local_x" v="-9297.564844697548"/>
    <tag k="local_y" v="-40826.9422256019"/>
  </node>
  <node id="1691" visible="true" version="1" lat="0.00000000000" lon="0.00000000000">
    <tag k="ele" v="28.573625458366614"/>
    <tag k="local_x" v="-9286.980252564135"/>
    <tag k="local_y" v="-40781.61371705064"/>
  </node>
  <node id="1692" visible="true" version="1" lat="0.00000000000" lon="0.00000000000">
    <tag k="ele" v="28.53199021478862"/>
    <tag k="local_x" v="-9291.32133213248"/>
    <tag k="local_y" v="-40780.318735509965"/>
  </node>
  <node id="1693" visible="true" version="1" lat="0.00000000000" lon="0.00000000000">
    <tag k="ele" v="28.513284235995688"/>
    <tag k="local_x" v="-9294.299915031675"/>
    <tag k="local_y" v="-40779.93480710497"/>
  </node>
  <node id="1694" visible="true" version="1" lat="0.00000000000" lon="0.00000000000">
    <tag k="ele" v="28.5130163738481"/>
    <tag k="local_x" v="-9295.24339921755"/>
    <tag k="local_y" v="-40780.10267838059"/>
  </node>
  <node id="1695" visible="true" version="1" lat="0.00000000000" lon="0.00000000000">
    <tag k="ele" v="28.641691144501824"/>
    <tag k="local_x" v="-9287.615947810626"/>
    <tag k="local_y" v="-40785.218923944885"/>
  </node>
  <node id="1696" visible="true" version="1" lat="0.00000000000" lon="0.00000000000">
    <tag k="ele" v="28.628491081585636"/>
    <tag k="local_x" v="-9289.699967001292"/>
    <tag k="local_y" v="-40784.94456607804"/>
  </node>
  <node id="1697" visible="true" version="1" lat="0.00000000000" lon="0.00000000000">
    <tag k="ele" v="28.61591074645683"/>
    <tag k="local_x" v="-9290.528459610776"/>
    <tag k="local_y" v="-40784.46028771707"/>
  </node>
  <node id="1698" visible="true" version="1" lat="0.00000000000" lon="0.00000000000">
    <tag k="ele" v="28.582415274760603"/>
    <tag k="local_x" v="-9295.891545940616"/>
    <tag k="local_y" v="-40783.77850110756"/>
  </node>
  <node id="1699" visible="true" version="1" lat="0.00000000000" lon="0.00000000000">
    <tag k="ele" v="28.437482104184436"/>
    <tag k="local_x" v="-9270.02863969505"/>
    <tag k="local_y" v="-40786.86699423943"/>
  </node>
  <node id="1700" visible="true" version="1" lat="0.00000000000" lon="0.00000000000">
    <tag k="ele" v="28.505464502450366"/>
    <tag k="local_x" v="-9275.204708816582"/>
    <tag k="local_y" v="-40785.24591941571"/>
  </node>
  <node id="1701" visible="true" version="1" lat="0.00000000000" lon="0.00000000000">
    <tag k="ele" v="28.573336898681134"/>
    <tag k="local_x" v="-9279.815664862912"/>
    <tag k="local_y" v="-40784.33301064446"/>
  </node>
  <node id="1702" visible="true" version="1" lat="0.00000000000" lon="0.00000000000">
    <tag k="ele" v="28.513760794347824"/>
    <tag k="local_x" v="-9270.956504726106"/>
    <tag k="local_y" v="-40791.23225600207"/>
  </node>
  <node id="1703" visible="true" version="1" lat="0.00000000000" lon="0.00000000000">
    <tag k="ele" v="28.6314912065127"/>
    <tag k="local_x" v="-9279.153894439338"/>
    <tag k="local_y" v="-40789.39617397022"/>
  </node>
  <node id="1704" visible="true" version="1" lat="0.00000000000" lon="0.00000000000">
    <tag k="ele" v="28.650677585731568"/>
    <tag k="local_x" v="-9280.75644817786"/>
    <tag k="local_y" v="-40788.75904815447"/>
  </node>
  <node id="1705" visible="true" version="1" lat="0.00000000000" lon="0.00000000000">
    <tag k="ele" v="28.771602048643896"/>
    <tag k="local_x" v="-9270.911185924957"/>
    <tag k="local_y" v="-40817.131095060155"/>
  </node>
  <node id="1706" visible="true" version="1" lat="0.00000000000" lon="0.00000000000">
    <tag k="ele" v="28.770145546490454"/>
    <tag k="local_x" v="-9270.867537853037"/>
    <tag k="local_y" v="-40815.82852189394"/>
  </node>
  <node id="1707" visible="true" version="1" lat="0.00000000000" lon="0.00000000000">
    <tag k="ele" v="28.768397061584285"/>
    <tag k="local_x" v="-9270.219575690426"/>
    <tag k="local_y" v="-40814.48891387014"/>
  </node>
  <node id="1708" visible="true" version="1" lat="0.00000000000" lon="0.00000000000">
    <tag k="ele" v="28.766946262792285"/>
    <tag k="local_x" v="-9270.194975044398"/>
    <tag k="local_y" v="-40813.18433873879"/>
  </node>
  <node id="1709" visible="true" version="1" lat="0.00000000000" lon="0.00000000000">
    <tag k="ele" v="28.764670434714127"/>
    <tag k="local_x" v="-9269.269117581147"/>
    <tag k="local_y" v="-40811.47173537622"/>
  </node>
  <node id="1710" visible="true" version="1" lat="0.00000000000" lon="0.00000000000">
    <tag k="ele" v="28.763947291447394"/>
    <tag k="local_x" v="-9268.70812788963"/>
    <tag k="local_y" v="-40811.02794362896"/>
  </node>
  <node id="1711" visible="true" version="1" lat="0.00000000000" lon="0.00000000000">
    <tag k="ele" v="28.76288180638175"/>
    <tag k="local_x" v="-9268.48708905369"/>
    <tag k="local_y" v="-40810.146218295165"/>
  </node>
  <node id="1712" visible="true" version="1" lat="0.00000000000" lon="0.00000000000">
    <tag k="ele" v="28.761472939247"/>
    <tag k="local_x" v="-9268.602526899405"/>
    <tag k="local_y" v="-40808.82692452524"/>
  </node>
  <node id="1713" visible="true" version="1" lat="0.00000000000" lon="0.00000000000">
    <tag k="ele" v="28.760809549129373"/>
    <tag k="local_x" v="-9268.241093853789"/>
    <tag k="local_y" v="-40808.362158529315"/>
  </node>
  <node id="1714" visible="true" version="1" lat="0.00000000000" lon="0.00000000000">
    <tag k="ele" v="28.756229424745964"/>
    <tag k="local_x" v="-9267.77756838052"/>
    <tag k="local_y" v="-40804.388843901455"/>
  </node>
  <node id="1715" visible="true" version="1" lat="0.00000000000" lon="0.00000000000">
    <tag k="ele" v="28.772576445803377"/>
    <tag k="local_x" v="-9274.165364689117"/>
    <tag k="local_y" v="-40816.78906708973"/>
  </node>
  <node id="1716" visible="true" version="1" lat="0.00000000000" lon="0.00000000000">
    <tag k="ele" v="28.763896237264827"/>
    <tag k="local_x" v="-9273.358232151113"/>
    <tag k="local_y" v="-40809.232037213216"/>
  </node>
  <node id="1717" visible="true" version="1" lat="0.00000000000" lon="0.00000000000">
    <tag k="ele" v="28.76103492584406"/>
    <tag k="local_x" v="-9272.331125665132"/>
    <tag k="local_y" v="-40807.027321411966"/>
  </node>
  <node id="1718" visible="true" version="1" lat="0.00000000000" lon="0.00000000000">
    <tag k="ele" v="28.758424732904647"/>
    <tag k="local_x" v="-9271.771859509798"/>
    <tag k="local_y" v="-40804.87398443849"/>
  </node>
  <node id="1719" visible="true" version="1" lat="0.00000000000" lon="0.00000000000">
    <tag k="ele" v="28.757686073860945"/>
    <tag k="local_x" v="-9271.15905202364"/>
    <tag k="local_y" v="-40804.43563896091"/>
  </node>
  <node id="1720" visible="true" version="1" lat="0.00000000000" lon="0.00000000000">
    <tag k="ele" v="28.757229421180533"/>
    <tag k="local_x" v="-9271.117240638334"/>
    <tag k="local_y" v="-40804.03783020276"/>
  </node>
  <way id="1" visible="true" version="1">
    <nd ref="188"/>
    <nd ref="189"/>
    <nd ref="190"/>
    <nd ref="191"/>
    <tag k="subtype" v="solid"/>
    <tag k="type" v="line_thin"/>
  </way>
  <way id="2" visible="true" version="1">
    <nd ref="192"/>
    <nd ref="193"/>
    <nd ref="194"/>
    <nd ref="195"/>
    <tag k="subtype" v="dashed"/>
    <tag k="type" v="line_thin"/>
  </way>
  <way id="3" visible="true" version="1">
    <nd ref="196"/>
    <nd ref="197"/>
    <nd ref="198"/>
    <nd ref="199"/>
    <tag k="subtype" v="dashed"/>
    <tag k="type" v="line_thin"/>
  </way>
  <way id="4" visible="true" version="1">
    <nd ref="200"/>
    <nd ref="201"/>
    <nd ref="202"/>
    <nd ref="203"/>
    <tag k="subtype" v="solid"/>
    <tag k="type" v="line_thin"/>
  </way>
  <way id="5" visible="true" version="1">
    <nd ref="204"/>
    <nd ref="205"/>
    <nd ref="206"/>
    <nd ref="207"/>
    <tag k="subtype" v="dashed"/>
    <tag k="type" v="line_thin"/>
  </way>
  <way id="6" visible="true" version="1">
    <nd ref="208"/>
    <nd ref="209"/>
    <nd ref="210"/>
    <nd ref="211"/>
    <tag k="subtype" v="dashed"/>
    <tag k="type" v="line_thin"/>
  </way>
  <way id="7" visible="true" version="1">
    <nd ref="212"/>
    <nd ref="213"/>
    <nd ref="214"/>
    <nd ref="215"/>
    <tag k="subtype" v="solid"/>
    <tag k="type" v="line_thin"/>
  </way>
  <way id="14" visible="true" version="1">
    <nd ref="216"/>
    <nd ref="217"/>
    <nd ref="218"/>
    <nd ref="219"/>
    <nd ref="220"/>
    <nd ref="221"/>
    <nd ref="222"/>
    <nd ref="223"/>
    <nd ref="224"/>
    <nd ref="225"/>
    <nd ref="226"/>
    <nd ref="227"/>
    <nd ref="228"/>
    <nd ref="229"/>
    <nd ref="230"/>
    <nd ref="231"/>
    <tag k="subtype" v="solid"/>
    <tag k="type" v="line_thin"/>
  </way>
  <way id="15" visible="true" version="1">
    <nd ref="232"/>
    <nd ref="233"/>
    <nd ref="234"/>
    <nd ref="235"/>
    <nd ref="236"/>
    <nd ref="237"/>
    <nd ref="238"/>
    <nd ref="239"/>
    <nd ref="240"/>
    <nd ref="241"/>
    <nd ref="242"/>
    <nd ref="243"/>
    <nd ref="244"/>
    <nd ref="245"/>
    <nd ref="246"/>
    <nd ref="247"/>
    <tag k="subtype" v="dashed"/>
    <tag k="type" v="line_thin"/>
  </way>
  <way id="16" visible="true" version="1">
    <nd ref="248"/>
    <nd ref="249"/>
    <nd ref="250"/>
    <nd ref="251"/>
    <nd ref="252"/>
    <nd ref="253"/>
    <nd ref="254"/>
    <nd ref="255"/>
    <nd ref="256"/>
    <nd ref="257"/>
    <nd ref="258"/>
    <nd ref="259"/>
    <nd ref="260"/>
    <nd ref="261"/>
    <nd ref="262"/>
    <nd ref="263"/>
    <tag k="subtype" v="dashed"/>
    <tag k="type" v="line_thin"/>
  </way>
  <way id="17" visible="true" version="1">
    <nd ref="264"/>
    <nd ref="265"/>
    <nd ref="266"/>
    <nd ref="267"/>
    <nd ref="268"/>
    <nd ref="269"/>
    <nd ref="270"/>
    <nd ref="271"/>
    <nd ref="272"/>
    <nd ref="273"/>
    <nd ref="274"/>
    <nd ref="275"/>
    <nd ref="276"/>
    <nd ref="277"/>
    <nd ref="278"/>
    <nd ref="279"/>
    <tag k="subtype" v="solid"/>
    <tag k="type" v="line_thin"/>
  </way>
  <way id="18" visible="true" version="1">
    <nd ref="280"/>
    <nd ref="281"/>
    <nd ref="282"/>
    <nd ref="283"/>
    <nd ref="284"/>
    <nd ref="285"/>
    <nd ref="286"/>
    <nd ref="287"/>
    <nd ref="288"/>
    <nd ref="289"/>
    <nd ref="290"/>
    <nd ref="291"/>
    <nd ref="292"/>
    <nd ref="293"/>
    <nd ref="294"/>
    <nd ref="295"/>
    <tag k="subtype" v="dashed"/>
    <tag k="type" v="line_thin"/>
  </way>
  <way id="19" visible="true" version="1">
    <nd ref="296"/>
    <nd ref="297"/>
    <nd ref="298"/>
    <nd ref="299"/>
    <nd ref="300"/>
    <nd ref="301"/>
    <nd ref="302"/>
    <nd ref="303"/>
    <nd ref="304"/>
    <nd ref="305"/>
    <nd ref="306"/>
    <nd ref="307"/>
    <nd ref="308"/>
    <nd ref="309"/>
    <nd ref="310"/>
    <nd ref="311"/>
    <tag k="subtype" v="dashed"/>
    <tag k="type" v="line_thin"/>
  </way>
  <way id="20" visible="true" version="1">
    <nd ref="312"/>
    <nd ref="313"/>
    <nd ref="314"/>
    <nd ref="315"/>
    <nd ref="316"/>
    <nd ref="317"/>
    <nd ref="318"/>
    <nd ref="319"/>
    <nd ref="320"/>
    <nd ref="321"/>
    <nd ref="322"/>
    <nd ref="323"/>
    <nd ref="324"/>
    <nd ref="325"/>
    <nd ref="326"/>
    <nd ref="327"/>
    <tag k="subtype" v="solid"/>
    <tag k="type" v="line_thin"/>
  </way>
  <way id="27" visible="true" version="1">
    <nd ref="328"/>
    <nd ref="329"/>
    <nd ref="330"/>
    <nd ref="331"/>
    <nd ref="332"/>
    <nd ref="333"/>
    <nd ref="334"/>
    <tag k="subtype" v="solid"/>
    <tag k="type" v="line_thin"/>
  </way>
  <way id="28" visible="true" version="1">
    <nd ref="335"/>
    <nd ref="336"/>
    <nd ref="337"/>
    <nd ref="338"/>
    <nd ref="339"/>
    <nd ref="340"/>
    <nd ref="341"/>
    <tag k="subtype" v="dashed"/>
    <tag k="type" v="line_thin"/>
  </way>
  <way id="29" visible="true" version="1">
    <nd ref="342"/>
    <nd ref="343"/>
    <nd ref="344"/>
    <nd ref="345"/>
    <nd ref="346"/>
    <nd ref="347"/>
    <nd ref="348"/>
    <tag k="subtype" v="dashed"/>
    <tag k="type" v="line_thin"/>
  </way>
  <way id="30" visible="true" version="1">
    <nd ref="349"/>
    <nd ref="350"/>
    <nd ref="351"/>
    <nd ref="352"/>
    <nd ref="353"/>
    <nd ref="354"/>
    <nd ref="355"/>
    <tag k="subtype" v="solid"/>
    <tag k="type" v="line_thin"/>
  </way>
  <way id="31" visible="true" version="1">
    <nd ref="356"/>
    <nd ref="357"/>
    <nd ref="358"/>
    <nd ref="359"/>
    <nd ref="360"/>
    <nd ref="361"/>
    <nd ref="362"/>
    <tag k="subtype" v="dashed"/>
    <tag k="type" v="line_thin"/>
  </way>
  <way id="32" visible="true" version="1">
    <nd ref="363"/>
    <nd ref="364"/>
    <nd ref="365"/>
    <nd ref="366"/>
    <nd ref="367"/>
    <nd ref="368"/>
    <nd ref="369"/>
    <tag k="subtype" v="dashed"/>
    <tag k="type" v="line_thin"/>
  </way>
  <way id="33" visible="true" version="1">
    <nd ref="370"/>
    <nd ref="371"/>
    <nd ref="372"/>
    <nd ref="373"/>
    <nd ref="374"/>
    <nd ref="375"/>
    <nd ref="376"/>
    <tag k="subtype" v="solid"/>
    <tag k="type" v="line_thin"/>
  </way>
  <way id="40" visible="true" version="1">
    <nd ref="377"/>
    <nd ref="378"/>
    <nd ref="379"/>
    <nd ref="380"/>
    <nd ref="381"/>
    <nd ref="382"/>
    <nd ref="383"/>
    <nd ref="384"/>
    <nd ref="385"/>
    <nd ref="386"/>
    <nd ref="387"/>
    <tag k="subtype" v="solid"/>
    <tag k="type" v="line_thin"/>
  </way>
  <way id="41" visible="true" version="1">
    <nd ref="388"/>
    <nd ref="389"/>
    <nd ref="390"/>
    <nd ref="391"/>
    <nd ref="392"/>
    <nd ref="393"/>
    <nd ref="394"/>
    <nd ref="395"/>
    <nd ref="396"/>
    <nd ref="397"/>
    <nd ref="398"/>
    <tag k="subtype" v="dashed"/>
    <tag k="type" v="line_thin"/>
  </way>
  <way id="42" visible="true" version="1">
    <nd ref="399"/>
    <nd ref="400"/>
    <nd ref="401"/>
    <nd ref="402"/>
    <nd ref="403"/>
    <nd ref="404"/>
    <nd ref="405"/>
    <nd ref="406"/>
    <nd ref="407"/>
    <nd ref="408"/>
    <nd ref="409"/>
    <tag k="subtype" v="dashed"/>
    <tag k="type" v="line_thin"/>
  </way>
  <way id="43" visible="true" version="1">
    <nd ref="410"/>
    <nd ref="411"/>
    <nd ref="412"/>
    <nd ref="413"/>
    <nd ref="414"/>
    <nd ref="415"/>
    <nd ref="416"/>
    <nd ref="417"/>
    <nd ref="418"/>
    <nd ref="419"/>
    <nd ref="420"/>
    <tag k="subtype" v="solid"/>
    <tag k="type" v="line_thin"/>
  </way>
  <way id="44" visible="true" version="1">
    <nd ref="421"/>
    <nd ref="422"/>
    <nd ref="423"/>
    <nd ref="424"/>
    <nd ref="425"/>
    <nd ref="426"/>
    <nd ref="427"/>
    <nd ref="428"/>
    <nd ref="429"/>
    <nd ref="430"/>
    <nd ref="431"/>
    <tag k="subtype" v="dashed"/>
    <tag k="type" v="line_thin"/>
  </way>
  <way id="45" visible="true" version="1">
    <nd ref="432"/>
    <nd ref="433"/>
    <nd ref="434"/>
    <nd ref="435"/>
    <nd ref="436"/>
    <nd ref="437"/>
    <nd ref="438"/>
    <nd ref="439"/>
    <nd ref="440"/>
    <nd ref="441"/>
    <nd ref="442"/>
    <tag k="subtype" v="dashed"/>
    <tag k="type" v="line_thin"/>
  </way>
  <way id="46" visible="true" version="1">
    <nd ref="443"/>
    <nd ref="444"/>
    <nd ref="445"/>
    <nd ref="446"/>
    <nd ref="447"/>
    <nd ref="448"/>
    <nd ref="449"/>
    <nd ref="450"/>
    <nd ref="451"/>
    <nd ref="452"/>
    <nd ref="453"/>
    <tag k="subtype" v="solid"/>
    <tag k="type" v="line_thin"/>
  </way>
  <way id="53" visible="true" version="1">
    <nd ref="454"/>
    <nd ref="455"/>
    <nd ref="456"/>
    <nd ref="457"/>
    <nd ref="458"/>
    <tag k="subtype" v="solid"/>
    <tag k="type" v="line_thin"/>
  </way>
  <way id="54" visible="true" version="1">
    <nd ref="459"/>
    <nd ref="460"/>
    <nd ref="461"/>
    <nd ref="462"/>
    <nd ref="463"/>
    <tag k="subtype" v="dashed"/>
    <tag k="type" v="line_thin"/>
  </way>
  <way id="55" visible="true" version="1">
    <nd ref="464"/>
    <nd ref="465"/>
    <nd ref="466"/>
    <nd ref="467"/>
    <nd ref="468"/>
    <tag k="subtype" v="dashed"/>
    <tag k="type" v="line_thin"/>
  </way>
  <way id="56" visible="true" version="1">
    <nd ref="469"/>
    <nd ref="470"/>
    <nd ref="471"/>
    <nd ref="472"/>
    <nd ref="473"/>
    <tag k="subtype" v="solid"/>
    <tag k="type" v="line_thin"/>
  </way>
  <way id="57" visible="true" version="1">
    <nd ref="474"/>
    <nd ref="475"/>
    <nd ref="476"/>
    <nd ref="477"/>
    <nd ref="478"/>
    <tag k="subtype" v="dashed"/>
    <tag k="type" v="line_thin"/>
  </way>
  <way id="58" visible="true" version="1">
    <nd ref="479"/>
    <nd ref="480"/>
    <nd ref="481"/>
    <nd ref="482"/>
    <nd ref="483"/>
    <tag k="subtype" v="dashed"/>
    <tag k="type" v="line_thin"/>
  </way>
  <way id="59" visible="true" version="1">
    <nd ref="484"/>
    <nd ref="485"/>
    <nd ref="486"/>
    <nd ref="487"/>
    <nd ref="488"/>
    <tag k="subtype" v="solid"/>
    <tag k="type" v="line_thin"/>
  </way>
  <way id="66" visible="true" version="1">
    <nd ref="489"/>
    <nd ref="490"/>
    <nd ref="491"/>
    <nd ref="492"/>
    <nd ref="493"/>
    <tag k="subtype" v="solid"/>
    <tag k="type" v="line_thin"/>
  </way>
  <way id="67" visible="true" version="1">
    <nd ref="494"/>
    <nd ref="495"/>
    <nd ref="496"/>
    <nd ref="497"/>
    <nd ref="498"/>
    <tag k="subtype" v="solid"/>
    <tag k="type" v="line_thin"/>
  </way>
  <way id="68" visible="true" version="1">
    <nd ref="499"/>
    <nd ref="500"/>
    <nd ref="501"/>
    <nd ref="502"/>
    <nd ref="503"/>
    <tag k="subtype" v="solid"/>
    <tag k="type" v="line_thin"/>
  </way>
  <way id="71" visible="true" version="1">
    <nd ref="504"/>
    <nd ref="505"/>
    <nd ref="506"/>
    <nd ref="507"/>
    <tag k="subtype" v="solid"/>
    <tag k="type" v="line_thin"/>
  </way>
  <way id="72" visible="true" version="1">
    <nd ref="508"/>
    <nd ref="509"/>
    <nd ref="510"/>
    <nd ref="511"/>
    <tag k="subtype" v="dashed"/>
    <tag k="type" v="line_thin"/>
  </way>
  <way id="73" visible="true" version="1">
    <nd ref="512"/>
    <nd ref="513"/>
    <nd ref="514"/>
    <nd ref="515"/>
    <tag k="subtype" v="solid"/>
    <tag k="type" v="line_thin"/>
  </way>
  <way id="74" visible="true" version="1">
    <nd ref="516"/>
    <nd ref="517"/>
    <nd ref="518"/>
    <nd ref="519"/>
    <tag k="subtype" v="dashed"/>
    <tag k="type" v="line_thin"/>
  </way>
  <way id="75" visible="true" version="1">
    <nd ref="520"/>
    <nd ref="521"/>
    <nd ref="522"/>
    <nd ref="523"/>
    <tag k="subtype" v="solid"/>
    <tag k="type" v="line_thin"/>
  </way>
  <way id="80" visible="true" version="1">
    <nd ref="524"/>
    <nd ref="525"/>
    <nd ref="526"/>
    <tag k="subtype" v="solid"/>
    <tag k="type" v="line_thin"/>
  </way>
  <way id="81" visible="true" version="1">
    <nd ref="527"/>
    <nd ref="528"/>
    <nd ref="529"/>
    <tag k="subtype" v="solid"/>
    <tag k="type" v="line_thin"/>
  </way>
  <way id="82" visible="true" version="1">
    <nd ref="530"/>
    <nd ref="531"/>
    <nd ref="532"/>
    <tag k="subtype" v="solid"/>
    <tag k="type" v="line_thin"/>
  </way>
  <way id="85" visible="true" version="1">
    <nd ref="231"/>
    <nd ref="533"/>
    <nd ref="534"/>
    <nd ref="535"/>
    <nd ref="536"/>
    <nd ref="537"/>
    <nd ref="538"/>
    <nd ref="539"/>
    <nd ref="540"/>
    <nd ref="541"/>
    <nd ref="542"/>
    <nd ref="543"/>
    <nd ref="544"/>
    <nd ref="545"/>
    <nd ref="546"/>
    <nd ref="547"/>
    <nd ref="548"/>
    <nd ref="549"/>
    <nd ref="550"/>
    <nd ref="551"/>
    <nd ref="552"/>
    <nd ref="553"/>
    <nd ref="554"/>
    <nd ref="555"/>
    <nd ref="556"/>
    <nd ref="557"/>
    <nd ref="328"/>
    <tag k="type" v="virtual"/>
  </way>
  <way id="86" visible="true" version="1">
    <nd ref="247"/>
    <nd ref="558"/>
    <nd ref="559"/>
    <nd ref="560"/>
    <nd ref="561"/>
    <nd ref="562"/>
    <nd ref="563"/>
    <nd ref="564"/>
    <nd ref="565"/>
    <nd ref="566"/>
    <nd ref="567"/>
    <nd ref="568"/>
    <nd ref="569"/>
    <nd ref="570"/>
    <nd ref="571"/>
    <nd ref="572"/>
    <nd ref="573"/>
    <nd ref="574"/>
    <nd ref="575"/>
    <nd ref="576"/>
    <nd ref="577"/>
    <nd ref="578"/>
    <nd ref="579"/>
    <nd ref="580"/>
    <nd ref="581"/>
    <nd ref="582"/>
    <nd ref="583"/>
    <nd ref="335"/>
    <tag k="type" v="virtual"/>
  </way>
  <way id="88" visible="true" version="1">
    <nd ref="231"/>
    <nd ref="584"/>
    <nd ref="585"/>
    <nd ref="586"/>
    <nd ref="587"/>
    <nd ref="588"/>
    <nd ref="589"/>
    <nd ref="590"/>
    <nd ref="591"/>
    <nd ref="592"/>
    <nd ref="593"/>
    <nd ref="594"/>
    <nd ref="595"/>
    <nd ref="596"/>
    <nd ref="597"/>
    <nd ref="598"/>
    <nd ref="503"/>
    <tag k="type" v="virtual"/>
  </way>
  <way id="89" visible="true" version="1">
    <nd ref="247"/>
    <nd ref="599"/>
    <nd ref="600"/>
    <nd ref="601"/>
    <nd ref="602"/>
    <nd ref="603"/>
    <nd ref="604"/>
    <nd ref="605"/>
    <nd ref="606"/>
    <nd ref="607"/>
    <nd ref="608"/>
    <nd ref="609"/>
    <nd ref="610"/>
    <nd ref="611"/>
    <nd ref="612"/>
    <nd ref="613"/>
    <nd ref="614"/>
    <nd ref="615"/>
    <nd ref="616"/>
    <nd ref="617"/>
    <nd ref="618"/>
    <nd ref="498"/>
    <tag k="type" v="virtual"/>
  </way>
  <way id="91" visible="true" version="1">
    <nd ref="247"/>
    <nd ref="619"/>
    <nd ref="620"/>
    <nd ref="621"/>
    <nd ref="622"/>
    <nd ref="623"/>
    <nd ref="624"/>
    <nd ref="625"/>
    <nd ref="626"/>
    <nd ref="627"/>
    <nd ref="628"/>
    <nd ref="629"/>
    <nd ref="630"/>
    <nd ref="631"/>
    <nd ref="632"/>
    <nd ref="633"/>
    <nd ref="634"/>
    <nd ref="635"/>
    <nd ref="636"/>
    <nd ref="637"/>
    <nd ref="638"/>
    <nd ref="639"/>
    <nd ref="640"/>
    <nd ref="641"/>
    <nd ref="642"/>
    <nd ref="643"/>
    <nd ref="644"/>
    <nd ref="335"/>
    <tag k="type" v="virtual"/>
  </way>
  <way id="92" visible="true" version="1">
    <nd ref="263"/>
    <nd ref="645"/>
    <nd ref="646"/>
    <nd ref="647"/>
    <nd ref="648"/>
    <nd ref="649"/>
    <nd ref="650"/>
    <nd ref="651"/>
    <nd ref="652"/>
    <nd ref="653"/>
    <nd ref="654"/>
    <nd ref="655"/>
    <nd ref="656"/>
    <nd ref="657"/>
    <nd ref="658"/>
    <nd ref="659"/>
    <nd ref="660"/>
    <nd ref="661"/>
    <nd ref="662"/>
    <nd ref="663"/>
    <nd ref="664"/>
    <nd ref="665"/>
    <nd ref="666"/>
    <nd ref="667"/>
    <nd ref="668"/>
    <nd ref="669"/>
    <nd ref="670"/>
    <nd ref="671"/>
    <nd ref="342"/>
    <tag k="type" v="virtual"/>
  </way>
  <way id="94" visible="true" version="1">
    <nd ref="263"/>
    <nd ref="672"/>
    <nd ref="673"/>
    <nd ref="674"/>
    <nd ref="675"/>
    <nd ref="676"/>
    <nd ref="677"/>
    <nd ref="678"/>
    <nd ref="679"/>
    <nd ref="680"/>
    <nd ref="681"/>
    <nd ref="682"/>
    <nd ref="683"/>
    <nd ref="684"/>
    <nd ref="685"/>
    <nd ref="686"/>
    <nd ref="687"/>
    <nd ref="688"/>
    <nd ref="689"/>
    <nd ref="690"/>
    <nd ref="691"/>
    <nd ref="692"/>
    <nd ref="693"/>
    <nd ref="694"/>
    <nd ref="695"/>
    <nd ref="696"/>
    <nd ref="697"/>
    <nd ref="698"/>
    <nd ref="342"/>
    <tag k="type" v="virtual"/>
  </way>
  <way id="95" visible="true" version="1">
    <nd ref="279"/>
    <nd ref="699"/>
    <nd ref="700"/>
    <nd ref="701"/>
    <nd ref="702"/>
    <nd ref="703"/>
    <nd ref="704"/>
    <nd ref="705"/>
    <nd ref="706"/>
    <nd ref="707"/>
    <nd ref="708"/>
    <nd ref="709"/>
    <nd ref="710"/>
    <nd ref="711"/>
    <nd ref="712"/>
    <nd ref="713"/>
    <nd ref="714"/>
    <nd ref="715"/>
    <nd ref="716"/>
    <nd ref="717"/>
    <nd ref="718"/>
    <nd ref="719"/>
    <nd ref="720"/>
    <nd ref="721"/>
    <nd ref="722"/>
    <nd ref="723"/>
    <nd ref="724"/>
    <nd ref="725"/>
    <nd ref="349"/>
    <tag k="type" v="virtual"/>
  </way>
  <way id="97" visible="true" version="1">
    <nd ref="263"/>
    <nd ref="726"/>
    <nd ref="727"/>
    <nd ref="728"/>
    <nd ref="729"/>
    <nd ref="730"/>
    <nd ref="731"/>
    <nd ref="732"/>
    <nd ref="733"/>
    <nd ref="734"/>
    <nd ref="735"/>
    <nd ref="736"/>
    <nd ref="737"/>
    <nd ref="738"/>
    <nd ref="739"/>
    <nd ref="740"/>
    <nd ref="741"/>
    <nd ref="742"/>
    <nd ref="743"/>
    <nd ref="744"/>
    <nd ref="745"/>
    <nd ref="746"/>
    <nd ref="747"/>
    <nd ref="748"/>
    <nd ref="749"/>
    <nd ref="750"/>
    <nd ref="751"/>
    <nd ref="752"/>
    <nd ref="753"/>
    <nd ref="754"/>
    <nd ref="755"/>
    <nd ref="756"/>
    <nd ref="757"/>
    <nd ref="758"/>
    <nd ref="759"/>
    <nd ref="760"/>
    <nd ref="761"/>
    <nd ref="762"/>
    <nd ref="763"/>
    <nd ref="764"/>
    <nd ref="765"/>
    <nd ref="766"/>
    <nd ref="767"/>
    <nd ref="768"/>
    <nd ref="769"/>
    <nd ref="770"/>
    <nd ref="771"/>
    <nd ref="523"/>
    <tag k="type" v="virtual"/>
  </way>
  <way id="98" visible="true" version="1">
    <nd ref="279"/>
    <nd ref="772"/>
    <nd ref="773"/>
    <nd ref="774"/>
    <nd ref="775"/>
    <nd ref="776"/>
    <nd ref="777"/>
    <nd ref="778"/>
    <nd ref="779"/>
    <nd ref="780"/>
    <nd ref="781"/>
    <nd ref="782"/>
    <nd ref="783"/>
    <nd ref="784"/>
    <nd ref="785"/>
    <nd ref="786"/>
    <nd ref="787"/>
    <nd ref="788"/>
    <nd ref="789"/>
    <nd ref="790"/>
    <nd ref="791"/>
    <nd ref="792"/>
    <nd ref="793"/>
    <nd ref="794"/>
    <nd ref="795"/>
    <nd ref="796"/>
    <nd ref="797"/>
    <nd ref="798"/>
    <nd ref="799"/>
    <nd ref="800"/>
    <nd ref="801"/>
    <nd ref="802"/>
    <nd ref="803"/>
    <nd ref="804"/>
    <nd ref="805"/>
    <nd ref="806"/>
    <nd ref="807"/>
    <nd ref="808"/>
    <nd ref="809"/>
    <nd ref="810"/>
    <nd ref="811"/>
    <nd ref="812"/>
    <nd ref="813"/>
    <nd ref="814"/>
    <nd ref="519"/>
    <tag k="type" v="virtual"/>
  </way>
  <way id="100" visible="true" version="1">
    <nd ref="334"/>
    <nd ref="815"/>
    <nd ref="816"/>
    <nd ref="817"/>
    <nd ref="818"/>
    <nd ref="819"/>
    <nd ref="820"/>
    <nd ref="821"/>
    <nd ref="822"/>
    <nd ref="823"/>
    <nd ref="824"/>
    <nd ref="825"/>
    <nd ref="826"/>
    <nd ref="827"/>
    <nd ref="828"/>
    <nd ref="829"/>
    <nd ref="830"/>
    <nd ref="377"/>
    <tag k="type" v="virtual"/>
  </way>
  <way id="101" visible="true" version="1">
    <nd ref="341"/>
    <nd ref="831"/>
    <nd ref="832"/>
    <nd ref="833"/>
    <nd ref="834"/>
    <nd ref="835"/>
    <nd ref="836"/>
    <nd ref="837"/>
    <nd ref="838"/>
    <nd ref="839"/>
    <nd ref="840"/>
    <nd ref="841"/>
    <nd ref="842"/>
    <nd ref="843"/>
    <nd ref="844"/>
    <nd ref="845"/>
    <nd ref="846"/>
    <nd ref="847"/>
    <nd ref="388"/>
    <tag k="type" v="virtual"/>
  </way>
  <way id="103" visible="true" version="1">
    <nd ref="341"/>
    <nd ref="848"/>
    <nd ref="849"/>
    <nd ref="850"/>
    <nd ref="851"/>
    <nd ref="852"/>
    <nd ref="853"/>
    <nd ref="854"/>
    <nd ref="855"/>
    <nd ref="856"/>
    <nd ref="857"/>
    <nd ref="858"/>
    <nd ref="859"/>
    <nd ref="860"/>
    <nd ref="861"/>
    <nd ref="862"/>
    <nd ref="863"/>
    <nd ref="864"/>
    <nd ref="388"/>
    <tag k="type" v="virtual"/>
  </way>
  <way id="104" visible="true" version="1">
    <nd ref="348"/>
    <nd ref="865"/>
    <nd ref="866"/>
    <nd ref="867"/>
    <nd ref="868"/>
    <nd ref="869"/>
    <nd ref="870"/>
    <nd ref="871"/>
    <nd ref="872"/>
    <nd ref="873"/>
    <nd ref="874"/>
    <nd ref="875"/>
    <nd ref="876"/>
    <nd ref="877"/>
    <nd ref="878"/>
    <nd ref="879"/>
    <nd ref="880"/>
    <nd ref="881"/>
    <nd ref="399"/>
    <tag k="type" v="virtual"/>
  </way>
  <way id="106" visible="true" version="1">
    <nd ref="348"/>
    <nd ref="882"/>
    <nd ref="883"/>
    <nd ref="884"/>
    <nd ref="885"/>
    <nd ref="886"/>
    <nd ref="887"/>
    <nd ref="888"/>
    <nd ref="889"/>
    <nd ref="890"/>
    <nd ref="891"/>
    <nd ref="892"/>
    <nd ref="893"/>
    <nd ref="894"/>
    <nd ref="895"/>
    <nd ref="896"/>
    <nd ref="897"/>
    <nd ref="898"/>
    <nd ref="399"/>
    <tag k="type" v="virtual"/>
  </way>
  <way id="107" visible="true" version="1">
    <nd ref="355"/>
    <nd ref="899"/>
    <nd ref="900"/>
    <nd ref="901"/>
    <nd ref="902"/>
    <nd ref="903"/>
    <nd ref="904"/>
    <nd ref="905"/>
    <nd ref="906"/>
    <nd ref="907"/>
    <nd ref="908"/>
    <nd ref="909"/>
    <nd ref="910"/>
    <nd ref="911"/>
    <nd ref="912"/>
    <nd ref="913"/>
    <nd ref="914"/>
    <nd ref="915"/>
    <nd ref="916"/>
    <nd ref="410"/>
    <tag k="type" v="virtual"/>
  </way>
  <way id="109" visible="true" version="1">
    <nd ref="356"/>
    <nd ref="917"/>
    <nd ref="918"/>
    <nd ref="919"/>
    <nd ref="920"/>
    <nd ref="921"/>
    <nd ref="922"/>
    <nd ref="923"/>
    <nd ref="924"/>
    <nd ref="925"/>
    <nd ref="926"/>
    <nd ref="927"/>
    <nd ref="928"/>
    <nd ref="929"/>
    <nd ref="930"/>
    <nd ref="931"/>
    <nd ref="932"/>
    <nd ref="933"/>
    <nd ref="934"/>
    <nd ref="935"/>
    <nd ref="936"/>
    <nd ref="937"/>
    <nd ref="938"/>
    <nd ref="939"/>
    <nd ref="940"/>
    <nd ref="941"/>
    <nd ref="942"/>
    <nd ref="943"/>
    <nd ref="944"/>
    <nd ref="945"/>
    <nd ref="503"/>
    <tag k="type" v="virtual"/>
  </way>
  <way id="110" visible="true" version="1">
    <nd ref="349"/>
    <nd ref="946"/>
    <nd ref="947"/>
    <nd ref="948"/>
    <nd ref="949"/>
    <nd ref="950"/>
    <nd ref="951"/>
    <nd ref="952"/>
    <nd ref="953"/>
    <nd ref="954"/>
    <nd ref="955"/>
    <nd ref="956"/>
    <nd ref="957"/>
    <nd ref="958"/>
    <nd ref="959"/>
    <nd ref="960"/>
    <nd ref="961"/>
    <nd ref="962"/>
    <nd ref="963"/>
    <nd ref="964"/>
    <nd ref="965"/>
    <nd ref="966"/>
    <nd ref="967"/>
    <nd ref="968"/>
    <nd ref="969"/>
    <nd ref="970"/>
    <nd ref="498"/>
    <tag k="type" v="virtual"/>
  </way>
  <way id="112" visible="true" version="1">
    <nd ref="363"/>
    <nd ref="971"/>
    <nd ref="972"/>
    <nd ref="973"/>
    <nd ref="974"/>
    <nd ref="975"/>
    <nd ref="976"/>
    <nd ref="977"/>
    <nd ref="978"/>
    <nd ref="979"/>
    <nd ref="980"/>
    <nd ref="981"/>
    <nd ref="982"/>
    <nd ref="983"/>
    <nd ref="984"/>
    <nd ref="985"/>
    <nd ref="986"/>
    <nd ref="987"/>
    <nd ref="988"/>
    <nd ref="989"/>
    <nd ref="990"/>
    <nd ref="991"/>
    <nd ref="992"/>
    <nd ref="993"/>
    <nd ref="994"/>
    <nd ref="995"/>
    <nd ref="996"/>
    <nd ref="997"/>
    <nd ref="998"/>
    <nd ref="999"/>
    <nd ref="311"/>
    <tag k="type" v="virtual"/>
  </way>
  <way id="113" visible="true" version="1">
    <nd ref="356"/>
    <nd ref="1000"/>
    <nd ref="1001"/>
    <nd ref="1002"/>
    <nd ref="1003"/>
    <nd ref="1004"/>
    <nd ref="1005"/>
    <nd ref="1006"/>
    <nd ref="1007"/>
    <nd ref="1008"/>
    <nd ref="1009"/>
    <nd ref="1010"/>
    <nd ref="1011"/>
    <nd ref="1012"/>
    <nd ref="1013"/>
    <nd ref="1014"/>
    <nd ref="1015"/>
    <nd ref="1016"/>
    <nd ref="1017"/>
    <nd ref="1018"/>
    <nd ref="1019"/>
    <nd ref="1020"/>
    <nd ref="1021"/>
    <nd ref="1022"/>
    <nd ref="1023"/>
    <nd ref="1024"/>
    <nd ref="1025"/>
    <nd ref="1026"/>
    <nd ref="1027"/>
    <nd ref="295"/>
    <tag k="type" v="virtual"/>
  </way>
  <way id="115" visible="true" version="1">
    <nd ref="370"/>
    <nd ref="1028"/>
    <nd ref="1029"/>
    <nd ref="1030"/>
    <nd ref="1031"/>
    <nd ref="1032"/>
    <nd ref="1033"/>
    <nd ref="1034"/>
    <nd ref="1035"/>
    <nd ref="1036"/>
    <nd ref="1037"/>
    <nd ref="1038"/>
    <nd ref="1039"/>
    <nd ref="1040"/>
    <nd ref="1041"/>
    <nd ref="1042"/>
    <nd ref="1043"/>
    <nd ref="1044"/>
    <nd ref="1045"/>
    <nd ref="1046"/>
    <nd ref="1047"/>
    <nd ref="1048"/>
    <nd ref="1049"/>
    <nd ref="1050"/>
    <nd ref="1051"/>
    <nd ref="1052"/>
    <nd ref="1053"/>
    <nd ref="1054"/>
    <nd ref="1055"/>
    <nd ref="1056"/>
    <nd ref="327"/>
    <tag k="type" v="virtual"/>
  </way>
  <way id="116" visible="true" version="1">
    <nd ref="363"/>
    <nd ref="1057"/>
    <nd ref="1058"/>
    <nd ref="1059"/>
    <nd ref="1060"/>
    <nd ref="1061"/>
    <nd ref="1062"/>
    <nd ref="1063"/>
    <nd ref="1064"/>
    <nd ref="1065"/>
    <nd ref="1066"/>
    <nd ref="1067"/>
    <nd ref="1068"/>
    <nd ref="1069"/>
    <nd ref="1070"/>
    <nd ref="1071"/>
    <nd ref="1072"/>
    <nd ref="1073"/>
    <nd ref="1074"/>
    <nd ref="1075"/>
    <nd ref="1076"/>
    <nd ref="1077"/>
    <nd ref="1078"/>
    <nd ref="1079"/>
    <nd ref="1080"/>
    <nd ref="1081"/>
    <nd ref="1082"/>
    <nd ref="1083"/>
    <nd ref="1084"/>
    <nd ref="1085"/>
    <nd ref="311"/>
    <tag k="type" v="virtual"/>
  </way>
  <way id="118" visible="true" version="1">
    <nd ref="421"/>
    <nd ref="1086"/>
    <nd ref="1087"/>
    <nd ref="1088"/>
    <nd ref="1089"/>
    <nd ref="1090"/>
    <nd ref="1091"/>
    <nd ref="1092"/>
    <nd ref="1093"/>
    <nd ref="1094"/>
    <nd ref="1095"/>
    <nd ref="1096"/>
    <nd ref="1097"/>
    <nd ref="1098"/>
    <nd ref="1099"/>
    <nd ref="1100"/>
    <nd ref="1101"/>
    <nd ref="1102"/>
    <nd ref="1103"/>
    <nd ref="362"/>
    <tag k="type" v="virtual"/>
  </way>
  <way id="119" visible="true" version="1">
    <nd ref="410"/>
    <nd ref="1104"/>
    <nd ref="1105"/>
    <nd ref="1106"/>
    <nd ref="1107"/>
    <nd ref="1108"/>
    <nd ref="1109"/>
    <nd ref="1110"/>
    <nd ref="1111"/>
    <nd ref="1112"/>
    <nd ref="1113"/>
    <nd ref="1114"/>
    <nd ref="1115"/>
    <nd ref="1116"/>
    <nd ref="1117"/>
    <nd ref="1118"/>
    <nd ref="1119"/>
    <nd ref="1120"/>
    <nd ref="1121"/>
    <nd ref="355"/>
    <tag k="type" v="virtual"/>
  </way>
  <way id="121" visible="true" version="1">
    <nd ref="421"/>
    <nd ref="1122"/>
    <nd ref="1123"/>
    <nd ref="1124"/>
    <nd ref="1125"/>
    <nd ref="1126"/>
    <nd ref="1127"/>
    <nd ref="1128"/>
    <nd ref="1129"/>
    <nd ref="1130"/>
    <nd ref="1131"/>
    <nd ref="1132"/>
    <nd ref="1133"/>
    <nd ref="1134"/>
    <nd ref="1135"/>
    <nd ref="1136"/>
    <nd ref="1137"/>
    <nd ref="1138"/>
    <nd ref="1139"/>
    <nd ref="1140"/>
    <nd ref="1141"/>
    <nd ref="1142"/>
    <nd ref="1143"/>
    <nd ref="1144"/>
    <nd ref="1145"/>
    <nd ref="1146"/>
    <nd ref="1147"/>
    <nd ref="1148"/>
    <nd ref="1149"/>
    <nd ref="1150"/>
    <nd ref="1151"/>
    <nd ref="1152"/>
    <nd ref="1153"/>
    <nd ref="1154"/>
    <nd ref="532"/>
    <tag k="type" v="virtual"/>
  </way>
  <way id="122" visible="true" version="1">
    <nd ref="410"/>
    <nd ref="1155"/>
    <nd ref="1156"/>
    <nd ref="1157"/>
    <nd ref="1158"/>
    <nd ref="1159"/>
    <nd ref="1160"/>
    <nd ref="1161"/>
    <nd ref="1162"/>
    <nd ref="1163"/>
    <nd ref="1164"/>
    <nd ref="1165"/>
    <nd ref="1166"/>
    <nd ref="1167"/>
    <nd ref="1168"/>
    <nd ref="1169"/>
    <nd ref="1170"/>
    <nd ref="1171"/>
    <nd ref="1172"/>
    <nd ref="1173"/>
    <nd ref="1174"/>
    <nd ref="1175"/>
    <nd ref="1176"/>
    <nd ref="1177"/>
    <nd ref="1178"/>
    <nd ref="1179"/>
    <nd ref="1180"/>
    <nd ref="1181"/>
    <nd ref="1182"/>
    <nd ref="1183"/>
    <nd ref="1184"/>
    <nd ref="529"/>
    <tag k="type" v="virtual"/>
  </way>
  <way id="124" visible="true" version="1">
    <nd ref="432"/>
    <nd ref="1185"/>
    <nd ref="1186"/>
    <nd ref="1187"/>
    <nd ref="1188"/>
    <nd ref="1189"/>
    <nd ref="1190"/>
    <nd ref="1191"/>
    <nd ref="1192"/>
    <nd ref="1193"/>
    <nd ref="1194"/>
    <nd ref="1195"/>
    <nd ref="1196"/>
    <nd ref="1197"/>
    <nd ref="1198"/>
    <nd ref="1199"/>
    <nd ref="1200"/>
    <nd ref="1201"/>
    <nd ref="1202"/>
    <nd ref="1203"/>
    <nd ref="369"/>
    <tag k="type" v="virtual"/>
  </way>
  <way id="125" visible="true" version="1">
    <nd ref="421"/>
    <nd ref="1204"/>
    <nd ref="1205"/>
    <nd ref="1206"/>
    <nd ref="1207"/>
    <nd ref="1208"/>
    <nd ref="1209"/>
    <nd ref="1210"/>
    <nd ref="1211"/>
    <nd ref="1212"/>
    <nd ref="1213"/>
    <nd ref="1214"/>
    <nd ref="1215"/>
    <nd ref="1216"/>
    <nd ref="1217"/>
    <nd ref="1218"/>
    <nd ref="1219"/>
    <nd ref="1220"/>
    <nd ref="1221"/>
    <nd ref="362"/>
    <tag k="type" v="virtual"/>
  </way>
  <way id="127" visible="true" version="1">
    <nd ref="443"/>
    <nd ref="1222"/>
    <nd ref="1223"/>
    <nd ref="1224"/>
    <nd ref="1225"/>
    <nd ref="1226"/>
    <nd ref="1227"/>
    <nd ref="1228"/>
    <nd ref="1229"/>
    <nd ref="1230"/>
    <nd ref="1231"/>
    <nd ref="1232"/>
    <nd ref="1233"/>
    <nd ref="1234"/>
    <nd ref="1235"/>
    <nd ref="1236"/>
    <nd ref="1237"/>
    <nd ref="1238"/>
    <nd ref="1239"/>
    <nd ref="1240"/>
    <nd ref="376"/>
    <tag k="type" v="virtual"/>
  </way>
  <way id="128" visible="true" version="1">
    <nd ref="432"/>
    <nd ref="1241"/>
    <nd ref="1242"/>
    <nd ref="1243"/>
    <nd ref="1244"/>
    <nd ref="1245"/>
    <nd ref="1246"/>
    <nd ref="1247"/>
    <nd ref="1248"/>
    <nd ref="1249"/>
    <nd ref="1250"/>
    <nd ref="1251"/>
    <nd ref="1252"/>
    <nd ref="1253"/>
    <nd ref="1254"/>
    <nd ref="1255"/>
    <nd ref="1256"/>
    <nd ref="1257"/>
    <nd ref="1258"/>
    <nd ref="1259"/>
    <nd ref="369"/>
    <tag k="type" v="virtual"/>
  </way>
  <way id="130" visible="true" version="1">
    <nd ref="443"/>
    <nd ref="1260"/>
    <nd ref="1261"/>
    <nd ref="1262"/>
    <nd ref="1263"/>
    <nd ref="1264"/>
    <nd ref="1265"/>
    <nd ref="1266"/>
    <nd ref="1267"/>
    <nd ref="1268"/>
    <nd ref="1269"/>
    <nd ref="1270"/>
    <nd ref="1271"/>
    <nd ref="1272"/>
    <nd ref="1273"/>
    <nd ref="1274"/>
    <nd ref="1275"/>
    <nd ref="1276"/>
    <nd ref="1277"/>
    <nd ref="1278"/>
    <nd ref="1279"/>
    <nd ref="1280"/>
    <nd ref="1281"/>
    <nd ref="1282"/>
    <nd ref="523"/>
    <tag k="type" v="virtual"/>
  </way>
  <way id="131" visible="true" version="1">
    <nd ref="432"/>
    <nd ref="1283"/>
    <nd ref="1284"/>
    <nd ref="1285"/>
    <nd ref="1286"/>
    <nd ref="1287"/>
    <nd ref="1288"/>
    <nd ref="1289"/>
    <nd ref="1290"/>
    <nd ref="1291"/>
    <nd ref="1292"/>
    <nd ref="1293"/>
    <nd ref="1294"/>
    <nd ref="1295"/>
    <nd ref="1296"/>
    <nd ref="1297"/>
    <nd ref="1298"/>
    <nd ref="1299"/>
    <nd ref="1300"/>
    <nd ref="1301"/>
    <nd ref="1302"/>
    <nd ref="1303"/>
    <nd ref="1304"/>
    <nd ref="1305"/>
    <nd ref="1306"/>
    <nd ref="1307"/>
    <nd ref="1308"/>
    <nd ref="1309"/>
    <nd ref="1310"/>
    <nd ref="519"/>
    <tag k="type" v="virtual"/>
  </way>
  <way id="133" visible="true" version="1">
    <nd ref="493"/>
    <nd ref="1311"/>
    <nd ref="1312"/>
    <nd ref="1313"/>
    <nd ref="1314"/>
    <nd ref="1315"/>
    <nd ref="1316"/>
    <nd ref="1317"/>
    <nd ref="1318"/>
    <nd ref="1319"/>
    <nd ref="1320"/>
    <nd ref="1321"/>
    <nd ref="1322"/>
    <nd ref="1323"/>
    <nd ref="1324"/>
    <nd ref="328"/>
    <tag k="type" v="virtual"/>
  </way>
  <way id="134" visible="true" version="1">
    <nd ref="498"/>
    <nd ref="1325"/>
    <nd ref="1326"/>
    <nd ref="1327"/>
    <nd ref="1328"/>
    <nd ref="1329"/>
    <nd ref="1330"/>
    <nd ref="1331"/>
    <nd ref="1332"/>
    <nd ref="1333"/>
    <nd ref="1334"/>
    <nd ref="1335"/>
    <nd ref="1336"/>
    <nd ref="1337"/>
    <nd ref="1338"/>
    <nd ref="1339"/>
    <nd ref="1340"/>
    <nd ref="1341"/>
    <nd ref="1342"/>
    <nd ref="1343"/>
    <nd ref="335"/>
    <tag k="type" v="virtual"/>
  </way>
  <way id="136" visible="true" version="1">
    <nd ref="493"/>
    <nd ref="1344"/>
    <nd ref="1345"/>
    <nd ref="1346"/>
    <nd ref="1347"/>
    <nd ref="1348"/>
    <nd ref="1349"/>
    <nd ref="1350"/>
    <nd ref="1351"/>
    <nd ref="1352"/>
    <nd ref="1353"/>
    <nd ref="1354"/>
    <nd ref="1355"/>
    <nd ref="1356"/>
    <nd ref="1357"/>
    <nd ref="1358"/>
    <nd ref="1359"/>
    <nd ref="1360"/>
    <nd ref="1361"/>
    <nd ref="1362"/>
    <nd ref="1363"/>
    <nd ref="1364"/>
    <nd ref="1365"/>
    <nd ref="1366"/>
    <nd ref="1367"/>
    <nd ref="1368"/>
    <nd ref="1369"/>
    <nd ref="1370"/>
    <nd ref="1371"/>
    <nd ref="1372"/>
    <nd ref="1373"/>
    <nd ref="1374"/>
    <nd ref="1375"/>
    <nd ref="1376"/>
    <nd ref="1377"/>
    <nd ref="1378"/>
    <nd ref="1379"/>
    <nd ref="1380"/>
    <nd ref="1381"/>
    <nd ref="1382"/>
    <nd ref="1383"/>
    <nd ref="1384"/>
    <nd ref="1385"/>
    <nd ref="1386"/>
    <nd ref="1387"/>
    <nd ref="1388"/>
    <nd ref="1389"/>
    <nd ref="519"/>
    <tag k="type" v="virtual"/>
  </way>
  <way id="137" visible="true" version="1">
    <nd ref="498"/>
    <nd ref="1390"/>
    <nd ref="1391"/>
    <nd ref="1392"/>
    <nd ref="1393"/>
    <nd ref="1394"/>
    <nd ref="1395"/>
    <nd ref="1396"/>
    <nd ref="1397"/>
    <nd ref="1398"/>
    <nd ref="1399"/>
    <nd ref="1400"/>
    <nd ref="1401"/>
    <nd ref="1402"/>
    <nd ref="1403"/>
    <nd ref="1404"/>
    <nd ref="1405"/>
    <nd ref="1406"/>
    <nd ref="1407"/>
    <nd ref="1408"/>
    <nd ref="1409"/>
    <nd ref="1410"/>
    <nd ref="1411"/>
    <nd ref="1412"/>
    <nd ref="1413"/>
    <nd ref="1414"/>
    <nd ref="1415"/>
    <nd ref="1416"/>
    <nd ref="1417"/>
    <nd ref="1418"/>
    <nd ref="1419"/>
    <nd ref="1420"/>
    <nd ref="1421"/>
    <nd ref="1422"/>
    <nd ref="1423"/>
    <nd ref="1424"/>
    <nd ref="1425"/>
    <nd ref="1426"/>
    <nd ref="1427"/>
    <nd ref="1428"/>
    <nd ref="1429"/>
    <nd ref="1430"/>
    <nd ref="1431"/>
    <nd ref="1432"/>
    <nd ref="1433"/>
    <nd ref="1434"/>
    <nd ref="1435"/>
    <nd ref="1436"/>
    <nd ref="515"/>
    <tag k="type" v="virtual"/>
  </way>
  <way id="139" visible="true" version="1">
    <nd ref="507"/>
    <nd ref="1437"/>
    <nd ref="1438"/>
    <nd ref="1439"/>
    <nd ref="1440"/>
    <nd ref="1441"/>
    <nd ref="1442"/>
    <nd ref="1443"/>
    <nd ref="1444"/>
    <nd ref="1445"/>
    <nd ref="1446"/>
    <nd ref="1447"/>
    <nd ref="1448"/>
    <nd ref="1449"/>
    <nd ref="1450"/>
    <nd ref="1451"/>
    <nd ref="1452"/>
    <nd ref="1453"/>
    <nd ref="1454"/>
    <nd ref="1455"/>
    <nd ref="1456"/>
    <nd ref="1457"/>
    <nd ref="1458"/>
    <nd ref="1459"/>
    <nd ref="1460"/>
    <nd ref="1461"/>
    <nd ref="1462"/>
    <nd ref="1463"/>
    <nd ref="1464"/>
    <nd ref="1465"/>
    <nd ref="1466"/>
    <nd ref="1467"/>
    <nd ref="1468"/>
    <nd ref="1469"/>
    <nd ref="1470"/>
    <nd ref="1471"/>
    <nd ref="1472"/>
    <nd ref="1473"/>
    <nd ref="1474"/>
    <nd ref="1475"/>
    <nd ref="1476"/>
    <nd ref="1477"/>
    <nd ref="1478"/>
    <nd ref="1479"/>
    <nd ref="1480"/>
    <nd ref="1481"/>
    <nd ref="1482"/>
    <nd ref="503"/>
    <tag k="type" v="virtual"/>
  </way>
  <way id="140" visible="true" version="1">
    <nd ref="511"/>
    <nd ref="1483"/>
    <nd ref="1484"/>
    <nd ref="1485"/>
    <nd ref="1486"/>
    <nd ref="1487"/>
    <nd ref="1488"/>
    <nd ref="1489"/>
    <nd ref="1490"/>
    <nd ref="1491"/>
    <nd ref="1492"/>
    <nd ref="1493"/>
    <nd ref="1494"/>
    <nd ref="1495"/>
    <nd ref="1496"/>
    <nd ref="1497"/>
    <nd ref="1498"/>
    <nd ref="1499"/>
    <nd ref="1500"/>
    <nd ref="1501"/>
    <nd ref="1502"/>
    <nd ref="1503"/>
    <nd ref="1504"/>
    <nd ref="1505"/>
    <nd ref="1506"/>
    <nd ref="1507"/>
    <nd ref="1508"/>
    <nd ref="1509"/>
    <nd ref="1510"/>
    <nd ref="1511"/>
    <nd ref="1512"/>
    <nd ref="1513"/>
    <nd ref="1514"/>
    <nd ref="1515"/>
    <nd ref="1516"/>
    <nd ref="1517"/>
    <nd ref="1518"/>
    <nd ref="1519"/>
    <nd ref="1520"/>
    <nd ref="1521"/>
    <nd ref="1522"/>
    <nd ref="1523"/>
    <nd ref="1524"/>
    <nd ref="1525"/>
    <nd ref="1526"/>
    <nd ref="1527"/>
    <nd ref="1528"/>
    <nd ref="498"/>
    <tag k="type" v="virtual"/>
  </way>
  <way id="142" visible="true" version="1">
    <nd ref="511"/>
    <nd ref="1529"/>
    <nd ref="1530"/>
    <nd ref="1531"/>
    <nd ref="1532"/>
    <nd ref="1533"/>
    <nd ref="1534"/>
    <nd ref="1535"/>
    <nd ref="1536"/>
    <nd ref="1537"/>
    <nd ref="1538"/>
    <nd ref="1539"/>
    <nd ref="1540"/>
    <nd ref="1541"/>
    <nd ref="1542"/>
    <nd ref="1543"/>
    <nd ref="1544"/>
    <nd ref="1545"/>
    <nd ref="1546"/>
    <nd ref="1547"/>
    <nd ref="1548"/>
    <nd ref="1549"/>
    <nd ref="1550"/>
    <nd ref="1551"/>
    <nd ref="1552"/>
    <nd ref="1553"/>
    <nd ref="1554"/>
    <nd ref="1555"/>
    <nd ref="1556"/>
    <nd ref="1557"/>
    <nd ref="1558"/>
    <nd ref="1559"/>
    <nd ref="1560"/>
    <nd ref="1561"/>
    <nd ref="1562"/>
    <nd ref="1563"/>
    <nd ref="1564"/>
    <nd ref="1565"/>
    <nd ref="1566"/>
    <nd ref="1567"/>
    <nd ref="399"/>
    <tag k="type" v="virtual"/>
  </way>
  <way id="143" visible="true" version="1">
    <nd ref="515"/>
    <nd ref="1568"/>
    <nd ref="1569"/>
    <nd ref="1570"/>
    <nd ref="1571"/>
    <nd ref="1572"/>
    <nd ref="1573"/>
    <nd ref="1574"/>
    <nd ref="1575"/>
    <nd ref="1576"/>
    <nd ref="1577"/>
    <nd ref="1578"/>
    <nd ref="1579"/>
    <nd ref="1580"/>
    <nd ref="1581"/>
    <nd ref="1582"/>
    <nd ref="1583"/>
    <nd ref="1584"/>
    <nd ref="1585"/>
    <nd ref="1586"/>
    <nd ref="1587"/>
    <nd ref="1588"/>
    <nd ref="1589"/>
    <nd ref="1590"/>
    <nd ref="1591"/>
    <nd ref="1592"/>
    <nd ref="1593"/>
    <nd ref="1594"/>
    <nd ref="1595"/>
    <nd ref="1596"/>
    <nd ref="1597"/>
    <nd ref="1598"/>
    <nd ref="1599"/>
    <nd ref="1600"/>
    <nd ref="1601"/>
    <nd ref="410"/>
    <tag k="type" v="virtual"/>
  </way>
  <way id="145" visible="true" version="1">
    <nd ref="526"/>
    <nd ref="1602"/>
    <nd ref="1603"/>
    <nd ref="1604"/>
    <nd ref="1605"/>
    <nd ref="1606"/>
    <nd ref="1607"/>
    <nd ref="1608"/>
    <nd ref="1609"/>
    <nd ref="1610"/>
    <nd ref="1611"/>
    <nd ref="1612"/>
    <nd ref="1613"/>
    <nd ref="1614"/>
    <nd ref="1615"/>
    <nd ref="1616"/>
    <nd ref="1617"/>
    <nd ref="1618"/>
    <nd ref="1619"/>
    <nd ref="1620"/>
    <nd ref="1621"/>
    <nd ref="1622"/>
    <nd ref="377"/>
    <tag k="type" v="virtual"/>
  </way>
  <way id="146" visible="true" version="1">
    <nd ref="529"/>
    <nd ref="1623"/>
    <nd ref="1624"/>
    <nd ref="1625"/>
    <nd ref="1626"/>
    <nd ref="1627"/>
    <nd ref="1628"/>
    <nd ref="1629"/>
    <nd ref="1630"/>
    <nd ref="1631"/>
    <nd ref="1632"/>
    <nd ref="1633"/>
    <nd ref="1634"/>
    <nd ref="1635"/>
    <nd ref="1636"/>
    <nd ref="1637"/>
    <nd ref="1638"/>
    <nd ref="1639"/>
    <nd ref="1640"/>
    <nd ref="1641"/>
    <nd ref="1642"/>
    <nd ref="1643"/>
    <nd ref="1644"/>
    <nd ref="1645"/>
    <nd ref="1646"/>
    <nd ref="1647"/>
    <nd ref="388"/>
    <tag k="type" v="virtual"/>
  </way>
  <way id="162" visible="true" version="1">
    <nd ref="1648"/>
    <nd ref="1649"/>
    <tag k="cloudanalyzer_classification_source" v="user_confirmed_automatic_proposal"/>
    <tag k="cloudanalyzer_discovery" v="[&quot;[[-9308.878,-40790.91425,28.52825],[-9306.7365,-40786.8395,28.67625],{\&quot;flank_brightness_fraction\&quot;:[0.004926,0.106977],\&quot;flank_points\&quot;:[203,215],\&quot;geometry\&quot;:[[-9308.809541,-40786.931522,28.607419],[-9307.015839,-40790.859137,28.58657]],\&quot;kind\&quot;:\&quot;bright_bar\&quot;,\&quot;plane_rms\&quot;:0.00645,\&quot;points\&quot;:67,\&quot;thickness\&quot;:0.304772,\&quot;transverse_to_road\&quot;:false,\&quot;width\&quot;:4.317815}]&quot;,&quot;stop_line&quot;,[83]]"/>
    <tag k="cloudanalyzer_geometry_source" v="point_cloud_brightness_bar"/>
    <tag k="cloudanalyzer_review_required" v="yes"/>
    <tag k="type" v="stop_line"/>
  </way>
  <way id="164" visible="true" version="1">
    <nd ref="1650"/>
    <nd ref="1651"/>
    <tag k="cloudanalyzer_classification_source" v="user_confirmed_automatic_proposal"/>
    <tag k="cloudanalyzer_discovery" v="[&quot;[[-9267.834,-40820.22725,28.843],[-9265.627,-40814.503,28.9835],{\&quot;flank_brightness_fraction\&quot;:[0.014851,0.0],\&quot;flank_points\&quot;:[202,234],\&quot;geometry\&quot;:[[-9267.688865,-40819.900774,28.911163],[-9266.860894,-40814.528522,28.915445]],\&quot;kind\&quot;:\&quot;bright_bar\&quot;,\&quot;plane_rms\&quot;:0.006074,\&quot;points\&quot;:224,\&quot;thickness\&quot;:0.708862,\&quot;transverse_to_road\&quot;:false,\&quot;width\&quot;:5.435681}]&quot;,&quot;stop_line&quot;,[76,77]]"/>
    <tag k="cloudanalyzer_geometry_source" v="point_cloud_brightness_bar"/>
    <tag k="cloudanalyzer_review_required" v="yes"/>
    <tag k="type" v="stop_line"/>
  </way>
  <way id="166" visible="true" version="1">
    <nd ref="1652"/>
    <nd ref="1653"/>
    <tag k="cloudanalyzer_classification_source" v="user_confirmed_automatic_proposal"/>
    <tag k="cloudanalyzer_discovery" v="[&quot;[[-9310.54225,-40810.857,33.81675],[-9309.8575,-40809.7065,34.2655],{\&quot;geometry\&quot;:[[-9310.327857,-40810.846378,33.84122],[-9310.137099,-40809.738147,33.84122]],\&quot;height\&quot;:0.40122,\&quot;kind\&quot;:\&quot;elevated_panel\&quot;,\&quot;plane_rms\&quot;:0.152711,\&quot;points\&quot;:115,\&quot;thickness\&quot;:0.4257,\&quot;width\&quot;:1.124528}]&quot;,&quot;vehicle_signal&quot;,[69]]"/>
    <tag k="cloudanalyzer_geometry_source" v="point_cloud_box_fit"/>
    <tag k="cloudanalyzer_review_required" v="yes"/>
    <tag k="height" v="0.40122"/>
    <tag k="subtype" v="red_yellow_green"/>
    <tag k="type" v="traffic_light"/>
  </way>
  <way id="168" visible="true" version="1">
    <nd ref="1654"/>
    <nd ref="1655"/>
    <tag k="cloudanalyzer_classification_source" v="user_confirmed_automatic_proposal"/>
    <tag k="cloudanalyzer_discovery" v="[&quot;[[-9271.3435,-40818.1285,34.0045],[-9270.23325,-40817.1295,34.47475],{\&quot;geometry\&quot;:[[-9271.352001,-40818.063218,34.05522],[-9270.568936,-40817.109272,34.05522]],\&quot;height\&quot;:0.39661,\&quot;kind\&quot;:\&quot;elevated_panel\&quot;,\&quot;plane_rms\&quot;:0.09044,\&quot;points\&quot;:119,\&quot;thickness\&quot;:0.268353,\&quot;width\&quot;:1.234181}]&quot;,&quot;vehicle_signal&quot;,[76,77]]"/>
    <tag k="cloudanalyzer_geometry_source" v="point_cloud_box_fit"/>
    <tag k="cloudanalyzer_review_required" v="yes"/>
    <tag k="height" v="0.39661"/>
    <tag k="subtype" v="red_yellow_green"/>
    <tag k="type" v="traffic_light"/>
  </way>
  <way id="170" visible="true" version="1">
    <nd ref="1656"/>
    <nd ref="1657"/>
    <tag k="cloudanalyzer_classification_source" v="user_confirmed_automatic_proposal"/>
    <tag k="cloudanalyzer_discovery" v="[&quot;[[-9304.08225,-40797.4265,30.6255],[-9303.66325,-40796.706,31.691],{\&quot;geometry\&quot;:[[-9304.010736,-40797.376878,30.70164],[-9303.706211,-40796.738604,30.70164]],\&quot;height\&quot;:0.95652,\&quot;kind\&quot;:\&quot;elevated_panel\&quot;,\&quot;plane_rms\&quot;:0.015213,\&quot;points\&quot;:117,\&quot;thickness\&quot;:0.041697,\&quot;width\&quot;:0.707198}]&quot;,&quot;pedestrian_signal&quot;,[69]]"/>
    <tag k="cloudanalyzer_geometry_source" v="point_cloud_box_fit"/>
    <tag k="cloudanalyzer_review_required" v="yes"/>
    <tag k="height" v="0.95652"/>
    <tag k="subtype" v="red_green"/>
    <tag k="type" v="traffic_light"/>
  </way>
  <way id="172" visible="true" version="1">
    <nd ref="1658"/>
    <nd ref="1659"/>
    <tag k="cloudanalyzer_classification_source" v="user_confirmed_automatic_proposal"/>
    <tag k="cloudanalyzer_discovery" v="[&quot;[[-9299.47875,-40784.83775,30.621],[-9299.12125,-40784.07175,31.79125],{\&quot;geometry\&quot;:[[-9299.446705,-40784.810527,30.770615],[-9299.174377,-40784.163459,30.770615]],\&quot;height\&quot;:0.976335,\&quot;kind\&quot;:\&quot;elevated_panel\&quot;,\&quot;plane_rms\&quot;:0.010222,\&quot;points\&quot;:122,\&quot;thickness\&quot;:0.034819,\&quot;width\&quot;:0.70204}]&quot;,&quot;pedestrian_signal&quot;,[83]]"/>
    <tag k="cloudanalyzer_geometry_source" v="point_cloud_box_fit"/>
    <tag k="cloudanalyzer_review_required" v="yes"/>
    <tag k="height" v="0.976335"/>
    <tag k="subtype" v="red_green"/>
    <tag k="type" v="traffic_light"/>
  </way>
  <way id="174" visible="true" version="1">
    <nd ref="1660"/>
    <nd ref="1661"/>
    <tag k="type" v="pedestrian_marking"/>
  </way>
  <way id="175" visible="true" version="1">
    <nd ref="1662"/>
    <nd ref="1663"/>
    <tag k="type" v="pedestrian_marking"/>
  </way>
  <way id="176" visible="true" version="1">
    <nd ref="1664"/>
    <nd ref="1665"/>
    <nd ref="1666"/>
    <nd ref="1667"/>
    <nd ref="1668"/>
    <nd ref="1669"/>
    <nd ref="1670"/>
    <nd ref="1671"/>
    <tag k="type" v="pedestrian_marking"/>
  </way>
  <way id="177" visible="true" version="1">
    <nd ref="1672"/>
    <nd ref="1673"/>
    <nd ref="1674"/>
    <nd ref="1675"/>
    <nd ref="1676"/>
    <nd ref="1677"/>
    <tag k="type" v="pedestrian_marking"/>
  </way>
  <way id="178" visible="true" version="1">
    <nd ref="1678"/>
    <nd ref="1679"/>
    <nd ref="1680"/>
    <nd ref="1681"/>
    <nd ref="1682"/>
    <tag k="type" v="pedestrian_marking"/>
  </way>
  <way id="179" visible="true" version="1">
    <nd ref="1683"/>
    <nd ref="1684"/>
    <nd ref="1685"/>
    <tag k="type" v="pedestrian_marking"/>
  </way>
  <way id="180" visible="true" version="1">
    <nd ref="1686"/>
    <nd ref="1687"/>
    <nd ref="1688"/>
    <tag k="type" v="pedestrian_marking"/>
  </way>
  <way id="181" visible="true" version="1">
    <nd ref="1689"/>
    <nd ref="1690"/>
    <tag k="type" v="pedestrian_marking"/>
  </way>
  <way id="182" visible="true" version="1">
    <nd ref="1691"/>
    <nd ref="1692"/>
    <nd ref="1693"/>
    <nd ref="1694"/>
    <tag k="type" v="pedestrian_marking"/>
  </way>
  <way id="183" visible="true" version="1">
    <nd ref="1695"/>
    <nd ref="1696"/>
    <nd ref="1697"/>
    <nd ref="1698"/>
    <tag k="type" v="pedestrian_marking"/>
  </way>
  <way id="184" visible="true" version="1">
    <nd ref="1699"/>
    <nd ref="1700"/>
    <nd ref="1701"/>
    <tag k="type" v="pedestrian_marking"/>
  </way>
  <way id="185" visible="true" version="1">
    <nd ref="1702"/>
    <nd ref="1703"/>
    <nd ref="1704"/>
    <tag k="type" v="pedestrian_marking"/>
  </way>
  <way id="186" visible="true" version="1">
    <nd ref="1705"/>
    <nd ref="1706"/>
    <nd ref="1707"/>
    <nd ref="1708"/>
    <nd ref="1709"/>
    <nd ref="1710"/>
    <nd ref="1711"/>
    <nd ref="1712"/>
    <nd ref="1713"/>
    <nd ref="1714"/>
    <tag k="type" v="pedestrian_marking"/>
  </way>
  <way id="187" visible="true" version="1">
    <nd ref="1715"/>
    <nd ref="1716"/>
    <nd ref="1717"/>
    <nd ref="1718"/>
    <nd ref="1719"/>
    <nd ref="1720"/>
    <tag k="type" v="pedestrian_marking"/>
  </way>
  <relation id="8" visible="true" version="1">
    <member type="way" ref="1" role="left"/>
    <member type="way" ref="2" role="right"/>
    <tag k="location" v="urban"/>
    <tag k="one_way" v="yes"/>
    <tag k="participant:vehicle" v="yes"/>
    <tag k="speed_limit" v="40"/>
    <tag k="subtype" v="road"/>
    <tag k="type" v="lanelet"/>
  </relation>
  <relation id="9" visible="true" version="1">
    <member type="way" ref="2" role="left"/>
    <member type="way" ref="3" role="right"/>
    <tag k="location" v="urban"/>
    <tag k="one_way" v="yes"/>
    <tag k="participant:vehicle" v="yes"/>
    <tag k="speed_limit" v="40"/>
    <tag k="subtype" v="road"/>
    <tag k="type" v="lanelet"/>
  </relation>
  <relation id="10" visible="true" version="1">
    <member type="way" ref="3" role="left"/>
    <member type="way" ref="4" role="right"/>
    <tag k="location" v="urban"/>
    <tag k="one_way" v="yes"/>
    <tag k="participant:vehicle" v="yes"/>
    <tag k="speed_limit" v="40"/>
    <tag k="subtype" v="road"/>
    <tag k="type" v="lanelet"/>
  </relation>
  <relation id="11" visible="true" version="1">
    <member type="way" ref="5" role="left"/>
    <member type="way" ref="4" role="right"/>
    <tag k="location" v="urban"/>
    <tag k="one_way" v="yes"/>
    <tag k="participant:vehicle" v="yes"/>
    <tag k="speed_limit" v="40"/>
    <tag k="subtype" v="road"/>
    <tag k="type" v="lanelet"/>
  </relation>
  <relation id="12" visible="true" version="1">
    <member type="way" ref="6" role="left"/>
    <member type="way" ref="5" role="right"/>
    <tag k="location" v="urban"/>
    <tag k="one_way" v="yes"/>
    <tag k="participant:vehicle" v="yes"/>
    <tag k="speed_limit" v="40"/>
    <tag k="subtype" v="road"/>
    <tag k="type" v="lanelet"/>
  </relation>
  <relation id="13" visible="true" version="1">
    <member type="way" ref="7" role="left"/>
    <member type="way" ref="6" role="right"/>
    <tag k="location" v="urban"/>
    <tag k="one_way" v="yes"/>
    <tag k="participant:vehicle" v="yes"/>
    <tag k="speed_limit" v="40"/>
    <tag k="subtype" v="road"/>
    <tag k="type" v="lanelet"/>
  </relation>
  <relation id="21" visible="true" version="1">
    <member type="way" ref="14" role="left"/>
    <member type="way" ref="15" role="right"/>
    <tag k="location" v="urban"/>
    <tag k="one_way" v="yes"/>
    <tag k="participant:vehicle" v="yes"/>
    <tag k="speed_limit" v="40"/>
    <tag k="subtype" v="road"/>
    <tag k="type" v="lanelet"/>
  </relation>
  <relation id="22" visible="true" version="1">
    <member type="way" ref="15" role="left"/>
    <member type="way" ref="16" role="right"/>
    <tag k="location" v="urban"/>
    <tag k="one_way" v="yes"/>
    <tag k="participant:vehicle" v="yes"/>
    <tag k="speed_limit" v="40"/>
    <tag k="subtype" v="road"/>
    <tag k="type" v="lanelet"/>
  </relation>
  <relation id="23" visible="true" version="1">
    <member type="way" ref="16" role="left"/>
    <member type="way" ref="17" role="right"/>
    <tag k="location" v="urban"/>
    <tag k="one_way" v="yes"/>
    <tag k="participant:vehicle" v="yes"/>
    <tag k="speed_limit" v="40"/>
    <tag k="subtype" v="road"/>
    <tag k="type" v="lanelet"/>
  </relation>
  <relation id="24" visible="true" version="1">
    <member type="way" ref="18" role="left"/>
    <member type="way" ref="17" role="right"/>
    <tag k="location" v="urban"/>
    <tag k="one_way" v="yes"/>
    <tag k="participant:vehicle" v="yes"/>
    <tag k="speed_limit" v="40"/>
    <tag k="subtype" v="road"/>
    <tag k="type" v="lanelet"/>
  </relation>
  <relation id="25" visible="true" version="1">
    <member type="way" ref="19" role="left"/>
    <member type="way" ref="18" role="right"/>
    <tag k="location" v="urban"/>
    <tag k="one_way" v="yes"/>
    <tag k="participant:vehicle" v="yes"/>
    <tag k="speed_limit" v="40"/>
    <tag k="subtype" v="road"/>
    <tag k="type" v="lanelet"/>
  </relation>
  <relation id="26" visible="true" version="1">
    <member type="way" ref="20" role="left"/>
    <member type="way" ref="19" role="right"/>
    <tag k="location" v="urban"/>
    <tag k="one_way" v="yes"/>
    <tag k="participant:vehicle" v="yes"/>
    <tag k="speed_limit" v="40"/>
    <tag k="subtype" v="road"/>
    <tag k="type" v="lanelet"/>
  </relation>
  <relation id="34" visible="true" version="1">
    <member type="way" ref="27" role="left"/>
    <member type="way" ref="28" role="right"/>
    <tag k="location" v="urban"/>
    <tag k="one_way" v="yes"/>
    <tag k="participant:vehicle" v="yes"/>
    <tag k="speed_limit" v="40"/>
    <tag k="subtype" v="road"/>
    <tag k="type" v="lanelet"/>
  </relation>
  <relation id="35" visible="true" version="1">
    <member type="way" ref="28" role="left"/>
    <member type="way" ref="29" role="right"/>
    <tag k="location" v="urban"/>
    <tag k="one_way" v="yes"/>
    <tag k="participant:vehicle" v="yes"/>
    <tag k="speed_limit" v="40"/>
    <tag k="subtype" v="road"/>
    <tag k="type" v="lanelet"/>
  </relation>
  <relation id="36" visible="true" version="1">
    <member type="way" ref="29" role="left"/>
    <member type="way" ref="30" role="right"/>
    <tag k="location" v="urban"/>
    <tag k="one_way" v="yes"/>
    <tag k="participant:vehicle" v="yes"/>
    <tag k="speed_limit" v="40"/>
    <tag k="subtype" v="road"/>
    <tag k="type" v="lanelet"/>
  </relation>
  <relation id="37" visible="true" version="1">
    <member type="way" ref="31" role="left"/>
    <member type="way" ref="30" role="right"/>
    <tag k="location" v="urban"/>
    <tag k="one_way" v="yes"/>
    <tag k="participant:vehicle" v="yes"/>
    <tag k="speed_limit" v="40"/>
    <tag k="subtype" v="road"/>
    <tag k="type" v="lanelet"/>
  </relation>
  <relation id="38" visible="true" version="1">
    <member type="way" ref="32" role="left"/>
    <member type="way" ref="31" role="right"/>
    <tag k="location" v="urban"/>
    <tag k="one_way" v="yes"/>
    <tag k="participant:vehicle" v="yes"/>
    <tag k="speed_limit" v="40"/>
    <tag k="subtype" v="road"/>
    <tag k="type" v="lanelet"/>
  </relation>
  <relation id="39" visible="true" version="1">
    <member type="way" ref="33" role="left"/>
    <member type="way" ref="32" role="right"/>
    <tag k="location" v="urban"/>
    <tag k="one_way" v="yes"/>
    <tag k="participant:vehicle" v="yes"/>
    <tag k="speed_limit" v="40"/>
    <tag k="subtype" v="road"/>
    <tag k="type" v="lanelet"/>
  </relation>
  <relation id="47" visible="true" version="1">
    <member type="way" ref="40" role="left"/>
    <member type="way" ref="41" role="right"/>
    <tag k="location" v="urban"/>
    <tag k="one_way" v="yes"/>
    <tag k="participant:vehicle" v="yes"/>
    <tag k="speed_limit" v="40"/>
    <tag k="subtype" v="road"/>
    <tag k="type" v="lanelet"/>
  </relation>
  <relation id="48" visible="true" version="1">
    <member type="way" ref="41" role="left"/>
    <member type="way" ref="42" role="right"/>
    <tag k="location" v="urban"/>
    <tag k="one_way" v="yes"/>
    <tag k="participant:vehicle" v="yes"/>
    <tag k="speed_limit" v="40"/>
    <tag k="subtype" v="road"/>
    <tag k="type" v="lanelet"/>
  </relation>
  <relation id="49" visible="true" version="1">
    <member type="way" ref="42" role="left"/>
    <member type="way" ref="43" role="right"/>
    <tag k="location" v="urban"/>
    <tag k="one_way" v="yes"/>
    <tag k="participant:vehicle" v="yes"/>
    <tag k="speed_limit" v="40"/>
    <tag k="subtype" v="road"/>
    <tag k="type" v="lanelet"/>
  </relation>
  <relation id="50" visible="true" version="1">
    <member type="way" ref="44" role="left"/>
    <member type="way" ref="43" role="right"/>
    <tag k="location" v="urban"/>
    <tag k="one_way" v="yes"/>
    <tag k="participant:vehicle" v="yes"/>
    <tag k="speed_limit" v="40"/>
    <tag k="subtype" v="road"/>
    <tag k="type" v="lanelet"/>
  </relation>
  <relation id="51" visible="true" version="1">
    <member type="way" ref="45" role="left"/>
    <member type="way" ref="44" role="right"/>
    <tag k="location" v="urban"/>
    <tag k="one_way" v="yes"/>
    <tag k="participant:vehicle" v="yes"/>
    <tag k="speed_limit" v="40"/>
    <tag k="subtype" v="road"/>
    <tag k="type" v="lanelet"/>
  </relation>
  <relation id="52" visible="true" version="1">
    <member type="way" ref="46" role="left"/>
    <member type="way" ref="45" role="right"/>
    <tag k="location" v="urban"/>
    <tag k="one_way" v="yes"/>
    <tag k="participant:vehicle" v="yes"/>
    <tag k="speed_limit" v="40"/>
    <tag k="subtype" v="road"/>
    <tag k="type" v="lanelet"/>
  </relation>
  <relation id="60" visible="true" version="1">
    <member type="way" ref="53" role="left"/>
    <member type="way" ref="54" role="right"/>
    <tag k="location" v="urban"/>
    <tag k="one_way" v="yes"/>
    <tag k="participant:vehicle" v="yes"/>
    <tag k="speed_limit" v="40"/>
    <tag k="subtype" v="road"/>
    <tag k="type" v="lanelet"/>
  </relation>
  <relation id="61" visible="true" version="1">
    <member type="way" ref="54" role="left"/>
    <member type="way" ref="55" role="right"/>
    <tag k="location" v="urban"/>
    <tag k="one_way" v="yes"/>
    <tag k="participant:vehicle" v="yes"/>
    <tag k="speed_limit" v="40"/>
    <tag k="subtype" v="road"/>
    <tag k="type" v="lanelet"/>
  </relation>
  <relation id="62" visible="true" version="1">
    <member type="way" ref="55" role="left"/>
    <member type="way" ref="56" role="right"/>
    <tag k="location" v="urban"/>
    <tag k="one_way" v="yes"/>
    <tag k="participant:vehicle" v="yes"/>
    <tag k="speed_limit" v="40"/>
    <tag k="subtype" v="road"/>
    <tag k="type" v="lanelet"/>
  </relation>
  <relation id="63" visible="true" version="1">
    <member type="way" ref="57" role="left"/>
    <member type="way" ref="56" role="right"/>
    <tag k="location" v="urban"/>
    <tag k="one_way" v="yes"/>
    <tag k="participant:vehicle" v="yes"/>
    <tag k="speed_limit" v="40"/>
    <tag k="subtype" v="road"/>
    <tag k="type" v="lanelet"/>
  </relation>
  <relation id="64" visible="true" version="1">
    <member type="way" ref="58" role="left"/>
    <member type="way" ref="57" role="right"/>
    <tag k="location" v="urban"/>
    <tag k="one_way" v="yes"/>
    <tag k="participant:vehicle" v="yes"/>
    <tag k="speed_limit" v="40"/>
    <tag k="subtype" v="road"/>
    <tag k="type" v="lanelet"/>
  </relation>
  <relation id="65" visible="true" version="1">
    <member type="way" ref="59" role="left"/>
    <member type="way" ref="58" role="right"/>
    <tag k="location" v="urban"/>
    <tag k="one_way" v="yes"/>
    <tag k="participant:vehicle" v="yes"/>
    <tag k="speed_limit" v="40"/>
    <tag k="subtype" v="road"/>
    <tag k="type" v="lanelet"/>
  </relation>
  <relation id="69" visible="true" version="1">
    <member type="way" ref="66" role="left"/>
    <member type="way" ref="67" role="right"/>
    <member type="relation" ref="149" role="regulatory_element"/>
    <member type="relation" ref="167" role="regulatory_element"/>
    <member type="relation" ref="171" role="regulatory_element"/>
    <tag k="location" v="urban"/>
    <tag k="one_way" v="yes"/>
    <tag k="participant:vehicle" v="yes"/>
    <tag k="speed_limit" v="40"/>
    <tag k="subtype" v="road"/>
    <tag k="type" v="lanelet"/>
  </relation>
  <relation id="70" visible="true" version="1">
    <member type="way" ref="68" role="left"/>
    <member type="way" ref="67" role="right"/>
    <tag k="location" v="urban"/>
    <tag k="one_way" v="yes"/>
    <tag k="participant:vehicle" v="yes"/>
    <tag k="speed_limit" v="40"/>
    <tag k="subtype" v="road"/>
    <tag k="type" v="lanelet"/>
  </relation>
  <relation id="76" visible="true" version="1">
    <member type="way" ref="71" role="left"/>
    <member type="way" ref="72" role="right"/>
    <member type="relation" ref="165" role="regulatory_element"/>
    <member type="relation" ref="169" role="regulatory_element"/>
    <tag k="location" v="urban"/>
    <tag k="one_way" v="yes"/>
    <tag k="participant:vehicle" v="yes"/>
    <tag k="speed_limit" v="40"/>
    <tag k="subtype" v="road"/>
    <tag k="type" v="lanelet"/>
  </relation>
  <relation id="77" visible="true" version="1">
    <member type="way" ref="72" role="left"/>
    <member type="way" ref="73" role="right"/>
    <member type="relation" ref="165" role="regulatory_element"/>
    <member type="relation" ref="169" role="regulatory_element"/>
    <tag k="location" v="urban"/>
    <tag k="one_way" v="yes"/>
    <tag k="participant:vehicle" v="yes"/>
    <tag k="speed_limit" v="40"/>
    <tag k="subtype" v="road"/>
    <tag k="type" v="lanelet"/>
  </relation>
  <relation id="78" visible="true" version="1">
    <member type="way" ref="74" role="left"/>
    <member type="way" ref="73" role="right"/>
    <tag k="location" v="urban"/>
    <tag k="one_way" v="yes"/>
    <tag k="participant:vehicle" v="yes"/>
    <tag k="speed_limit" v="40"/>
    <tag k="subtype" v="road"/>
    <tag k="type" v="lanelet"/>
  </relation>
  <relation id="79" visible="true" version="1">
    <member type="way" ref="75" role="left"/>
    <member type="way" ref="74" role="right"/>
    <tag k="location" v="urban"/>
    <tag k="one_way" v="yes"/>
    <tag k="participant:vehicle" v="yes"/>
    <tag k="speed_limit" v="40"/>
    <tag k="subtype" v="road"/>
    <tag k="type" v="lanelet"/>
  </relation>
  <relation id="83" visible="true" version="1">
    <member type="way" ref="80" role="left"/>
    <member type="way" ref="81" role="right"/>
    <member type="relation" ref="163" role="regulatory_element"/>
    <member type="relation" ref="173" role="regulatory_element"/>
    <tag k="location" v="urban"/>
    <tag k="one_way" v="yes"/>
    <tag k="participant:vehicle" v="yes"/>
    <tag k="speed_limit" v="40"/>
    <tag k="subtype" v="road"/>
    <tag k="type" v="lanelet"/>
  </relation>
  <relation id="84" visible="true" version="1">
    <member type="way" ref="82" role="left"/>
    <member type="way" ref="81" role="right"/>
    <tag k="location" v="urban"/>
    <tag k="one_way" v="yes"/>
    <tag k="participant:vehicle" v="yes"/>
    <tag k="speed_limit" v="40"/>
    <tag k="subtype" v="road"/>
    <tag k="type" v="lanelet"/>
  </relation>
  <relation id="87" visible="true" version="1">
    <member type="way" ref="85" role="left"/>
    <member type="way" ref="86" role="right"/>
    <member type="relation" ref="151" role="regulatory_element"/>
    <tag k="cloudanalyzer_geometry_source" v="ground_supported_connection"/>
    <tag k="cloudanalyzer_review_required" v="yes"/>
    <tag k="location" v="urban"/>
    <tag k="one_way" v="yes"/>
    <tag k="participant:vehicle" v="yes"/>
    <tag k="speed_limit" v="40"/>
    <tag k="subtype" v="road"/>
    <tag k="turn_direction" v="straight"/>
    <tag k="type" v="lanelet"/>
  </relation>
  <relation id="90" visible="true" version="1">
    <member type="way" ref="88" role="left"/>
    <member type="way" ref="89" role="right"/>
    <member type="relation" ref="151" role="regulatory_element"/>
    <tag k="cloudanalyzer_geometry_source" v="ground_supported_connection"/>
    <tag k="cloudanalyzer_review_required" v="yes"/>
    <tag k="location" v="urban"/>
    <tag k="one_way" v="yes"/>
    <tag k="participant:vehicle" v="yes"/>
    <tag k="speed_limit" v="40"/>
    <tag k="subtype" v="road"/>
    <tag k="turn_direction" v="left"/>
    <tag k="type" v="lanelet"/>
  </relation>
  <relation id="93" visible="true" version="1">
    <member type="way" ref="91" role="left"/>
    <member type="way" ref="92" role="right"/>
    <member type="relation" ref="151" role="regulatory_element"/>
    <tag k="cloudanalyzer_geometry_source" v="ground_supported_connection"/>
    <tag k="cloudanalyzer_review_required" v="yes"/>
    <tag k="location" v="urban"/>
    <tag k="one_way" v="yes"/>
    <tag k="participant:vehicle" v="yes"/>
    <tag k="speed_limit" v="40"/>
    <tag k="subtype" v="road"/>
    <tag k="turn_direction" v="straight"/>
    <tag k="type" v="lanelet"/>
  </relation>
  <relation id="96" visible="true" version="1">
    <member type="way" ref="94" role="left"/>
    <member type="way" ref="95" role="right"/>
    <member type="relation" ref="151" role="regulatory_element"/>
    <tag k="cloudanalyzer_geometry_source" v="ground_supported_connection"/>
    <tag k="cloudanalyzer_review_required" v="yes"/>
    <tag k="location" v="urban"/>
    <tag k="one_way" v="yes"/>
    <tag k="participant:vehicle" v="yes"/>
    <tag k="speed_limit" v="40"/>
    <tag k="subtype" v="road"/>
    <tag k="turn_direction" v="straight"/>
    <tag k="type" v="lanelet"/>
  </relation>
  <relation id="99" visible="true" version="1">
    <member type="way" ref="97" role="left"/>
    <member type="way" ref="98" role="right"/>
    <member type="relation" ref="151" role="regulatory_element"/>
    <member type="relation" ref="161" role="regulatory_element"/>
    <tag k="cloudanalyzer_geometry_source" v="ground_supported_connection"/>
    <tag k="cloudanalyzer_review_required" v="yes"/>
    <tag k="location" v="urban"/>
    <tag k="one_way" v="yes"/>
    <tag k="participant:vehicle" v="yes"/>
    <tag k="speed_limit" v="40"/>
    <tag k="subtype" v="road"/>
    <tag k="turn_direction" v="right"/>
    <tag k="type" v="lanelet"/>
  </relation>
  <relation id="102" visible="true" version="1">
    <member type="way" ref="100" role="left"/>
    <member type="way" ref="101" role="right"/>
    <member type="relation" ref="157" role="regulatory_element"/>
    <tag k="cloudanalyzer_geometry_source" v="ground_supported_connection"/>
    <tag k="cloudanalyzer_review_required" v="yes"/>
    <tag k="location" v="urban"/>
    <tag k="one_way" v="yes"/>
    <tag k="participant:vehicle" v="yes"/>
    <tag k="speed_limit" v="40"/>
    <tag k="subtype" v="road"/>
    <tag k="turn_direction" v="straight"/>
    <tag k="type" v="lanelet"/>
  </relation>
  <relation id="105" visible="true" version="1">
    <member type="way" ref="103" role="left"/>
    <member type="way" ref="104" role="right"/>
    <tag k="cloudanalyzer_geometry_source" v="ground_supported_connection"/>
    <tag k="cloudanalyzer_review_required" v="yes"/>
    <tag k="location" v="urban"/>
    <tag k="one_way" v="yes"/>
    <tag k="participant:vehicle" v="yes"/>
    <tag k="speed_limit" v="40"/>
    <tag k="subtype" v="road"/>
    <tag k="turn_direction" v="straight"/>
    <tag k="type" v="lanelet"/>
  </relation>
  <relation id="108" visible="true" version="1">
    <member type="way" ref="106" role="left"/>
    <member type="way" ref="107" role="right"/>
    <member type="relation" ref="159" role="regulatory_element"/>
    <tag k="cloudanalyzer_geometry_source" v="ground_supported_connection"/>
    <tag k="cloudanalyzer_review_required" v="yes"/>
    <tag k="location" v="urban"/>
    <tag k="one_way" v="yes"/>
    <tag k="participant:vehicle" v="yes"/>
    <tag k="speed_limit" v="40"/>
    <tag k="subtype" v="road"/>
    <tag k="turn_direction" v="straight"/>
    <tag k="type" v="lanelet"/>
  </relation>
  <relation id="111" visible="true" version="1">
    <member type="way" ref="109" role="left"/>
    <member type="way" ref="110" role="right"/>
    <member type="relation" ref="149" role="regulatory_element"/>
    <tag k="cloudanalyzer_geometry_source" v="ground_supported_connection"/>
    <tag k="cloudanalyzer_review_required" v="yes"/>
    <tag k="location" v="urban"/>
    <tag k="one_way" v="yes"/>
    <tag k="participant:vehicle" v="yes"/>
    <tag k="speed_limit" v="40"/>
    <tag k="subtype" v="road"/>
    <tag k="turn_direction" v="right"/>
    <tag k="type" v="lanelet"/>
  </relation>
  <relation id="114" visible="true" version="1">
    <member type="way" ref="112" role="left"/>
    <member type="way" ref="113" role="right"/>
    <member type="relation" ref="155" role="regulatory_element"/>
    <tag k="cloudanalyzer_geometry_source" v="ground_supported_connection"/>
    <tag k="cloudanalyzer_review_required" v="yes"/>
    <tag k="location" v="urban"/>
    <tag k="one_way" v="yes"/>
    <tag k="participant:vehicle" v="yes"/>
    <tag k="speed_limit" v="40"/>
    <tag k="subtype" v="road"/>
    <tag k="turn_direction" v="straight"/>
    <tag k="type" v="lanelet"/>
  </relation>
  <relation id="117" visible="true" version="1">
    <member type="way" ref="115" role="left"/>
    <member type="way" ref="116" role="right"/>
    <member type="relation" ref="155" role="regulatory_element"/>
    <tag k="cloudanalyzer_geometry_source" v="ground_supported_connection"/>
    <tag k="cloudanalyzer_review_required" v="yes"/>
    <tag k="location" v="urban"/>
    <tag k="one_way" v="yes"/>
    <tag k="participant:vehicle" v="yes"/>
    <tag k="speed_limit" v="40"/>
    <tag k="subtype" v="road"/>
    <tag k="turn_direction" v="straight"/>
    <tag k="type" v="lanelet"/>
  </relation>
  <relation id="120" visible="true" version="1">
    <member type="way" ref="118" role="left"/>
    <member type="way" ref="119" role="right"/>
    <member type="relation" ref="159" role="regulatory_element"/>
    <tag k="cloudanalyzer_geometry_source" v="ground_supported_connection"/>
    <tag k="cloudanalyzer_review_required" v="yes"/>
    <tag k="location" v="urban"/>
    <tag k="one_way" v="yes"/>
    <tag k="participant:vehicle" v="yes"/>
    <tag k="speed_limit" v="40"/>
    <tag k="subtype" v="road"/>
    <tag k="turn_direction" v="straight"/>
    <tag k="type" v="lanelet"/>
  </relation>
  <relation id="123" visible="true" version="1">
    <member type="way" ref="121" role="left"/>
    <member type="way" ref="122" role="right"/>
    <member type="relation" ref="153" role="regulatory_element"/>
    <member type="relation" ref="159" role="regulatory_element"/>
    <tag k="cloudanalyzer_geometry_source" v="ground_supported_connection"/>
    <tag k="cloudanalyzer_review_required" v="yes"/>
    <tag k="location" v="urban"/>
    <tag k="one_way" v="yes"/>
    <tag k="participant:vehicle" v="yes"/>
    <tag k="speed_limit" v="40"/>
    <tag k="subtype" v="road"/>
    <tag k="turn_direction" v="right"/>
    <tag k="type" v="lanelet"/>
  </relation>
  <relation id="126" visible="true" version="1">
    <member type="way" ref="124" role="left"/>
    <member type="way" ref="125" role="right"/>
    <member type="relation" ref="159" role="regulatory_element"/>
    <tag k="cloudanalyzer_geometry_source" v="ground_supported_connection"/>
    <tag k="cloudanalyzer_review_required" v="yes"/>
    <tag k="location" v="urban"/>
    <tag k="one_way" v="yes"/>
    <tag k="participant:vehicle" v="yes"/>
    <tag k="speed_limit" v="40"/>
    <tag k="subtype" v="road"/>
    <tag k="turn_direction" v="straight"/>
    <tag k="type" v="lanelet"/>
  </relation>
  <relation id="129" visible="true" version="1">
    <member type="way" ref="127" role="left"/>
    <member type="way" ref="128" role="right"/>
    <member type="relation" ref="159" role="regulatory_element"/>
    <tag k="cloudanalyzer_geometry_source" v="ground_supported_connection"/>
    <tag k="cloudanalyzer_review_required" v="yes"/>
    <tag k="location" v="urban"/>
    <tag k="one_way" v="yes"/>
    <tag k="participant:vehicle" v="yes"/>
    <tag k="speed_limit" v="40"/>
    <tag k="subtype" v="road"/>
    <tag k="turn_direction" v="straight"/>
    <tag k="type" v="lanelet"/>
  </relation>
  <relation id="132" visible="true" version="1">
    <member type="way" ref="130" role="left"/>
    <member type="way" ref="131" role="right"/>
    <member type="relation" ref="159" role="regulatory_element"/>
    <member type="relation" ref="161" role="regulatory_element"/>
    <tag k="cloudanalyzer_geometry_source" v="ground_supported_connection"/>
    <tag k="cloudanalyzer_review_required" v="yes"/>
    <tag k="location" v="urban"/>
    <tag k="one_way" v="yes"/>
    <tag k="participant:vehicle" v="yes"/>
    <tag k="speed_limit" v="40"/>
    <tag k="subtype" v="road"/>
    <tag k="turn_direction" v="left"/>
    <tag k="type" v="lanelet"/>
  </relation>
  <relation id="135" visible="true" version="1">
    <member type="way" ref="133" role="left"/>
    <member type="way" ref="134" role="right"/>
    <member type="relation" ref="149" role="regulatory_element"/>
    <tag k="cloudanalyzer_geometry_source" v="ground_supported_connection"/>
    <tag k="cloudanalyzer_review_required" v="yes"/>
    <tag k="location" v="urban"/>
    <tag k="one_way" v="yes"/>
    <tag k="participant:vehicle" v="yes"/>
    <tag k="speed_limit" v="40"/>
    <tag k="subtype" v="road"/>
    <tag k="turn_direction" v="left"/>
    <tag k="type" v="lanelet"/>
  </relation>
  <relation id="138" visible="true" version="1">
    <member type="way" ref="136" role="left"/>
    <member type="way" ref="137" role="right"/>
    <member type="relation" ref="149" role="regulatory_element"/>
    <member type="relation" ref="161" role="regulatory_element"/>
    <tag k="cloudanalyzer_geometry_source" v="ground_supported_connection"/>
    <tag k="cloudanalyzer_review_required" v="yes"/>
    <tag k="location" v="urban"/>
    <tag k="one_way" v="yes"/>
    <tag k="participant:vehicle" v="yes"/>
    <tag k="speed_limit" v="40"/>
    <tag k="subtype" v="road"/>
    <tag k="turn_direction" v="straight"/>
    <tag k="type" v="lanelet"/>
  </relation>
  <relation id="141" visible="true" version="1">
    <member type="way" ref="139" role="left"/>
    <member type="way" ref="140" role="right"/>
    <member type="relation" ref="149" role="regulatory_element"/>
    <member type="relation" ref="161" role="regulatory_element"/>
    <tag k="cloudanalyzer_geometry_source" v="ground_supported_connection"/>
    <tag k="cloudanalyzer_review_required" v="yes"/>
    <tag k="location" v="urban"/>
    <tag k="one_way" v="yes"/>
    <tag k="participant:vehicle" v="yes"/>
    <tag k="speed_limit" v="40"/>
    <tag k="subtype" v="road"/>
    <tag k="turn_direction" v="straight"/>
    <tag k="type" v="lanelet"/>
  </relation>
  <relation id="144" visible="true" version="1">
    <member type="way" ref="142" role="left"/>
    <member type="way" ref="143" role="right"/>
    <member type="relation" ref="159" role="regulatory_element"/>
    <member type="relation" ref="161" role="regulatory_element"/>
    <tag k="cloudanalyzer_geometry_source" v="ground_supported_connection"/>
    <tag k="cloudanalyzer_review_required" v="yes"/>
    <tag k="location" v="urban"/>
    <tag k="one_way" v="yes"/>
    <tag k="participant:vehicle" v="yes"/>
    <tag k="speed_limit" v="40"/>
    <tag k="subtype" v="road"/>
    <tag k="turn_direction" v="right"/>
    <tag k="type" v="lanelet"/>
  </relation>
  <relation id="147" visible="true" version="1">
    <member type="way" ref="145" role="left"/>
    <member type="way" ref="146" role="right"/>
    <member type="relation" ref="153" role="regulatory_element"/>
    <member type="relation" ref="157" role="regulatory_element"/>
    <tag k="cloudanalyzer_geometry_source" v="ground_supported_connection"/>
    <tag k="cloudanalyzer_review_required" v="yes"/>
    <tag k="location" v="urban"/>
    <tag k="one_way" v="yes"/>
    <tag k="participant:vehicle" v="yes"/>
    <tag k="speed_limit" v="40"/>
    <tag k="subtype" v="road"/>
    <tag k="turn_direction" v="left"/>
    <tag k="type" v="lanelet"/>
  </relation>
  <relation id="148" visible="true" version="1">
    <member type="way" ref="174" role="left"/>
    <member type="way" ref="175" role="right"/>
    <tag k="cloudanalyzer_classification_source" v="user_confirmed_automatic_proposal"/>
    <tag k="cloudanalyzer_discovery" v="[&quot;[[-9314.580948,-40808.814245,28.695599],[-9308.981584,-40804.371285,28.927785],{\&quot;kind\&quot;:\&quot;repeated_paint\&quot;,\&quot;measurement\&quot;:{\&quot;angle_degrees\&quot;:62.0,\&quot;left_edge\&quot;:[[-9310.145013,-40808.714245,28.827785],[-9309.081584,-40806.788026,28.811018]],\&quot;length\&quot;:4.92646,\&quot;outline\&quot;:[[-9310.145013,-40808.714245,28.827785],[-9309.081584,-40806.788026,28.811018],[-9313.438741,-40804.471285,28.795599],[-9314.480948,-40806.408787,28.812441]],\&quot;right_edge\&quot;:[[-9314.480948,-40806.408787,28.812441],[-9313.438741,-40804.471285,28.795599]],\&quot;score\&quot;:37.847034,\&quot;stripe_count\&quot;:3,\&quot;stripes\&quot;:[[[-9310.145013,-40808.714245,28.827785],[-9309.957224,-40808.361066,28.824717],[-9314.29316,-40806.055608,28.809373],[-9314.480948,-40806.408787,28.812441]],[[-9309.708618,-40807.926967,28.82093],[-9309.520829,-40807.573788,28.817862],[-9313.947205,-40805.220243,28.802199],[-9314.134993,-40805.573422,28.805267]],[[-9309.269372,-40807.141205,28.814086],[-9309.081584,-40806.788026,28.811018],[-9313.438741,-40804.471285,28.795599],[-9313.62653,-40804.824464,28.798668]]],\&quot;width\&quot;:2.2},\&quot;options\&quot;:{\&quot;brightness_fraction\&quot;:0.65,\&quot;candidate\&quot;:3,\&quot;lanes\&quot;:[],\&quot;max\&quot;:[-9290.0,-40778.0,30.10975],\&quot;min\&quot;:[-9326.0,-40814.0,27.10975]}}]&quot;,&quot;crosswalk&quot;,[69,111,135,138,141]]"/>
    <tag k="cloudanalyzer_geometry_source" v="point_cloud_brightness_stripes"/>
    <tag k="cloudanalyzer_outline_source" v="observed_band_envelope_20cm_simplification"/>
    <tag k="cloudanalyzer_paint_bands" v="[[[-9310.145012784511,-40808.71424509223,28.827784787134295],[-9309.957224159396,-40808.36106605509,28.824716544355876],[-9314.29315953002,-40806.055608323455,28.80937319879738],[-9314.480948155133,-40806.4087873606,28.8124414415758]],[[-9309.708617938853,-40807.92696730197,28.820930323473508],[-9309.52082931374,-40807.57378826483,28.81786208069509],[-9313.947204859129,-40805.220242639276,28.802198699265393],[-9314.134993484242,-40805.57342167642,28.805266942043815]],[[-9309.269372429248,-40807.14120523663,28.81408594730673],[-9309.081583804134,-40806.78802619949,28.811017704528304],[-9313.43874099868,-40804.47128462391,28.795599262422005],[-9313.626529623794,-40804.824463661054,28.798667505200424]]]"/>
    <tag k="cloudanalyzer_review_required" v="yes"/>
    <tag k="location" v="urban"/>
    <tag k="one_way" v="no"/>
    <tag k="participant:pedestrian" v="yes"/>
    <tag k="subtype" v="crosswalk"/>
    <tag k="type" v="lanelet"/>
  </relation>
  <relation id="149" visible="true" version="1">
    <member type="relation" ref="148" role="refers"/>
    <tag k="cloudanalyzer_lanes_source" v="user_selected"/>
    <tag k="cloudanalyzer_review_required" v="yes"/>
    <tag k="subtype" v="crosswalk"/>
    <tag k="type" v="regulatory_element"/>
  </relation>
  <relation id="150" visible="true" version="1">
    <member type="way" ref="176" role="left"/>
    <member type="way" ref="177" role="right"/>
    <tag k="cloudanalyzer_classification_source" v="user_confirmed_automatic_proposal"/>
    <tag k="cloudanalyzer_discovery" v="[&quot;[[-9313.46918,-40826.667172,28.499519],[-9298.124668,-40814.841299,28.917903],{\&quot;kind\&quot;:\&quot;repeated_paint\&quot;,\&quot;measurement\&quot;:{\&quot;angle_degrees\&quot;:148.0,\&quot;left_edge\&quot;:[[-9298.224668,-40822.569457,28.817903],[-9300.847701,-40820.91724,28.781143],[-9302.619615,-40820.356151,28.755708],[-9303.899749,-40819.008049,28.738356],[-9306.308304,-40817.767428,28.704301],[-9307.037822,-40817.802652,28.69354],[-9307.513298,-40816.865201,28.687569],[-9311.027824,-40814.941299,28.638001]],\&quot;length\&quot;:4.323451,\&quot;outline\&quot;:[[-9298.224668,-40822.569457,28.817903],[-9300.847701,-40820.91724,28.781143],[-9302.619615,-40820.356151,28.755708],[-9303.899749,-40819.008049,28.738356],[-9306.308304,-40817.767428,28.704301],[-9307.037822,-40817.802652,28.69354],[-9307.513298,-40816.865201,28.687569],[-9311.027824,-40814.941299,28.638001],[-9313.36918,-40818.688252,28.599519],[-9303.672569,-40824.305726,28.735944],[-9303.007849,-40824.3742,28.74564],[-9301.256543,-40825.534392,28.770121],[-9301.146742,-40826.302213,28.770901],[-9300.722718,-40826.567172,28.776846]],\&quot;right_edge\&quot;:[[-9300.722718,-40826.567172,28.776846],[-9301.146742,-40826.302213,28.770901],[-9301.256543,-40825.534392,28.770121],[-9303.007849,-40824.3742,28.74564],[-9303.672569,-40824.305726,28.735944],[-9313.36918,-40818.688252,28.599519]],\&quot;score\&quot;:933.967671,\&quot;stripe_count\&quot;:17,\&quot;stripes\&quot;:[[[-9298.224668,-40822.569457,28.817903],[-9298.648692,-40822.304497,28.811959],[-9301.146742,-40826.302213,28.770901],[-9300.722718,-40826.567172,28.776846]],[[-9299.11353,-40822.104853,28.805343],[-9299.452749,-40821.892886,28.800587],[-9301.595762,-40825.322424,28.765365],[-9301.256543,-40825.534392,28.770121]],[[-9299.860303,-40821.601569,28.794913],[-9300.114718,-40821.442594,28.791346],[-9302.280869,-40824.90916,28.755744],[-9302.026455,-40825.068136,28.759311]],[[-9300.593287,-40821.076216,28.78471],[-9300.847701,-40820.91724,28.781143],[-9303.007849,-40824.3742,28.74564],[-9302.753435,-40824.533176,28.749206]],[[-9301.459491,-40820.76406,28.772317],[-9301.79871,-40820.552092,28.767561],[-9304.011788,-40824.093758,28.731188],[-9303.672569,-40824.305726,28.735944]],[[-9302.365201,-40820.515127,28.759275],[-9302.619615,-40820.356151,28.755708],[-9304.648174,-40823.602524,28.722367],[-9304.393759,-40823.7615,28.725934]],[[-9302.953748,-40819.758628,28.751446],[-9303.292967,-40819.54666,28.74669],[-9305.477962,-40823.043383,28.710778],[-9305.138743,-40823.25535,28.715534]],[[-9303.645334,-40819.167025,28.741923],[-9303.899749,-40819.008049,28.738356],[-9306.230372,-40822.737827,28.700051],[-9305.975958,-40822.896803,28.703617]],[[-9304.483608,-40818.810172,28.729989],[-9304.822827,-40818.598204,28.725233],[-9307.113907,-40822.264698,28.687578],[-9306.774688,-40822.476666,28.692334]],[[-9305.247588,-40818.334424,28.719276],[-9305.502003,-40818.175448,28.715709],[-9307.789911,-40821.836866,28.678106],[-9307.535496,-40821.995842,28.681673]],[[-9306.05389,-40817.926404,28.707868],[-9306.308304,-40817.767428,28.704301],[-9308.583853,-40821.409067,28.666901],[-9308.329438,-40821.568043,28.670468]],[[-9307.037822,-40817.802652,28.69354],[-9307.292236,-40817.643676,28.689973],[-9309.367153,-40820.964237,28.655871],[-9309.112738,-40821.123213,28.659438]],[[-9307.513298,-40816.865201,28.687569],[-9307.852517,-40816.653234,28.682814],[-9310.256317,-40820.500117,28.643305],[-9309.917098,-40820.712085,28.648061]],[[-9308.323523,-40816.463461,28.676097],[-9308.662742,-40816.251493,28.671341],[-9310.989318,-40819.974793,28.633102],[-9310.650099,-40820.18676,28.637858]],[[-9309.066372,-40815.953896,28.665731],[-9309.405591,-40815.741928,28.660975],[-9311.824275,-40819.612631,28.621223],[-9311.485055,-40819.824598,28.625978]],[[-9309.823371,-40815.466976,28.655133],[-9310.162591,-40815.255008,28.650377],[-9312.5564,-40819.085904,28.611033],[-9312.217181,-40819.297872,28.615789]],[[-9310.688604,-40815.153266,28.642756],[-9311.027824,-40814.941299,28.638001],[-9313.36918,-40818.688252,28.599519],[-9313.029961,-40818.90022,28.604275]]],\&quot;width\&quot;:14.9},\&quot;options\&quot;:{\&quot;brightness_fraction\&quot;:0.65,\&quot;candidate\&quot;:0,\&quot;lanes\&quot;:[],\&quot;max\&quot;:[-9298.0,-40810.0,30.112238],\&quot;min\&quot;:[-9318.0,-40830.0,27.112238]}}]&quot;,&quot;crosswalk&quot;,[87,90,93,96,99]]"/>
    <tag k="cloudanalyzer_geometry_source" v="point_cloud_brightness_stripes"/>
    <tag k="cloudanalyzer_outline_source" v="observed_band_envelope_20cm_simplification"/>
    <tag k="cloudanalyzer_paint_bands" v="[[[-9298.224667570936,-40822.56945667199,28.817903464699555],[-9298.648691619015,-40822.30449703988,28.811958693138894],[-9301.146741655575,-40826.302212768656,28.770901478429906],[-9300.722717607498,-40826.56717240077,28.776846249990562]],[[-9299.113529533493,-40822.10485324742,28.80534311689002],[-9299.452748771957,-40821.89288554173,28.800587299641492],[-9301.595762428877,-40825.32242429311,28.76536535830777],[-9301.256543190413,-40825.5343919988,28.770121175556294]],[[-9299.860303406898,-40821.6015693391,28.79491321450478],[-9300.114717835746,-40821.442593559834,28.791346351568386],[-9302.280869263614,-40824.90916048498,28.755744124645595],[-9302.026454834766,-40825.06813626425,28.75931098758199]],[[-9300.593286626563,-40821.07621577142,28.784709971242997],[-9300.84770105541,-40820.917239992144,28.781143108306605],[-9303.007849369335,-40824.37419992677,28.745639546796607],[-9302.753434940489,-40824.53317570604,28.749206409733002]],[[-9301.459490644318,-40820.7640600469,28.772317150178196],[-9301.79870988278,-40820.55209234121,28.767561332929667],[-9304.01178830039,-40824.09375814839,28.731187827823753],[-9303.672569061928,-40824.30572585408,28.73594364507228]],[[-9302.36520065356,-40820.51512712467,28.759275020272067],[-9302.619615082405,-40820.356151345404,28.755708157335672],[-9304.648173890144,-40823.60252404962,28.722367362195403],[-9304.393759461296,-40823.761499828885,28.725934225131795]],[[-9302.953747791073,-40819.75862750748,28.75144568591916],[-9303.292967029534,-40819.54665980179,28.746689868670632],[-9305.477961883833,-40823.0433825129,28.71077793674051],[-9305.138742645371,-40823.25535021859,28.715533753989035]],[[-9303.645334226978,-40819.16702523736,28.741922828003602],[-9303.899748655826,-40819.00804945809,28.73835596506721],[-9306.230372464348,-40822.73782721307,28.70005051853413],[-9305.9759580355,-40822.89680299234,28.703617381470522]],[[-9304.483607938599,-40818.810171679535,28.72998906122475],[-9304.82282717706,-40818.59820397384,28.725233243976223],[-9307.11390689095,-40822.26469794876,28.687577732536564],[-9306.774687652487,-40822.47666565445,28.69233354978509]],[[-9305.247588100188,-40818.334423588305,28.719276361354286],[-9305.502002529034,-40818.17544780904,28.71570949841789],[-9307.789910648296,-40821.836866171565,28.678106114373474],[-9307.535496219449,-40821.99584195083,28.681672977309866]],[[-9306.053889609608,-40817.926403811325,28.7078680802748],[-9306.308304038454,-40817.76742803206,28.704301217338404],[-9308.583852682239,-40821.409067099215,28.666900969992984],[-9308.329438253391,-40821.56804287849,28.67046783292938]],[[-9307.03782156357,-40817.80265216816,28.69354031752211],[-9307.292235992416,-40817.64367638889,28.68997345458572],[-9309.36715284047,-40820.96423746572,28.655870732347566],[-9309.112738411623,-40821.12321324499,28.65943759528396]],[[-9307.513297791196,-40816.865201269655,28.687569383343963],[-9307.85251702966,-40816.65323356396,28.682813566095437],[-9310.25631687901,-40820.50011746378,28.643305419706156],[-9309.917097640548,-40820.71208516947,28.648061236954682]],[[-9308.32352309493,-40816.4634608762,28.676096611936725],[-9308.662742333392,-40816.25149317051,28.6713407946882],[-9310.989318118938,-40819.974792734545,28.633101880268597],[-9310.650098880476,-40820.186760440236,28.637857697517124]],[[-9309.066371928968,-40815.95389559185,28.665731220342586],[-9309.40559116743,-40815.741927886156,28.66097540309406],[-9311.824274603445,-40819.61263050363,28.621222634457656],[-9311.485055364983,-40819.82459820932,28.62597845170618]],[[-9309.823371487117,-40815.4669761999,28.655133251614423],[-9310.162590725578,-40815.25500849421,28.650377434365897],[-9312.556399848481,-40819.08590388952,28.61103349261418],[-9312.217180610018,-40819.29787159521,28.615789309862706]],[[-9310.68860436267,-40815.15326632299,28.64275639195684],[-9311.02782360113,-40814.9412986173,28.638000574708315],[-9313.369180190715,-40818.68825241241,28.59951872734658],[-9313.029960952254,-40818.9002201181,28.60427454459511]]]"/>
    <tag k="cloudanalyzer_review_required" v="yes"/>
    <tag k="location" v="urban"/>
    <tag k="one_way" v="no"/>
    <tag k="participant:pedestrian" v="yes"/>
    <tag k="subtype" v="crosswalk"/>
    <tag k="type" v="lanelet"/>
  </relation>
  <relation id="151" visible="true" version="1">
    <member type="relation" ref="150" role="refers"/>
    <tag k="cloudanalyzer_lanes_source" v="user_selected"/>
    <tag k="cloudanalyzer_review_required" v="yes"/>
    <tag k="subtype" v="crosswalk"/>
    <tag k="type" v="regulatory_element"/>
  </relation>
  <relation id="152" visible="true" version="1">
    <member type="way" ref="178" role="left"/>
    <member type="way" ref="179" role="right"/>
    <tag k="cloudanalyzer_classification_source" v="user_confirmed_automatic_proposal"/>
    <tag k="cloudanalyzer_discovery" v="[&quot;[[-9307.212016,-40793.129646,28.524728],[-9300.939143,-40784.616734,28.793005],{\&quot;kind\&quot;:\&quot;repeated_paint\&quot;,\&quot;measurement\&quot;:{\&quot;angle_degrees\&quot;:46.0,\&quot;left_edge\&quot;:[[-9303.56205,-40793.029646,28.693005],[-9302.67971,-40792.074499,28.684391],[-9302.487632,-40790.452774,28.670867],[-9301.28905,-40788.412855,28.653049],[-9301.039143,-40787.403039,28.644518]],\&quot;length\&quot;:4.806578,\&quot;outline\&quot;:[[-9303.56205,-40793.029646,28.693005],[-9302.67971,-40792.074499,28.684391],[-9302.487632,-40790.452774,28.670867],[-9301.28905,-40788.412855,28.653049],[-9301.039143,-40787.403039,28.644518],[-9303.820894,-40784.716734,28.624728],[-9305.952486,-40787.106804,28.646217],[-9307.112016,-40789.601484,28.667749]],\&quot;right_edge\&quot;:[[-9307.112016,-40789.601484,28.667749],[-9305.952486,-40787.106804,28.646217],[-9303.820894,-40784.716734,28.624728]],\&quot;score\&quot;:156.805745,\&quot;stripe_count\&quot;:7,\&quot;stripes\&quot;:[[[-9303.56205,-40793.029646,28.693005],[-9303.284187,-40792.74191,28.6904],[-9306.834152,-40789.313748,28.665144],[-9307.112016,-40789.601484,28.667749]],[[-9302.957573,-40792.362235,28.686996],[-9302.67971,-40792.074499,28.684391],[-9306.428439,-40788.454393,28.657721],[-9306.706303,-40788.742129,28.660326]],[[-9302.670855,-40791.387968,28.678727],[-9302.392992,-40791.100232,28.676122],[-9306.106785,-40787.513864,28.649701],[-9306.384648,-40787.8016,28.652306]],[[-9302.487632,-40790.452774,28.670867],[-9302.140303,-40790.093104,28.667611],[-9305.605156,-40786.747134,28.642961],[-9305.952486,-40787.106804,28.646217]],[[-9301.975034,-40789.557621,28.66306],[-9301.69717,-40789.269885,28.660455],[-9304.972673,-40786.106769,28.637151],[-9305.250536,-40786.394504,28.639756]],[[-9301.566913,-40788.700591,28.655654],[-9301.28905,-40788.412855,28.653049],[-9304.422708,-40785.386716,28.630755],[-9304.700571,-40785.674452,28.63336]],[[-9301.247541,-40787.618841,28.646472],[-9301.039143,-40787.403039,28.644518],[-9303.820894,-40784.716734,28.624728],[-9304.029292,-40784.932536,28.626682]]],\&quot;width\&quot;:5.8},\&quot;options\&quot;:{\&quot;brightness_fraction\&quot;:0.65,\&quot;candidate\&quot;:0,\&quot;lanes\&quot;:[],\&quot;max\&quot;:[-9290.0,-40778.0,30.10975],\&quot;min\&quot;:[-9326.0,-40814.0,27.10975]}}]&quot;,&quot;crosswalk&quot;,[123,147]]"/>
    <tag k="cloudanalyzer_geometry_source" v="point_cloud_brightness_stripes"/>
    <tag k="cloudanalyzer_outline_source" v="observed_band_envelope_20cm_simplification"/>
    <tag k="cloudanalyzer_paint_bands" v="[[[-9303.56204990437,-40793.029645770206,28.693004694384665],[-9303.284186556188,-40792.74190985007,28.690399795082936],[-9306.834152335568,-40789.313747745975,28.665143724792777],[-9307.112015683753,-40789.601483666105,28.66774862409451]],[[-9302.957573352587,-40792.362234758984,28.68699628804544],[-9302.679710004402,-40792.07449883885,28.684391388743705],[-9306.428439313651,-40788.45439302512,28.65772122434858],[-9306.706302661836,-40788.742128945254,28.660326123650314]],[[-9302.670854956626,-40791.387968263574,28.67872720573986],[-9302.392991608443,-40791.100232343444,28.676122306438128],[-9306.106784928328,-40787.513863822474,28.64970069255247],[-9306.384648276513,-40787.80159974261,28.6523055918542]],[[-9302.48763208444,-40790.452773661724,28.67086724559921],[-9302.14030289921,-40790.09310376155,28.667611121472046],[-9305.605156323074,-40786.74713370378,28.642960579169234],[-9305.952485508304,-40787.10680360394,28.646216703296396]],[[-9301.975033670371,-40789.557620605156,28.663059740054713],[-9301.697170322186,-40789.26988468502,28.660454840752976],[-9304.972673011505,-40786.1067685061,28.63715142565036],[-9305.250536359688,-40786.39450442623,28.639756324952092]],[[-9301.56691338098,-40788.700590555476,28.65565436600561],[-9301.289050032798,-40788.41285463534,28.653049466703873],[-9304.422708098607,-40785.3867162171,28.63075519873231],[-9304.70057144679,-40785.67445213724,28.63336009803404]],[[-9301.247540895976,-40787.61884138821,28.646472163365516],[-9301.03914338484,-40787.40303944811,28.644518488889215],[-9303.820894008097,-40784.71673409692,28.62472785043328],[-9304.029291519235,-40784.93253603702,28.626681524909582]]]"/>
    <tag k="cloudanalyzer_review_required" v="yes"/>
    <tag k="location" v="urban"/>
    <tag k="one_way" v="no"/>
    <tag k="participant:pedestrian" v="yes"/>
    <tag k="subtype" v="crosswalk"/>
    <tag k="type" v="lanelet"/>
  </relation>
  <relation id="153" visible="true" version="1">
    <member type="relation" ref="152" role="refers"/>
    <tag k="cloudanalyzer_lanes_source" v="user_selected"/>
    <tag k="cloudanalyzer_review_required" v="yes"/>
    <tag k="subtype" v="crosswalk"/>
    <tag k="type" v="regulatory_element"/>
  </relation>
  <relation id="154" visible="true" version="1">
    <member type="way" ref="180" role="left"/>
    <member type="way" ref="181" role="right"/>
    <tag k="cloudanalyzer_classification_source" v="user_confirmed_automatic_proposal"/>
    <tag k="cloudanalyzer_discovery" v="[&quot;[[-9297.664845,-40832.867349,28.556528],[-9285.634541,-40823.275921,28.883631],{\&quot;kind\&quot;:\&quot;repeated_paint\&quot;,\&quot;measurement\&quot;:{\&quot;angle_degrees\&quot;:148.0,\&quot;left_edge\&quot;:[[-9285.734541,-40829.145077,28.680845],[-9293.653061,-40824.078807,28.768617],[-9295.33637,-40823.375921,28.783631]],\&quot;length\&quot;:4.424391,\&quot;outline\&quot;:[[-9285.734541,-40829.145077,28.680845],[-9293.653061,-40824.078807,28.768617],[-9295.33637,-40823.375921,28.783631],[-9297.564845,-40826.942226,28.759689],[-9287.997988,-40832.767349,28.656528]],\&quot;right_edge\&quot;:[[-9287.997988,-40832.767349,28.656528],[-9297.564845,-40826.942226,28.759689]],\&quot;score\&quot;:630.473996,\&quot;stripe_count\&quot;:13,\&quot;stripes\&quot;:[[[-9285.734541,-40829.145077,28.680845],[-9286.07376,-40828.933109,28.684556],[-9288.337207,-40832.555382,28.660239],[-9287.997988,-40832.767349,28.656528]],[[-9286.424932,-40828.551562,28.689977],[-9286.679346,-40828.392586,28.69276],[-9289.077089,-40832.229776,28.667],[-9288.822674,-40832.388752,28.664217]],[[-9287.299613,-40828.252972,28.697129],[-9287.638832,-40828.041004,28.700839],[-9289.930624,-40831.708637,28.676218],[-9289.591404,-40831.920605,28.672507]],[[-9287.996441,-40827.669758,28.706191],[-9288.33566,-40827.45779,28.709902],[-9290.687059,-40831.220815,28.68464],[-9290.34784,-40831.432783,28.68093]],[[-9288.753759,-40827.183348,28.714604],[-9289.092978,-40826.97138,28.718315],[-9291.418114,-40830.692376,28.693335],[-9291.078895,-40830.904344,28.689624]],[[-9289.486228,-40826.657171,28.723284],[-9289.825447,-40826.445204,28.726994],[-9292.218528,-40830.274933,28.701285],[-9291.879308,-40830.486901,28.697574]],[[-9290.239794,-40826.164758,28.731737],[-9290.579014,-40825.95279,28.735447],[-9292.939188,-40829.729858,28.710091],[-9292.599968,-40829.941826,28.706381]],[[-9291.116964,-40825.870151,28.738862],[-9291.456183,-40825.658184,28.742573],[-9293.694497,-40829.240235,28.718526],[-9293.355278,-40829.452202,28.714815]],[[-9291.827114,-40825.308256,28.747781],[-9292.166333,-40825.096288,28.751492],[-9294.452135,-40828.754336,28.726935],[-9294.112916,-40828.966304,28.723224]],[[-9292.58273,-40824.819123,28.756212],[-9292.921949,-40824.607155,28.759923],[-9295.284518,-40828.388056,28.734541],[-9294.945299,-40828.600024,28.730831]],[[-9293.313842,-40824.290774,28.764907],[-9293.653061,-40824.078807,28.768617],[-9296.096668,-40827.989395,28.742365],[-9295.757448,-40828.201363,28.738654]],[[-9294.143669,-40823.920404,28.77254],[-9294.482889,-40823.708437,28.776251],[-9296.775278,-40827.377027,28.751623],[-9296.436059,-40827.588995,28.747913]],[[-9294.997151,-40823.587889,28.77992],[-9295.33637,-40823.375921,28.783631],[-9297.564845,-40826.942226,28.759689],[-9297.225625,-40827.154193,28.755979]]],\&quot;width\&quot;:11.2},\&quot;options\&quot;:{\&quot;brightness_fraction\&quot;:0.65,\&quot;candidate\&quot;:0,\&quot;lanes\&quot;:[],\&quot;max\&quot;:[-9282.0,-40818.0,30.180737],\&quot;min\&quot;:[-9302.0,-40838.0,27.180737]}}]&quot;,&quot;crosswalk&quot;,[114,117]]"/>
    <tag k="cloudanalyzer_geometry_source" v="point_cloud_brightness_stripes"/>
    <tag k="cloudanalyzer_outline_source" v="observed_band_envelope_20cm_simplification"/>
    <tag k="cloudanalyzer_paint_bands" v="[[[-9285.734540919506,-40829.145077022615,28.680845175281142],[-9286.07376015797,-40828.933109316924,28.68455586898355],[-9288.337207166938,-40832.555381720034,28.660238999821427],[-9287.997987928475,-40832.767349425725,28.656528306119014]],[[-9286.424931956912,-40828.551561714994,28.689976909000922],[-9286.679346385758,-40828.392585935726,28.69275992927773],[-9289.077088883723,-40832.22977604697,28.667000284639943],[-9288.822674454876,-40832.38875182624,28.664217264363135]],[[-9287.299612696319,-40828.25297158084,28.69712876488227],[-9287.63883193478,-40828.04100387514,28.700839458584678],[-9289.930623568585,-40831.70863716009,28.676218074878648],[-9289.591404330124,-40831.92060486578,28.672507381176235]],[[-9287.996441019595,-40827.66975808407,28.70619134096871],[-9288.335660258059,-40827.45779037838,28.709902034671124],[-9290.687059260239,-40831.22081539312,28.684640271679793],[-9290.347840021777,-40831.43278309882,28.680929577977384]],[[-9288.753758825214,-40827.18334799454,28.71460406096312],[-9289.092978063678,-40826.97138028885,28.718314754665535],[-9291.418114262427,-40830.692376032435,28.693335140605605],[-9291.078895023966,-40830.904343738126,28.689624446903192]],[[-9289.48622774432,-40826.65717137392,28.723283739768465],[-9289.825446982784,-40826.44520366823,28.726994433470878],[-9292.218527583296,-40830.274933184,28.70128487295256],[-9291.879308344834,-40830.48690088969,28.697574179250147]],[[-9290.239794331475,-40826.164758079954,28.73173676019326],[-9290.579013569937,-40825.95279037426,28.73544745389567],[-9292.93918760626,-40829.729858379134,28.71009141816181],[-9292.599968367798,-40829.941826084825,28.706380724459397]],[[-9291.116964189005,-40825.87015136747,28.738861874755067],[-9291.456183427468,-40825.65818366178,28.74257256845748],[-9293.694497215442,-40829.2402345035,28.71852571279429],[-9293.35527797698,-40829.45220220919,28.714815019091876]],[[-9291.827113531594,-40825.30825595787,28.747781339258864],[-9292.166332770055,-40825.09628825218,28.751492032961277],[-9294.45213492067,-40828.75433636036,28.726934996014215],[-9294.112915682206,-40828.96630406605,28.7232243023118]],[[-9292.582729878217,-40824.819122964764,28.756212338521838],[-9292.92194911668,-40824.607155259066,28.75992303222425],[-9295.284518089866,-40828.3880559641,28.734541266987495],[-9294.945298851404,-40828.600023669795,28.730830573285083]],[[-9293.313841620033,-40824.29077440646,28.76490659787734],[-9293.653060858494,-40824.07880670076,28.76861729157975],[-9296.096667584052,-40827.98939491907,28.742364914213006],[-9295.75744834559,-40828.201362624764,28.738654220510593]],[[-9294.143669378798,-40823.92040449865,28.77254032236771],[-9294.48288861726,-40823.70843679295,28.77625101607012],[-9296.77527843814,-40827.377027377326,28.751623205866473],[-9296.436059199676,-40827.58899508302,28.74791251216406]],[[-9294.99715105869,-40823.58788877756,28.779919925907624],[-9295.336370297153,-40823.37592107186,28.783630619610037],[-9297.564844697548,-40826.9422256019,28.75968947134773],[-9297.225625459087,-40827.1541933076,28.75597877764532]]]"/>
    <tag k="cloudanalyzer_review_required" v="yes"/>
    <tag k="location" v="urban"/>
    <tag k="one_way" v="no"/>
    <tag k="participant:pedestrian" v="yes"/>
    <tag k="subtype" v="crosswalk"/>
    <tag k="type" v="lanelet"/>
  </relation>
  <relation id="155" visible="true" version="1">
    <member type="relation" ref="154" role="refers"/>
    <tag k="cloudanalyzer_lanes_source" v="user_selected"/>
    <tag k="cloudanalyzer_review_required" v="yes"/>
    <tag k="subtype" v="crosswalk"/>
    <tag k="type" v="regulatory_element"/>
  </relation>
  <relation id="156" visible="true" version="1">
    <member type="way" ref="182" role="left"/>
    <member type="way" ref="183" role="right"/>
    <tag k="cloudanalyzer_classification_source" v="user_confirmed_automatic_proposal"/>
    <tag k="cloudanalyzer_discovery" v="[&quot;[[-9295.991546,-40785.318924,28.413016],[-9286.880253,-40779.834807,28.741691],{\&quot;kind\&quot;:\&quot;repeated_paint\&quot;,\&quot;measurement\&quot;:{\&quot;angle_degrees\&quot;:170.0,\&quot;left_edge\&quot;:[[-9286.980253,-40781.613717,28.573625],[-9291.321332,-40780.318736,28.53199],[-9294.299915,-40779.934807,28.513284],[-9295.243399,-40780.102678,28.513016]],\&quot;length\&quot;:3.976468,\&quot;outline\&quot;:[[-9286.980253,-40781.613717,28.573625],[-9291.321332,-40780.318736,28.53199],[-9294.299915,-40779.934807,28.513284],[-9295.243399,-40780.102678,28.513016],[-9295.891546,-40783.778501,28.582415],[-9290.52846,-40784.460288,28.615911],[-9289.699967,-40784.944566,28.628491],[-9287.615948,-40785.218924,28.641691]],\&quot;right_edge\&quot;:[[-9287.615948,-40785.218924,28.641691],[-9289.699967,-40784.944566,28.628491],[-9290.52846,-40784.460288,28.615911],[-9295.891546,-40783.778501,28.582415]],\&quot;score\&quot;:309.186374,\&quot;stripe_count\&quot;:10,\&quot;stripes\&quot;:[[[-9286.980253,-40781.613717,28.573625],[-9287.275695,-40781.561623,28.571496],[-9287.91139,-40785.166829,28.639562],[-9287.615948,-40785.218924,28.641691]],[[-9287.84974,-40781.361934,28.565435],[-9288.243663,-40781.292474,28.562596],[-9288.899882,-40785.014074,28.632859],[-9288.505959,-40785.083534,28.635698]],[[-9288.722346,-40781.127833,28.557578],[-9289.017788,-40781.075738,28.555448],[-9289.699967,-40784.944566,28.628491],[-9289.404525,-40784.996661,28.63062]],[[-9289.474693,-40780.787589,28.548098],[-9289.868616,-40780.718129,28.545259],[-9290.52846,-40784.460288,28.615911],[-9290.134537,-40784.529747,28.61875]],[[-9290.355039,-40780.597386,28.54107],[-9290.748962,-40780.527927,28.538231],[-9291.430188,-40784.39135,28.611172],[-9291.036265,-40784.460809,28.614011]],[[-9291.321332,-40780.318736,28.53199],[-9291.715255,-40780.249276,28.529151],[-9292.433746,-40784.324039,28.606082],[-9292.039823,-40784.393498,28.608921]],[[-9292.129715,-40780.296285,28.528511],[-9292.523638,-40780.226826,28.525672],[-9293.204054,-40784.085654,28.598526],[-9292.81013,-40784.155114,28.601365]],[[-9293.017334,-40780.147332,28.522262],[-9293.509738,-40780.060508,28.518713],[-9294.196841,-40783.957264,28.592283],[-9293.704438,-40784.044088,28.595832]],[[-9293.905992,-40780.004266,28.516123],[-9294.299915,-40779.934807,28.513284],[-9294.986933,-40783.831079,28.586845],[-9294.59301,-40783.900539,28.589684]],[[-9294.947957,-40780.154773,28.515146],[-9295.243399,-40780.102678,28.513016],[-9295.891546,-40783.778501,28.582415],[-9295.596104,-40783.830596,28.584545]]],\&quot;width\&quot;:8.4},\&quot;options\&quot;:{\&quot;brightness_fraction\&quot;:0.65,\&quot;candidate\&quot;:0,\&quot;lanes\&quot;:[],\&quot;max\&quot;:[-9282.0,-40770.0,29.936275],\&quot;min\&quot;:[-9302.0,-40790.0,26.936275]}}]&quot;,&quot;crosswalk&quot;,[102,147]]"/>
    <tag k="cloudanalyzer_geometry_source" v="point_cloud_brightness_stripes"/>
    <tag k="cloudanalyzer_outline_source" v="observed_band_envelope_20cm_simplification"/>
    <tag k="cloudanalyzer_paint_bands" v="[[[-9286.980252564135,-40781.61371705064,28.573625458366614],[-9287.275694890039,-40781.56162259734,28.571496176394067],[-9287.911390136529,-40785.16682949159,28.63956186252928],[-9287.615947810626,-40785.218923944885,28.641691144501824]],[[-9287.849740293364,-40781.36193356697,28.56543458653636],[-9288.243663394569,-40781.2924742959,28.562595543906305],[-9288.899881891666,-40785.01407432819,28.63285871247039],[-9288.505958790462,-40785.08353359926,28.63569775510045]],[[-9288.72234594507,-40781.12783270036,28.557577559475202],[-9289.017788270974,-40781.07573824706,28.55544827750266],[-9289.699967001292,-40784.94456607804,28.628491081585636],[-9289.404524675389,-40784.99666053134,28.63062036355818]],[[-9289.474693040685,-40780.78758871925,28.548098484551463],[-9289.86861614189,-40780.718129448185,28.545259441921406],[-9290.528459610776,-40784.46028771707,28.61591074645683],[-9290.134536509571,-40784.52974698814,28.618749789086888]],[[-9290.355039160335,-40780.59738622776,28.54107025126279],[-9290.74896226154,-40780.52792695669,28.538231208632734],[-9291.430187980057,-40784.39134998917,28.61117197104961],[-9291.036264878852,-40784.46080926024,28.61401101367967]],[[-9291.32133213248,-40780.318735509965,28.53199021478862],[-9291.715255233685,-40780.2492762389,28.52915117215856],[-9292.433745864251,-40784.324039089595,28.606081993996693],[-9292.039822763047,-40784.39349836066,28.608921036626747]],[[-9292.129714783301,-40780.29628495435,28.52851102508361],[-9292.523637884507,-40780.22682568328,28.525671982453556],[-9293.204053513175,-40784.08565446793,28.598526006261476],[-9292.81013041197,-40784.155113739005,28.601365048891534]],[[-9293.017334273542,-40780.14733179726,28.52226157213438],[-9293.509738150049,-40780.060507708426,28.518712768846804],[-9294.196841406145,-40783.957263912926,28.592282855818702],[-9293.70443752964,-40784.04408800176,28.595831659106274]],[[-9293.905991930471,-40780.00426637604,28.516123278625745],[-9294.299915031675,-40779.93480710497,28.513284235995688],[-9294.98693293559,-40783.83107925319,28.586845184068235],[-9294.593009834385,-40783.900538524256,28.589684226698292]],[[-9294.947956891647,-40780.15477283389,28.515145655820643],[-9295.24339921755,-40780.10267838059,28.5130163738481],[-9295.891545940616,-40783.77850110756,28.582415274760603],[-9295.596103614713,-40783.83059556086,28.58454455673315]]]"/>
    <tag k="cloudanalyzer_review_required" v="yes"/>
    <tag k="location" v="urban"/>
    <tag k="one_way" v="no"/>
    <tag k="participant:pedestrian" v="yes"/>
    <tag k="subtype" v="crosswalk"/>
    <tag k="type" v="lanelet"/>
  </relation>
  <relation id="157" visible="true" version="1">
    <member type="relation" ref="156" role="refers"/>
    <tag k="cloudanalyzer_lanes_source" v="user_selected"/>
    <tag k="cloudanalyzer_review_required" v="yes"/>
    <tag k="subtype" v="crosswalk"/>
    <tag k="type" v="regulatory_element"/>
  </relation>
  <relation id="158" visible="true" version="1">
    <member type="way" ref="184" role="left"/>
    <member type="way" ref="185" role="right"/>
    <tag k="cloudanalyzer_classification_source" v="user_confirmed_automatic_proposal"/>
    <tag k="cloudanalyzer_discovery" v="[&quot;[[-9280.856448,-40791.332256,28.337482],[-9269.92864,-40784.233011,28.750678],{\&quot;kind\&quot;:\&quot;repeated_paint\&quot;,\&quot;measurement\&quot;:{\&quot;angle_degrees\&quot;:168.0,\&quot;left_edge\&quot;:[[-9270.02864,-40786.866994,28.437482],[-9275.204709,-40785.245919,28.505465],[-9279.815665,-40784.333011,28.573337]],\&quot;length\&quot;:4.782593,\&quot;outline\&quot;:[[-9270.02864,-40786.866994,28.437482],[-9275.204709,-40785.245919,28.505465],[-9279.815665,-40784.333011,28.573337],[-9280.756448,-40788.759048,28.650678],[-9279.153894,-40789.396174,28.631491],[-9270.956505,-40791.232256,28.513761]],\&quot;right_edge\&quot;:[[-9270.956505,-40791.232256,28.513761],[-9279.153894,-40789.396174,28.631491],[-9280.756448,-40788.759048,28.650678]],\&quot;score\&quot;:540.634243,\&quot;stripe_count\&quot;:12,\&quot;stripes\&quot;:[[[-9270.02864,-40786.866994,28.437482],[-9270.322084,-40786.804621,28.441743],[-9271.249949,-40791.169882,28.518021],[-9270.956505,-40791.232256,28.513761]],[[-9270.818575,-40786.735558,28.449453],[-9271.209834,-40786.652393,28.455134],[-9272.126008,-40790.962657,28.530452],[-9271.734749,-40791.045822,28.524771]],[[-9271.773514,-40786.41846,28.461747],[-9272.066958,-40786.356087,28.466008],[-9272.984573,-40790.673127,28.541444],[-9272.691129,-40790.7355,28.537184]],[[-9272.53634,-40786.159489,28.47149],[-9273.025414,-40786.055533,28.478591],[-9273.980127,-40790.547104,28.557077],[-9273.491053,-40790.65106,28.549976]],[[-9273.39437,-40785.867439,28.482438],[-9273.785629,-40785.784274,28.488119],[-9274.758841,-40790.362877,28.568126],[-9274.367582,-40790.446041,28.562445]],[[-9274.23916,-40785.513103,28.492298],[-9274.728234,-40785.409147,28.499399],[-9275.740992,-40790.1738,28.582657],[-9275.251918,-40790.277755,28.575556]],[[-9275.204709,-40785.245919,28.505465],[-9275.595968,-40785.162755,28.511145],[-9276.614185,-40789.953092,28.594852],[-9276.222926,-40790.036257,28.589171]],[[-9276.017811,-40785.223477,28.51934],[-9276.40907,-40785.140312,28.525021],[-9277.387568,-40789.743783,28.605462],[-9276.996309,-40789.826947,28.599782]],[[-9276.965537,-40784.872441,28.531041],[-9277.258981,-40784.810067,28.535302],[-9278.248371,-40789.464783,28.616639],[-9277.954927,-40789.527157,28.612378]],[[-9277.728902,-40784.616004,28.540828],[-9278.120161,-40784.53284,28.546509],[-9279.153894,-40789.396174,28.631491],[-9278.762635,-40789.479339,28.62581]],[[-9278.725924,-40784.496891,28.556582],[-9279.019368,-40784.434517,28.560843],[-9279.978768,-40788.948138,28.639714],[-9279.685324,-40789.010512,28.635453]],[[-9279.522221,-40784.395384,28.569076],[-9279.815665,-40784.333011,28.573337],[-9280.756448,-40788.759048,28.650678],[-9280.463004,-40788.821422,28.646417]]],\&quot;width\&quot;:10.1},\&quot;options\&quot;:{\&quot;brightness_fraction\&quot;:0.65,\&quot;candidate\&quot;:0,\&quot;lanes\&quot;:[],\&quot;max\&quot;:[-9266.0,-40778.0,29.974838],\&quot;min\&quot;:[-9286.0,-40798.0,26.974838]}}]&quot;,&quot;crosswalk&quot;,[108,120,123,126,129,132,144]]"/>
    <tag k="cloudanalyzer_geometry_source" v="point_cloud_brightness_stripes"/>
    <tag k="cloudanalyzer_outline_source" v="observed_band_envelope_20cm_simplification"/>
    <tag k="cloudanalyzer_paint_bands" v="[[[-9270.02863969505,-40786.86699423943,28.437482104184436],[-9270.32208397527,-40786.80462073219,28.441742693510555],[-9271.249949006326,-40791.169882494825,28.51802138367394],[-9270.956504726106,-40791.23225600207,28.513760794347824]],[[-9270.818574551417,-40786.73555807343,28.449453400112464],[-9271.20983359171,-40786.6523933971,28.45513418588062],[-9272.126008365769,-40790.96265682468,28.53045183380032],[-9271.734749325477,-40791.04582150101,28.52477104803216]],[[-9271.773513943455,-40786.418460345194,28.46174744506063],[-9272.066958223675,-40786.35608683795,28.466008034386746],[-9272.984573403328,-40790.67312684105,28.541444096351857],[-9272.691129123106,-40790.735500348295,28.537183507025738]],[[-9272.536340296318,-40786.159488697376,28.471490182879084],[-9273.025414096684,-40786.05553285197,28.478591165089277],[-9273.980127093473,-40790.547104362566,28.55707699485935],[-9273.491053293106,-40790.65106020798,28.549976012649154]],[[-9273.39436970105,-40785.86743875944,28.482438411687767],[-9273.785628741345,-40785.78427408311,28.48811919745592],[-9274.758840773447,-40790.36287671224,28.568125811107077],[-9274.367581733153,-40790.44604138857,28.56244502533892]],[[-9274.239159798117,-40785.51310277601,28.492298252623375],[-9274.728233598484,-40785.4091469306,28.499399234833568],[-9275.740991794713,-40790.173799634205,28.58265689200902],[-9275.251917994347,-40790.27775547961,28.575555909798826]],[[-9275.204708816582,-40785.24591941571,28.505464502450366],[-9275.595967856876,-40785.16275473939,28.511145288218525],[-9276.614185437153,-40789.95309182556,28.594851754919475],[-9276.22292639686,-40790.03625650189,28.58917096915132]],[[-9276.017810923964,-40785.223476596395,28.519340350768164],[-9276.409069964258,-40785.14031192007,28.525021136536324],[-9277.387567856236,-40789.74378256472,28.60546229449527],[-9276.996308815942,-40789.826947241054,28.599781508727112]],[[-9276.965536563832,-40784.87244083249,28.531041361656058],[-9277.258980844052,-40784.81006732525,28.535301950982177],[-9278.248371220414,-40789.46478307991,28.616638567239125],[-9277.954926940194,-40789.52715658715,28.61237797791301]],[[-9277.728901787243,-40784.61600437129,28.540828399386946],[-9278.120160827537,-40784.53283969496,28.546509185155102],[-9279.153894439338,-40789.39617397022,28.6314912065127],[-9278.762635399044,-40789.479338646546,28.625810420744543]],[[-9278.725923979015,-40784.496890649774,28.556582021681653],[-9279.019368259234,-40784.43451714252,28.56084261100777],[-9279.97876799805,-40788.94813804079,28.639713732313872],[-9279.685323717831,-40789.01051154803,28.635453142987757]],[[-9279.522220582692,-40784.39538415171,28.56907630935502],[-9279.815664862912,-40784.33301064446,28.573336898681134],[-9280.75644817786,-40788.75904815447,28.650677585731568],[-9280.463003897641,-40788.82142166171,28.646416996405453]]]"/>
    <tag k="cloudanalyzer_review_required" v="yes"/>
    <tag k="location" v="urban"/>
    <tag k="one_way" v="no"/>
    <tag k="participant:pedestrian" v="yes"/>
    <tag k="subtype" v="crosswalk"/>
    <tag k="type" v="lanelet"/>
  </relation>
  <relation id="159" visible="true" version="1">
    <member type="relation" ref="158" role="refers"/>
    <tag k="cloudanalyzer_lanes_source" v="user_selected"/>
    <tag k="cloudanalyzer_review_required" v="yes"/>
    <tag k="subtype" v="crosswalk"/>
    <tag k="type" v="regulatory_element"/>
  </relation>
  <relation id="160" visible="true" version="1">
    <member type="way" ref="186" role="left"/>
    <member type="way" ref="187" role="right"/>
    <tag k="cloudanalyzer_classification_source" v="user_confirmed_automatic_proposal"/>
    <tag k="cloudanalyzer_discovery" v="[&quot;[[-9274.265365,-40817.231095,28.656229],[-9267.677568,-40803.93783,28.872576],{\&quot;kind\&quot;:\&quot;repeated_paint\&quot;,\&quot;measurement\&quot;:{\&quot;angle_degrees\&quot;:84.0,\&quot;left_edge\&quot;:[[-9270.911186,-40817.131095,28.771602],[-9270.867538,-40815.828522,28.770146],[-9270.219576,-40814.488914,28.768397],[-9270.194975,-40813.184339,28.766946],[-9269.269118,-40811.471735,28.76467],[-9268.708128,-40811.027944,28.763947],[-9268.487089,-40810.146218,28.762882],[-9268.602527,-40808.826925,28.761473],[-9268.241094,-40808.362159,28.76081],[-9267.777568,-40804.388844,28.756229]],\&quot;length\&quot;:4.687307,\&quot;outline\&quot;:[[-9270.911186,-40817.131095,28.771602],[-9270.867538,-40815.828522,28.770146],[-9270.219576,-40814.488914,28.768397],[-9270.194975,-40813.184339,28.766946],[-9269.269118,-40811.471735,28.76467],[-9268.708128,-40811.027944,28.763947],[-9268.487089,-40810.146218,28.762882],[-9268.602527,-40808.826925,28.761473],[-9268.241094,-40808.362159,28.76081],[-9267.777568,-40804.388844,28.756229],[-9271.117241,-40804.03783,28.757229],[-9271.159052,-40804.435639,28.757686],[-9271.77186,-40804.873984,28.758425],[-9272.331126,-40807.027321,28.761035],[-9273.358232,-40809.232037,28.763896],[-9274.165365,-40816.789067,28.772576]],\&quot;right_edge\&quot;:[[-9274.165365,-40816.789067,28.772576],[-9273.358232,-40809.232037,28.763896],[-9272.331126,-40807.027321,28.761035],[-9271.77186,-40804.873984,28.758425],[-9271.159052,-40804.435639,28.757686],[-9271.117241,-40804.03783,28.757229]],\&quot;score\&quot;:953.350668,\&quot;stripe_count\&quot;:15,\&quot;stripes\&quot;:[[[-9270.911186,-40817.131095,28.771602],[-9270.869375,-40816.733286,28.771145],[-9274.123553,-40816.391258,28.77212],[-9274.165365,-40816.789067,28.772576]],[[-9270.909349,-40816.226331,28.770602],[-9270.867538,-40815.828522,28.770146],[-9274.054846,-40815.493522,28.7711],[-9274.096657,-40815.891331,28.771557]],[[-9270.6636,-40815.347202,28.769529],[-9270.621789,-40814.949394,28.769073],[-9274.007327,-40814.593559,28.770086],[-9274.049138,-40814.991368,28.770543]],[[-9270.219576,-40814.488914,28.768397],[-9270.177764,-40814.091105,28.76794],[-9273.813959,-40813.708926,28.769029],[-9273.85577,-40814.106734,28.769486]],[[-9270.236786,-40813.582147,28.767403],[-9270.194975,-40813.184339,28.766946],[-9273.778541,-40812.807691,28.768019],[-9273.820352,-40813.2055,28.768476]],[[-9269.883526,-40812.714319,28.766298],[-9269.841715,-40812.31651,28.765841],[-9273.675408,-40811.913573,28.766989],[-9273.717219,-40812.311382,28.767446]],[[-9269.310929,-40811.869544,28.765127],[-9269.269118,-40811.471735,28.76467],[-9273.565794,-40811.020136,28.765957],[-9273.607606,-40811.417945,28.766414]],[[-9268.708128,-40811.027944,28.763947],[-9268.666317,-40810.630135,28.763491],[-9273.456922,-40810.126622,28.764925],[-9273.498734,-40810.524431,28.765382]],[[-9268.487089,-40810.146218,28.762882],[-9268.445278,-40809.74841,28.762425],[-9273.358232,-40809.232037,28.763896],[-9273.400044,-40809.629846,28.764353]],[[-9268.644338,-40809.224733,28.76193],[-9268.602527,-40808.826925,28.761473],[-9273.076607,-40808.35668,28.762813],[-9273.118418,-40808.754489,28.763269]],[[-9268.241094,-40808.362159,28.76081],[-9268.199282,-40807.96435,28.760353],[-9272.671453,-40807.494306,28.761692],[-9272.713264,-40807.892114,28.762149]],[[-9268.158405,-40807.465892,28.759785],[-9268.116593,-40807.068083,28.759329],[-9272.289314,-40806.629513,28.760578],[-9272.331126,-40807.027321,28.761035]],[[-9268.000625,-40806.577518,28.758739],[-9267.958814,-40806.179709,28.758282],[-9272.005188,-40805.754418,28.759494],[-9272.046999,-40806.152227,28.759951]],[[-9267.877723,-40805.685478,28.757703],[-9267.835912,-40805.287669,28.757246],[-9271.77186,-40804.873984,28.758425],[-9271.813671,-40805.271793,28.758881]],[[-9267.81938,-40804.786653,28.756686],[-9267.777568,-40804.388844,28.756229],[-9271.117241,-40804.03783,28.757229],[-9271.159052,-40804.435639,28.757686]]],\&quot;width\&quot;:13.0},\&quot;options\&quot;:{\&quot;brightness_fraction\&quot;:0.65,\&quot;candidate\&quot;:0,\&quot;lanes\&quot;:[],\&quot;max\&quot;:[-9266.0,-40802.0,30.233375],\&quot;min\&quot;:[-9286.0,-40822.0,27.233375]}}]&quot;,&quot;crosswalk&quot;,[99,132,138,141,144]]"/>
    <tag k="cloudanalyzer_geometry_source" v="point_cloud_brightness_stripes"/>
    <tag k="cloudanalyzer_outline_source" v="observed_band_envelope_20cm_simplification"/>
    <tag k="cloudanalyzer_paint_bands" v="[[[-9270.911185924957,-40817.131095060155,28.771602048643896],[-9270.86937453965,-40816.73328630201,28.771145395963483],[-9274.12355330381,-40816.39125833158,28.772119793122965],[-9274.165364689117,-40816.78906708973,28.772576445803377]],[[-9270.909349238345,-40816.22633065209,28.77060219917087],[-9270.867537853037,-40815.82852189394,28.770145546490454],[-9274.054845735833,-40815.493522336365,28.771099920534557],[-9274.09665712114,-40815.89133109451,28.771556573214973]],[[-9270.66360023177,-40815.34720246189,28.769529315150887],[-9270.621788846462,-40814.94939370374,28.769072662470478],[-9274.007327011019,-40814.59355930399,28.77008639251112],[-9274.049138396325,-40814.99136806214,28.770543045191534]],[[-9270.219575690426,-40814.48891387014,28.768397061584285],[-9270.17776430512,-40814.09110511199,28.767940408903872],[-9273.813958539426,-40813.70892569772,28.769029192769175],[-9273.855769924732,-40814.10673445586,28.769485845449584]],[[-9270.236786429705,-40813.58214749694,28.767402915472697],[-9270.194975044398,-40813.18433873879,28.766946262792285],[-9273.778540999727,-40812.80769077953,28.768019288197692],[-9273.820352385033,-40813.20549953768,28.768475940878105]],[[-9269.883526065138,-40812.7143192058,28.766297839379256],[-9269.84171467983,-40812.31651044766,28.76584118669884],[-9273.675408079582,-40811.91357303463,28.766989107642882],[-9273.717219464888,-40812.31138179278,28.767445760323294]],[[-9269.310928966454,-40811.869544134366,28.76512708739454],[-9269.269117581147,-40811.47173537622,28.764670434714127],[-9273.565794251948,-40811.02013646055,28.765956986513107],[-9273.607605637255,-40811.4179452187,28.766413639193523]],[[-9268.70812788963,-40811.02794362896,28.763947291447394],[-9268.666316504323,-40810.63013487081,28.763490638766978],[-9273.456922195914,-40810.12662192313,28.76492508749164],[-9273.49873358122,-40810.52443068128,28.765381740172053]],[[-9268.48708905369,-40810.146218295165,28.76288180638175],[-9268.445277668383,-40809.74840953702,28.762425153701336],[-9273.358232151113,-40809.232037213216,28.763896237264827],[-9273.40004353642,-40809.629845971365,28.764352889945243]],[[-9268.644338284712,-40809.22473328339,28.761929591927412],[-9268.602526899405,-40808.82692452524,28.761472939247],[-9273.076607081124,-40808.356679749224,28.762812610892688],[-9273.11841846643,-40808.754488507366,28.7632692635731]],[[-9268.241093853789,-40808.362158529315,28.760809549129373],[-9268.199282468482,-40807.964349771166,28.760352896448957],[-9272.67145303378,-40807.49430570393,28.761691996299135],[-9272.713264419088,-40807.89211446207,28.762148648979547]],[[-9268.158404869346,-40807.465892040185,28.759785490092256],[-9268.116593484037,-40807.068083282036,28.759328837411843],[-9272.289314279826,-40806.62951265382,28.76057827316365],[-9272.331125665132,-40807.027321411966,28.76103492584406]],[[-9268.000625452538,-40806.57751787352,28.758738946763614],[-9267.958814067231,-40806.17970911537,28.758282294083205],[-9272.005188015824,-40805.75441807591,28.759493897860207],[-9272.046999401131,-40806.152226834056,28.75995055054062]],[[-9267.877723398322,-40805.68547794833,28.75770284674664],[-9267.835912013015,-40805.287669190184,28.757246194066227],[-9271.771859509798,-40804.87398443849,28.758424732904647],[-9271.813670895106,-40805.27179319664,28.75888138558506]],[[-9267.819379765826,-40804.786652659604,28.75668607742638],[-9267.77756838052,-40804.388843901455,28.756229424745964],[-9271.117240638334,-40804.03783020276,28.757229421180533],[-9271.15905202364,-40804.43563896091,28.757686073860945]]]"/>
    <tag k="cloudanalyzer_review_required" v="yes"/>
    <tag k="location" v="urban"/>
    <tag k="one_way" v="no"/>
    <tag k="participant:pedestrian" v="yes"/>
    <tag k="subtype" v="crosswalk"/>
    <tag k="type" v="lanelet"/>
  </relation>
  <relation id="161" visible="true" version="1">
    <member type="relation" ref="160" role="refers"/>
    <tag k="cloudanalyzer_lanes_source" v="user_selected"/>
    <tag k="cloudanalyzer_review_required" v="yes"/>
    <tag k="subtype" v="crosswalk"/>
    <tag k="type" v="regulatory_element"/>
  </relation>
  <relation id="163" visible="true" version="1">
    <member type="way" ref="162" role="refers"/>
    <tag k="cloudanalyzer_lanes_source" v="user_selected"/>
    <tag k="cloudanalyzer_review_required" v="yes"/>
    <tag k="subtype" v="road_marking"/>
    <tag k="type" v="regulatory_element"/>
  </relation>
  <relation id="165" visible="true" version="1">
    <member type="way" ref="164" role="refers"/>
    <tag k="cloudanalyzer_lanes_source" v="user_selected"/>
    <tag k="cloudanalyzer_review_required" v="yes"/>
    <tag k="subtype" v="road_marking"/>
    <tag k="type" v="regulatory_element"/>
  </relation>
  <relation id="167" visible="true" version="1">
    <member type="way" ref="166" role="refers"/>
    <tag k="cloudanalyzer_lanes_source" v="user_selected"/>
    <tag k="cloudanalyzer_review_required" v="yes"/>
    <tag k="subtype" v="traffic_light"/>
    <tag k="type" v="regulatory_element"/>
  </relation>
  <relation id="169" visible="true" version="1">
    <member type="way" ref="168" role="refers"/>
    <tag k="cloudanalyzer_lanes_source" v="user_selected"/>
    <tag k="cloudanalyzer_review_required" v="yes"/>
    <tag k="subtype" v="traffic_light"/>
    <tag k="type" v="regulatory_element"/>
  </relation>
  <relation id="171" visible="true" version="1">
    <member type="way" ref="170" role="refers"/>
    <tag k="cloudanalyzer_lanes_source" v="user_selected"/>
    <tag k="cloudanalyzer_review_required" v="yes"/>
    <tag k="subtype" v="traffic_light"/>
    <tag k="type" v="regulatory_element"/>
  </relation>
  <relation id="173" visible="true" version="1">
    <member type="way" ref="172" role="refers"/>
    <tag k="cloudanalyzer_lanes_source" v="user_selected"/>
    <tag k="cloudanalyzer_review_required" v="yes"/>
    <tag k="subtype" v="traffic_light"/>
    <tag k="type" v="regulatory_element"/>
  </relation>
</osm>
