<?xml version="1.0" encoding="UTF-8"?>
<osm version="0.6" upload="false" generator="vectormap-rs 0.1.0">
  <node id="85" visible="true" version="1" lat="0.00000000000" lon="0.00000000000">
    <tag k="ele" v="28.033749999999998"/>
    <tag k="local_x" v="-9338.577984489091"/>
    <tag k="local_y" v="-40851.15298461335"/>
  </node>
  <node id="86" visible="true" version="1" lat="0.00000000000" lon="0.00000000000">
    <tag k="ele" v="28.0565"/>
    <tag k="local_x" v="-9336.993219833386"/>
    <tag k="local_y" v="-40849.94786459509"/>
  </node>
  <node id="87" visible="true" version="1" lat="0.00000000000" lon="0.00000000000">
    <tag k="ele" v="28.131249999999998"/>
    <tag k="local_x" v="-9335.25109312544"/>
    <tag k="local_y" v="-40848.91882940681"/>
  </node>
  <node id="88" visible="true" version="1" lat="0.00000000000" lon="0.00000000000">
    <tag k="ele" v="28.160749999999997"/>
    <tag k="local_x" v="-9333.429014819869"/>
    <tag k="local_y" v="-40847.972141516206"/>
  </node>
  <node id="89" visible="true" version="1" lat="0.00000000000" lon="0.00000000000">
    <tag k="ele" v="28.075999999999997"/>
    <tag k="local_x" v="-9336.117538251174"/>
    <tag k="local_y" v="-40853.90944215895"/>
  </node>
  <node id="90" visible="true" version="1" lat="0.00000000000" lon="0.00000000000">
    <tag k="ele" v="28.107999999999997"/>
    <tag k="local_x" v="-9334.472619553519"/>
    <tag k="local_y" v="-40852.743095179845"/>
  </node>
  <node id="91" visible="true" version="1" lat="0.00000000000" lon="0.00000000000">
    <tag k="ele" v="28.131249999999998"/>
    <tag k="local_x" v="-9332.743850048128"/>
    <tag k="local_y" v="-40851.6627688375"/>
  </node>
  <node id="92" visible="true" version="1" lat="0.00000000000" lon="0.00000000000">
    <tag k="ele" v="28.160749999999997"/>
    <tag k="local_x" v="-9331.013276407777"/>
    <tag k="local_y" v="-40850.574390556045"/>
  </node>
  <node id="93" visible="true" version="1" lat="0.00000000000" lon="0.00000000000">
    <tag k="ele" v="28.075999999999997"/>
    <tag k="local_x" v="-9333.786716621567"/>
    <tag k="local_y" v="-40856.52068022193"/>
  </node>
  <node id="94" visible="true" version="1" lat="0.00000000000" lon="0.00000000000">
    <tag k="ele" v="28.107999999999997"/>
    <tag k="local_x" v="-9332.128823112243"/>
    <tag k="local_y" v="-40855.34225838292"/>
  </node>
  <node id="95" visible="true" version="1" lat="0.00000000000" lon="0.00000000000">
    <tag k="ele" v="28.131249999999998"/>
    <tag k="local_x" v="-9330.383551012446"/>
    <tag k="local_y" v="-40854.24589197017"/>
  </node>
  <node id="96" visible="true" version="1" lat="0.00000000000" lon="0.00000000000">
    <tag k="ele" v="28.160749999999997"/>
    <tag k="local_x" v="-9328.633621956016"/>
    <tag k="local_y" v="-40853.13776972047"/>
  </node>
  <node id="97" visible="true" version="1" lat="0.00000000000" lon="0.00000000000">
    <tag k="ele" v="28.088749999999997"/>
    <tag k="local_x" v="-9330.54224240191"/>
    <tag k="local_y" v="-40860.15549056912"/>
  </node>
  <node id="98" visible="true" version="1" lat="0.00000000000" lon="0.00000000000">
    <tag k="ele" v="28.115"/>
    <tag k="local_x" v="-9328.952839307407"/>
    <tag k="local_y" v="-40858.86427936295"/>
  </node>
  <node id="99" visible="true" version="1" lat="0.00000000000" lon="0.00000000000">
    <tag k="ele" v="28.14175"/>
    <tag k="local_x" v="-9327.402574871265"/>
    <tag k="local_y" v="-40857.508287247976"/>
  </node>
  <node id="100" visible="true" version="1" lat="0.00000000000" lon="0.00000000000">
    <tag k="ele" v="28.160749999999997"/>
    <tag k="local_x" v="-9325.893429067728"/>
    <tag k="local_y" v="-40856.08952322029"/>
  </node>
  <node id="101" visible="true" version="1" lat="0.00000000000" lon="0.00000000000">
    <tag k="ele" v="28.075999999999997"/>
    <tag k="local_x" v="-9329.082202650883"/>
    <tag k="local_y" v="-40861.79118474792"/>
  </node>
  <node id="102" visible="true" version="1" lat="0.00000000000" lon="0.00000000000">
    <tag k="ele" v="28.107999999999997"/>
    <tag k="local_x" v="-9327.386157853436"/>
    <tag k="local_y" v="-40860.601657538966"/>
  </node>
  <node id="103" visible="true" version="1" lat="0.00000000000" lon="0.00000000000">
    <tag k="ele" v="28.131249999999998"/>
    <tag k="local_x" v="-9325.506691233235"/>
    <tag k="local_y" v="-40859.5831518343"/>
  </node>
  <node id="104" visible="true" version="1" lat="0.00000000000" lon="0.00000000000">
    <tag k="ele" v="28.113999999999997"/>
    <tag k="local_x" v="-9323.671583250753"/>
    <tag k="local_y" v="-40858.482909902785"/>
  </node>
  <node id="105" visible="true" version="1" lat="0.00000000000" lon="0.00000000000">
    <tag k="ele" v="28.075999999999997"/>
    <tag k="local_x" v="-9326.794658755176"/>
    <tag k="local_y" v="-40864.35393842043"/>
  </node>
  <node id="106" visible="true" version="1" lat="0.00000000000" lon="0.00000000000">
    <tag k="ele" v="28.107999999999997"/>
    <tag k="local_x" v="-9325.097172775191"/>
    <tag k="local_y" v="-40863.14003744389"/>
  </node>
  <node id="107" visible="true" version="1" lat="0.00000000000" lon="0.00000000000">
    <tag k="ele" v="28.131249999999998"/>
    <tag k="local_x" v="-9323.300729201119"/>
    <tag k="local_y" v="-40861.997367774224"/>
  </node>
  <node id="108" visible="true" version="1" lat="0.00000000000" lon="0.00000000000">
    <tag k="ele" v="28.160749999999997"/>
    <tag k="local_x" v="-9321.489681293959"/>
    <tag k="local_y" v="-40860.83326880079"/>
  </node>
  <node id="109" visible="true" version="1" lat="0.00000000000" lon="0.00000000000">
    <tag k="ele" v="28.075999999999997"/>
    <tag k="local_x" v="-9324.434133871573"/>
    <tag k="local_y" v="-40866.99845327578"/>
  </node>
  <node id="110" visible="true" version="1" lat="0.00000000000" lon="0.00000000000">
    <tag k="ele" v="28.107999999999997"/>
    <tag k="local_x" v="-9322.698379582687"/>
    <tag k="local_y" v="-40865.800189532165"/>
  </node>
  <node id="111" visible="true" version="1" lat="0.00000000000" lon="0.00000000000">
    <tag k="ele" v="28.131249999999998"/>
    <tag k="local_x" v="-9320.788100823484"/>
    <tag k="local_y" v="-40864.747200904676"/>
  </node>
  <node id="112" visible="true" version="1" lat="0.00000000000" lon="0.00000000000">
    <tag k="ele" v="28.028499999999998"/>
    <tag k="local_x" v="-9318.909286689688"/>
    <tag k="local_y" v="-40863.61288655566"/>
  </node>
  <node id="113" visible="true" version="1" lat="0.00000000000" lon="0.00000000000">
    <tag k="ele" v="28.221749999999997"/>
    <tag k="local_x" v="-9330.509451298543"/>
    <tag k="local_y" v="-40845.292186642146"/>
  </node>
  <node id="114" visible="true" version="1" lat="0.00000000000" lon="0.00000000000">
    <tag k="ele" v="28.245749999999997"/>
    <tag k="local_x" v="-9329.275793923576"/>
    <tag k="local_y" v="-40843.72304503854"/>
  </node>
  <node id="115" visible="true" version="1" lat="0.00000000000" lon="0.00000000000">
    <tag k="ele" v="28.24"/>
    <tag k="local_x" v="-9328.111270128891"/>
    <tag k="local_y" v="-40842.0943390727"/>
  </node>
  <node id="116" visible="true" version="1" lat="0.00000000000" lon="0.00000000000">
    <tag k="ele" v="28.264"/>
    <tag k="local_x" v="-9326.837561705901"/>
    <tag k="local_y" v="-40840.58375508227"/>
  </node>
  <node id="117" visible="true" version="1" lat="0.00000000000" lon="0.00000000000">
    <tag k="ele" v="28.296249999999997"/>
    <tag k="local_x" v="-9325.495459004056"/>
    <tag k="local_y" v="-40839.144037204656"/>
  </node>
  <node id="118" visible="true" version="1" lat="0.00000000000" lon="0.00000000000">
    <tag k="ele" v="28.3295"/>
    <tag k="local_x" v="-9324.133235341038"/>
    <tag k="local_y" v="-40837.72412657534"/>
  </node>
  <node id="119" visible="true" version="1" lat="0.00000000000" lon="0.00000000000">
    <tag k="ele" v="28.345249999999997"/>
    <tag k="local_x" v="-9322.759784914691"/>
    <tag k="local_y" v="-40836.312989910686"/>
  </node>
  <node id="120" visible="true" version="1" lat="0.00000000000" lon="0.00000000000">
    <tag k="ele" v="28.380499999999998"/>
    <tag k="local_x" v="-9321.371532715777"/>
    <tag k="local_y" v="-40834.91273261307"/>
  </node>
  <node id="121" visible="true" version="1" lat="0.00000000000" lon="0.00000000000">
    <tag k="ele" v="28.418499999999998"/>
    <tag k="local_x" v="-9320.03735353956"/>
    <tag k="local_y" v="-40833.46330114387"/>
  </node>
  <node id="122" visible="true" version="1" lat="0.00000000000" lon="0.00000000000">
    <tag k="ele" v="28.440749999999998"/>
    <tag k="local_x" v="-9318.744034216177"/>
    <tag k="local_y" v="-40831.979580011095"/>
  </node>
  <node id="123" visible="true" version="1" lat="0.00000000000" lon="0.00000000000">
    <tag k="ele" v="28.46875"/>
    <tag k="local_x" v="-9317.463084578158"/>
    <tag k="local_y" v="-40830.48664126026"/>
  </node>
  <node id="124" visible="true" version="1" lat="0.00000000000" lon="0.00000000000">
    <tag k="ele" v="28.535999999999998"/>
    <tag k="local_x" v="-9316.17498694026"/>
    <tag k="local_y" v="-40828.999125967224"/>
  </node>
  <node id="125" visible="true" version="1" lat="0.00000000000" lon="0.00000000000">
    <tag k="ele" v="28.5615"/>
    <tag k="local_x" v="-9314.91065376959"/>
    <tag k="local_y" v="-40827.48736954656"/>
  </node>
  <node id="126" visible="true" version="1" lat="0.00000000000" lon="0.00000000000">
    <tag k="ele" v="28.542749999999998"/>
    <tag k="local_x" v="-9313.744706996702"/>
    <tag k="local_y" v="-40826.0512074492"/>
  </node>
  <node id="127" visible="true" version="1" lat="0.00000000000" lon="0.00000000000">
    <tag k="ele" v="28.56675"/>
    <tag k="local_x" v="-9312.92049200146"/>
    <tag k="local_y" v="-40825.024312513524"/>
  </node>
  <node id="128" visible="true" version="1" lat="0.00000000000" lon="0.00000000000">
    <tag k="ele" v="28.6375"/>
    <tag k="local_x" v="-9311.908792687738"/>
    <tag k="local_y" v="-40823.75583981209"/>
  </node>
  <node id="129" visible="true" version="1" lat="0.00000000000" lon="0.00000000000">
    <tag k="ele" v="28.221749999999997"/>
    <tag k="local_x" v="-9327.89957831291"/>
    <tag k="local_y" v="-40848.002231698"/>
  </node>
  <node id="130" visible="true" version="1" lat="0.00000000000" lon="0.00000000000">
    <tag k="ele" v="28.245749999999997"/>
    <tag k="local_x" v="-9326.544404117949"/>
    <tag k="local_y" v="-40846.502629117065"/>
  </node>
  <node id="131" visible="true" version="1" lat="0.00000000000" lon="0.00000000000">
    <tag k="ele" v="28.270999999999997"/>
    <tag k="local_x" v="-9325.2852086925"/>
    <tag k="local_y" v="-40844.90959665985"/>
  </node>
  <node id="132" visible="true" version="1" lat="0.00000000000" lon="0.00000000000">
    <tag k="ele" v="28.290999999999997"/>
    <tag k="local_x" v="-9324.081761039439"/>
    <tag k="local_y" v="-40843.268345578465"/>
  </node>
  <node id="133" visible="true" version="1" lat="0.00000000000" lon="0.00000000000">
    <tag k="ele" v="28.318749999999998"/>
    <tag k="local_x" v="-9322.854987914925"/>
    <tag k="local_y" v="-40841.65766920591"/>
  </node>
  <node id="134" visible="true" version="1" lat="0.00000000000" lon="0.00000000000">
    <tag k="ele" v="28.3405"/>
    <tag k="local_x" v="-9321.586124244148"/>
    <tag k="local_y" v="-40840.093033802536"/>
  </node>
  <node id="135" visible="true" version="1" lat="0.00000000000" lon="0.00000000000">
    <tag k="ele" v="28.388749999999998"/>
    <tag k="local_x" v="-9320.276946304255"/>
    <tag k="local_y" v="-40838.56943121"/>
  </node>
  <node id="136" visible="true" version="1" lat="0.00000000000" lon="0.00000000000">
    <tag k="ele" v="28.419249999999998"/>
    <tag k="local_x" v="-9318.92319388549"/>
    <tag k="local_y" v="-40837.0871593333"/>
  </node>
  <node id="137" visible="true" version="1" lat="0.00000000000" lon="0.00000000000">
    <tag k="ele" v="28.444"/>
    <tag k="local_x" v="-9317.52459953095"/>
    <tag k="local_y" v="-40835.64266427766"/>
  </node>
  <node id="138" visible="true" version="1" lat="0.00000000000" lon="0.00000000000">
    <tag k="ele" v="28.474999999999998"/>
    <tag k="local_x" v="-9316.109818973335"/>
    <tag k="local_y" v="-40834.20777857561"/>
  </node>
  <node id="139" visible="true" version="1" lat="0.00000000000" lon="0.00000000000">
    <tag k="ele" v="28.5035"/>
    <tag k="local_x" v="-9314.67404346215"/>
    <tag k="local_y" v="-40832.784486155826"/>
  </node>
  <node id="140" visible="true" version="1" lat="0.00000000000" lon="0.00000000000">
    <tag k="ele" v="28.535999999999998"/>
    <tag k="local_x" v="-9313.203450106907"/>
    <tag k="local_y" v="-40831.38184238721"/>
  </node>
  <node id="141" visible="true" version="1" lat="0.00000000000" lon="0.00000000000">
    <tag k="ele" v="28.5615"/>
    <tag k="local_x" v="-9311.71924184706"/>
    <tag k="local_y" v="-40829.982937348606"/>
  </node>
  <node id="142" visible="true" version="1" lat="0.00000000000" lon="0.00000000000">
    <tag k="ele" v="28.591499999999996"/>
    <tag k="local_x" v="-9310.090083789099"/>
    <tag k="local_y" v="-40828.85548425845"/>
  </node>
  <node id="143" visible="true" version="1" lat="0.00000000000" lon="0.00000000000">
    <tag k="ele" v="28.6175"/>
    <tag k="local_x" v="-9309.266466327683"/>
    <tag k="local_y" v="-40827.77195059505"/>
  </node>
  <node id="144" visible="true" version="1" lat="0.00000000000" lon="0.00000000000">
    <tag k="ele" v="28.6375"/>
    <tag k="local_x" v="-9308.60644661155"/>
    <tag k="local_y" v="-40826.21701468781"/>
  </node>
  <node id="145" visible="true" version="1" lat="0.00000000000" lon="0.00000000000">
    <tag k="ele" v="28.221749999999997"/>
    <tag k="local_x" v="-9325.476021999739"/>
    <tag k="local_y" v="-40850.51880888021"/>
  </node>
  <node id="146" visible="true" version="1" lat="0.00000000000" lon="0.00000000000">
    <tag k="ele" v="28.245749999999997"/>
    <tag k="local_x" v="-9324.095638866584"/>
    <tag k="local_y" v="-40848.994601844905"/>
  </node>
  <node id="147" visible="true" version="1" lat="0.00000000000" lon="0.00000000000">
    <tag k="ele" v="28.270999999999997"/>
    <tag k="local_x" v="-9322.806455038151"/>
    <tag k="local_y" v="-40847.37887420003"/>
  </node>
  <node id="148" visible="true" version="1" lat="0.00000000000" lon="0.00000000000">
    <tag k="ele" v="28.290999999999997"/>
    <tag k="local_x" v="-9321.564866541967"/>
    <tag k="local_y" v="-40845.72020326544"/>
  </node>
  <node id="149" visible="true" version="1" lat="0.00000000000" lon="0.00000000000">
    <tag k="ele" v="28.318749999999998"/>
    <tag k="local_x" v="-9320.288301908722"/>
    <tag k="local_y" v="-40844.101060504116"/>
  </node>
  <node id="150" visible="true" version="1" lat="0.00000000000" lon="0.00000000000">
    <tag k="ele" v="28.3405"/>
    <tag k="local_x" v="-9318.956974759954"/>
    <tag k="local_y" v="-40842.538239754525"/>
  </node>
  <node id="151" visible="true" version="1" lat="0.00000000000" lon="0.00000000000">
    <tag k="ele" v="28.377999999999997"/>
    <tag k="local_x" v="-9317.579706014183"/>
    <tag k="local_y" v="-40841.0207240001"/>
  </node>
  <node id="152" visible="true" version="1" lat="0.00000000000" lon="0.00000000000">
    <tag k="ele" v="28.419249999999998"/>
    <tag k="local_x" v="-9316.175695296224"/>
    <tag k="local_y" v="-40839.527276800865"/>
  </node>
  <node id="153" visible="true" version="1" lat="0.00000000000" lon="0.00000000000">
    <tag k="ele" v="28.49375"/>
    <tag k="local_x" v="-9314.773809777207"/>
    <tag k="local_y" v="-40838.028480699635"/>
  </node>
  <node id="154" visible="true" version="1" lat="0.00000000000" lon="0.00000000000">
    <tag k="ele" v="28.52425"/>
    <tag k="local_x" v="-9313.384362382223"/>
    <tag k="local_y" v="-40836.51315528331"/>
  </node>
  <node id="155" visible="true" version="1" lat="0.00000000000" lon="0.00000000000">
    <tag k="ele" v="28.5035"/>
    <tag k="local_x" v="-9311.954962313781"/>
    <tag k="local_y" v="-40835.02469218993"/>
  </node>
  <node id="156" visible="true" version="1" lat="0.00000000000" lon="0.00000000000">
    <tag k="ele" v="28.535999999999998"/>
    <tag k="local_x" v="-9310.473232175727"/>
    <tag k="local_y" v="-40833.571058089256"/>
  </node>
  <node id="157" visible="true" version="1" lat="0.00000000000" lon="0.00000000000">
    <tag k="ele" v="28.5615"/>
    <tag k="local_x" v="-9308.963237975446"/>
    <tag k="local_y" v="-40832.1380319247"/>
  </node>
  <node id="158" visible="true" version="1" lat="0.00000000000" lon="0.00000000000">
    <tag k="ele" v="28.591499999999996"/>
    <tag k="local_x" v="-9307.313341884159"/>
    <tag k="local_y" v="-40830.98614246505"/>
  </node>
  <node id="159" visible="true" version="1" lat="0.00000000000" lon="0.00000000000">
    <tag k="ele" v="28.6175"/>
    <tag k="local_x" v="-9306.469084452245"/>
    <tag k="local_y" v="-40829.875436901864"/>
  </node>
  <node id="160" visible="true" version="1" lat="0.00000000000" lon="0.00000000000">
    <tag k="ele" v="28.6375"/>
    <tag k="local_x" v="-9305.80010236313"/>
    <tag k="local_y" v="-40828.30852896206"/>
  </node>
  <node id="161" visible="true" version="1" lat="0.00000000000" lon="0.00000000000">
    <tag k="ele" v="28.221749999999997"/>
    <tag k="local_x" v="-9323.009756742364"/>
    <tag k="local_y" v="-40853.0797342601"/>
  </node>
  <node id="162" visible="true" version="1" lat="0.00000000000" lon="0.00000000000">
    <tag k="ele" v="28.245749999999997"/>
    <tag k="local_x" v="-9321.658206811979"/>
    <tag k="local_y" v="-40851.475041406295"/>
  </node>
  <node id="163" visible="true" version="1" lat="0.00000000000" lon="0.00000000000">
    <tag k="ele" v="28.270999999999997"/>
    <tag k="local_x" v="-9320.358664372478"/>
    <tag k="local_y" v="-40849.81730712105"/>
  </node>
  <node id="164" visible="true" version="1" lat="0.00000000000" lon="0.00000000000">
    <tag k="ele" v="28.290999999999997"/>
    <tag k="local_x" v="-9319.091956916165"/>
    <tag k="local_y" v="-40848.12921265433"/>
  </node>
  <node id="165" visible="true" version="1" lat="0.00000000000" lon="0.00000000000">
    <tag k="ele" v="28.318749999999998"/>
    <tag k="local_x" v="-9317.793116163943"/>
    <tag k="local_y" v="-40846.47638616588"/>
  </node>
  <node id="166" visible="true" version="1" lat="0.00000000000" lon="0.00000000000">
    <tag k="ele" v="28.3405"/>
    <tag k="local_x" v="-9316.45211908729"/>
    <tag k="local_y" v="-40844.86784787933"/>
  </node>
  <node id="167" visible="true" version="1" lat="0.00000000000" lon="0.00000000000">
    <tag k="ele" v="28.377999999999997"/>
    <tag k="local_x" v="-9315.07776502259"/>
    <tag k="local_y" v="-40843.294525832454"/>
  </node>
  <node id="168" visible="true" version="1" lat="0.00000000000" lon="0.00000000000">
    <tag k="ele" v="28.544999999999998"/>
    <tag k="local_x" v="-9313.673604072806"/>
    <tag k="local_y" v="-40841.74944227296"/>
  </node>
  <node id="169" visible="true" version="1" lat="0.00000000000" lon="0.00000000000">
    <tag k="ele" v="28.444"/>
    <tag k="local_x" v="-9312.22911987761"/>
    <tag k="local_y" v="-40840.235542487266"/>
  </node>
  <node id="170" visible="true" version="1" lat="0.00000000000" lon="0.00000000000">
    <tag k="ele" v="28.474999999999998"/>
    <tag k="local_x" v="-9310.79469970361"/>
    <tag k="local_y" v="-40838.70366825629"/>
  </node>
  <node id="171" visible="true" version="1" lat="0.00000000000" lon="0.00000000000">
    <tag k="ele" v="28.627249999999997"/>
    <tag k="local_x" v="-9309.391869887957"/>
    <tag k="local_y" v="-40837.13638169274"/>
  </node>
  <node id="172" visible="true" version="1" lat="0.00000000000" lon="0.00000000000">
    <tag k="ele" v="28.639"/>
    <tag k="local_x" v="-9308.027732837943"/>
    <tag k="local_y" v="-40835.53197318268"/>
  </node>
  <node id="173" visible="true" version="1" lat="0.00000000000" lon="0.00000000000">
    <tag k="ele" v="28.741749999999996"/>
    <tag k="local_x" v="-9306.701139581695"/>
    <tag k="local_y" v="-40833.9069104191"/>
  </node>
  <node id="174" visible="true" version="1" lat="0.00000000000" lon="0.00000000000">
    <tag k="ele" v="28.733749999999997"/>
    <tag k="local_x" v="-9305.542475476677"/>
    <tag k="local_y" v="-40832.34496916665"/>
  </node>
  <node id="175" visible="true" version="1" lat="0.00000000000" lon="0.00000000000">
    <tag k="ele" v="28.688249999999996"/>
    <tag k="local_x" v="-9304.735034138386"/>
    <tag k="local_y" v="-40831.17935293942"/>
  </node>
  <node id="176" visible="true" version="1" lat="0.00000000000" lon="0.00000000000">
    <tag k="ele" v="28.710499999999996"/>
    <tag k="local_x" v="-9303.798621919013"/>
    <tag k="local_y" v="-40829.800193757226"/>
  </node>
  <node id="177" visible="true" version="1" lat="0.00000000000" lon="0.00000000000">
    <tag k="ele" v="28.221749999999997"/>
    <tag k="local_x" v="-9320.526303944089"/>
    <tag k="local_y" v="-40855.65850687259"/>
  </node>
  <node id="178" visible="true" version="1" lat="0.00000000000" lon="0.00000000000">
    <tag k="ele" v="28.245749999999997"/>
    <tag k="local_x" v="-9319.146188169418"/>
    <tag k="local_y" v="-40854.03138360594"/>
  </node>
  <node id="179" visible="true" version="1" lat="0.00000000000" lon="0.00000000000">
    <tag k="ele" v="28.270999999999997"/>
    <tag k="local_x" v="-9317.835000323326"/>
    <tag k="local_y" v="-40852.33132336652"/>
  </node>
  <node id="180" visible="true" version="1" lat="0.00000000000" lon="0.00000000000">
    <tag k="ele" v="28.290999999999997"/>
    <tag k="local_x" v="-9316.551861427586"/>
    <tag k="local_y" v="-40850.60367181643"/>
  </node>
  <node id="181" visible="true" version="1" lat="0.00000000000" lon="0.00000000000">
    <tag k="ele" v="28.318749999999998"/>
    <tag k="local_x" v="-9315.220631880673"/>
    <tag k="local_y" v="-40848.925297212"/>
  </node>
  <node id="182" visible="true" version="1" lat="0.00000000000" lon="0.00000000000">
    <tag k="ele" v="28.3405"/>
    <tag k="local_x" v="-9313.828163608418"/>
    <tag k="local_y" v="-40847.30822321488"/>
  </node>
  <node id="183" visible="true" version="1" lat="0.00000000000" lon="0.00000000000">
    <tag k="ele" v="28.377999999999997"/>
    <tag k="local_x" v="-9312.389580931736"/>
    <tag k="local_y" v="-40845.737588211654"/>
  </node>
  <node id="184" visible="true" version="1" lat="0.00000000000" lon="0.00000000000">
    <tag k="ele" v="28.419249999999998"/>
    <tag k="local_x" v="-9310.929833616361"/>
    <tag k="local_y" v="-40844.18624869896"/>
  </node>
  <node id="185" visible="true" version="1" lat="0.00000000000" lon="0.00000000000">
    <tag k="ele" v="28.444"/>
    <tag k="local_x" v="-9309.485059911427"/>
    <tag k="local_y" v="-40842.61552202633"/>
  </node>
  <node id="186" visible="true" version="1" lat="0.00000000000" lon="0.00000000000">
    <tag k="ele" v="28.474999999999998"/>
    <tag k="local_x" v="-9308.076506197618"/>
    <tag k="local_y" v="-40841.0029013522"/>
  </node>
  <node id="187" visible="true" version="1" lat="0.00000000000" lon="0.00000000000">
    <tag k="ele" v="28.5035"/>
    <tag k="local_x" v="-9306.721784455682"/>
    <tag k="local_y" v="-40839.33622096585"/>
  </node>
  <node id="188" visible="true" version="1" lat="0.00000000000" lon="0.00000000000">
    <tag k="ele" v="28.535999999999998"/>
    <tag k="local_x" v="-9305.436106119078"/>
    <tag k="local_y" v="-40837.61006000571"/>
  </node>
  <node id="189" visible="true" version="1" lat="0.00000000000" lon="0.00000000000">
    <tag k="ele" v="28.5615"/>
    <tag k="local_x" v="-9304.23273914867"/>
    <tag k="local_y" v="-40835.83710958886"/>
  </node>
  <node id="190" visible="true" version="1" lat="0.00000000000" lon="0.00000000000">
    <tag k="ele" v="28.660749999999997"/>
    <tag k="local_x" v="-9303.117938334282"/>
    <tag k="local_y" v="-40834.20537252299"/>
  </node>
  <node id="191" visible="true" version="1" lat="0.00000000000" lon="0.00000000000">
    <tag k="ele" v="28.6865"/>
    <tag k="local_x" v="-9302.224318039634"/>
    <tag k="local_y" v="-40833.06728142727"/>
  </node>
  <node id="192" visible="true" version="1" lat="0.00000000000" lon="0.00000000000">
    <tag k="ele" v="28.6375"/>
    <tag k="local_x" v="-9300.989226508698"/>
    <tag k="local_y" v="-40831.89398200362"/>
  </node>
  <node id="193" visible="true" version="1" lat="0.00000000000" lon="0.00000000000">
    <tag k="ele" v="28.221749999999997"/>
    <tag k="local_x" v="-9318.191686925931"/>
    <tag k="local_y" v="-40858.082731094306"/>
  </node>
  <node id="194" visible="true" version="1" lat="0.00000000000" lon="0.00000000000">
    <tag k="ele" v="28.245749999999997"/>
    <tag k="local_x" v="-9316.735174664287"/>
    <tag k="local_y" v="-40856.48493847319"/>
  </node>
  <node id="195" visible="true" version="1" lat="0.00000000000" lon="0.00000000000">
    <tag k="ele" v="28.270999999999997"/>
    <tag k="local_x" v="-9315.36678420584"/>
    <tag k="local_y" v="-40854.79010365417"/>
  </node>
  <node id="196" visible="true" version="1" lat="0.00000000000" lon="0.00000000000">
    <tag k="ele" v="28.290999999999997"/>
    <tag k="local_x" v="-9314.044183756037"/>
    <tag k="local_y" v="-40853.04655084121"/>
  </node>
  <node id="197" visible="true" version="1" lat="0.00000000000" lon="0.00000000000">
    <tag k="ele" v="28.318749999999998"/>
    <tag k="local_x" v="-9312.687075763228"/>
    <tag k="local_y" v="-40851.337150066596"/>
  </node>
  <node id="198" visible="true" version="1" lat="0.00000000000" lon="0.00000000000">
    <tag k="ele" v="28.3405"/>
    <tag k="local_x" v="-9311.278229638623"/>
    <tag k="local_y" v="-40849.67975581796"/>
  </node>
  <node id="199" visible="true" version="1" lat="0.00000000000" lon="0.00000000000">
    <tag k="ele" v="28.377999999999997"/>
    <tag k="local_x" v="-9309.828091592355"/>
    <tag k="local_y" v="-40848.06550848358"/>
  </node>
  <node id="200" visible="true" version="1" lat="0.00000000000" lon="0.00000000000">
    <tag k="ele" v="28.419249999999998"/>
    <tag k="local_x" v="-9308.35261003784"/>
    <tag k="local_y" v="-40846.47514096495"/>
  </node>
  <node id="201" visible="true" version="1" lat="0.00000000000" lon="0.00000000000">
    <tag k="ele" v="28.444"/>
    <tag k="local_x" v="-9306.870641031997"/>
    <tag k="local_y" v="-40844.883061189576"/>
  </node>
  <node id="202" visible="true" version="1" lat="0.00000000000" lon="0.00000000000">
    <tag k="ele" v="28.474999999999998"/>
    <tag k="local_x" v="-9305.375438648869"/>
    <tag k="local_y" v="-40843.2876481477"/>
  </node>
  <node id="203" visible="true" version="1" lat="0.00000000000" lon="0.00000000000">
    <tag k="ele" v="28.5035"/>
    <tag k="local_x" v="-9303.848700777698"/>
    <tag k="local_y" v="-40841.7033071397"/>
  </node>
  <node id="204" visible="true" version="1" lat="0.00000000000" lon="0.00000000000">
    <tag k="ele" v="28.535999999999998"/>
    <tag k="local_x" v="-9302.276060695474"/>
    <tag k="local_y" v="-40840.14393137969"/>
  </node>
  <node id="205" visible="true" version="1" lat="0.00000000000" lon="0.00000000000">
    <tag k="ele" v="28.5615"/>
    <tag k="local_x" v="-9300.6907194881"/>
    <tag k="local_y" v="-40838.606839863016"/>
  </node>
  <node id="206" visible="true" version="1" lat="0.00000000000" lon="0.00000000000">
    <tag k="ele" v="28.591499999999996"/>
    <tag k="local_x" v="-9298.983116169336"/>
    <tag k="local_y" v="-40837.378117084845"/>
  </node>
  <node id="207" visible="true" version="1" lat="0.00000000000" lon="0.00000000000">
    <tag k="ele" v="28.6175"/>
    <tag k="local_x" v="-9298.076938825929"/>
    <tag k="local_y" v="-40836.18589582232"/>
  </node>
  <node id="208" visible="true" version="1" lat="0.00000000000" lon="0.00000000000">
    <tag k="ele" v="28.6375"/>
    <tag k="local_x" v="-9297.381069617872"/>
    <tag k="local_y" v="-40834.583071784786"/>
  </node>
  <node id="209" visible="true" version="1" lat="0.00000000000" lon="0.00000000000">
    <tag k="ele" v="28.221749999999997"/>
    <tag k="local_x" v="-9315.668429500081"/>
    <tag k="local_y" v="-40860.70283611445"/>
  </node>
  <node id="210" visible="true" version="1" lat="0.00000000000" lon="0.00000000000">
    <tag k="ele" v="28.245749999999997"/>
    <tag k="local_x" v="-9314.237774499063"/>
    <tag k="local_y" v="-40859.02640425836"/>
  </node>
  <node id="211" visible="true" version="1" lat="0.00000000000" lon="0.00000000000">
    <tag k="ele" v="28.270999999999997"/>
    <tag k="local_x" v="-9312.874884668867"/>
    <tag k="local_y" v="-40857.272476821134"/>
  </node>
  <node id="212" visible="true" version="1" lat="0.00000000000" lon="0.00000000000">
    <tag k="ele" v="28.290999999999997"/>
    <tag k="local_x" v="-9311.54027237074"/>
    <tag k="local_y" v="-40855.48576090096"/>
  </node>
  <node id="213" visible="true" version="1" lat="0.00000000000" lon="0.00000000000">
    <tag k="ele" v="28.318749999999998"/>
    <tag k="local_x" v="-9310.159966745452"/>
    <tag k="local_y" v="-40853.74286551785"/>
  </node>
  <node id="214" visible="true" version="1" lat="0.00000000000" lon="0.00000000000">
    <tag k="ele" v="28.3405"/>
    <tag k="local_x" v="-9308.722639901041"/>
    <tag k="local_y" v="-40852.056548493594"/>
  </node>
  <node id="215" visible="true" version="1" lat="0.00000000000" lon="0.00000000000">
    <tag k="ele" v="28.377999999999997"/>
    <tag k="local_x" v="-9307.24287157994"/>
    <tag k="local_y" v="-40850.41499555024"/>
  </node>
  <node id="216" visible="true" version="1" lat="0.00000000000" lon="0.00000000000">
    <tag k="ele" v="28.419249999999998"/>
    <tag k="local_x" v="-9305.738265487875"/>
    <tag k="local_y" v="-40848.79700122996"/>
  </node>
  <node id="217" visible="true" version="1" lat="0.00000000000" lon="0.00000000000">
    <tag k="ele" v="28.444"/>
    <tag k="local_x" v="-9304.227536785696"/>
    <tag k="local_y" v="-40847.175479760364"/>
  </node>
  <node id="218" visible="true" version="1" lat="0.00000000000" lon="0.00000000000">
    <tag k="ele" v="28.474999999999998"/>
    <tag k="local_x" v="-9302.70327633876"/>
    <tag k="local_y" v="-40845.54794492478"/>
  </node>
  <node id="219" visible="true" version="1" lat="0.00000000000" lon="0.00000000000">
    <tag k="ele" v="28.5035"/>
    <tag k="local_x" v="-9301.147131888034"/>
    <tag k="local_y" v="-40843.929085113195"/>
  </node>
  <node id="220" visible="true" version="1" lat="0.00000000000" lon="0.00000000000">
    <tag k="ele" v="28.535999999999998"/>
    <tag k="local_x" v="-9299.54515272373"/>
    <tag k="local_y" v="-40842.333700388335"/>
  </node>
  <node id="221" visible="true" version="1" lat="0.00000000000" lon="0.00000000000">
    <tag k="ele" v="28.5615"/>
    <tag k="local_x" v="-9297.93358889836"/>
    <tag k="local_y" v="-40840.76281549162"/>
  </node>
  <node id="222" visible="true" version="1" lat="0.00000000000" lon="0.00000000000">
    <tag k="ele" v="28.591499999999996"/>
    <tag k="local_x" v="-9296.206374264395"/>
    <tag k="local_y" v="-40839.50877529144"/>
  </node>
  <node id="223" visible="true" version="1" lat="0.00000000000" lon="0.00000000000">
    <tag k="ele" v="28.6175"/>
    <tag k="local_x" v="-9295.27955695049"/>
    <tag k="local_y" v="-40838.289382129136"/>
  </node>
  <node id="224" visible="true" version="1" lat="0.00000000000" lon="0.00000000000">
    <tag k="ele" v="28.6375"/>
    <tag k="local_x" v="-9294.574725369452"/>
    <tag k="local_y" v="-40836.67458605903"/>
  </node>
  <node id="225" visible="true" version="1" lat="0.00000000000" lon="0.00000000000">
    <tag k="ele" v="28.769499999999997"/>
    <tag k="local_x" v="-9298.149440881374"/>
    <tag k="local_y" v="-40802.216651015224"/>
  </node>
  <node id="226" visible="true" version="1" lat="0.00000000000" lon="0.00000000000">
    <tag k="ele" v="28.7475"/>
    <tag k="local_x" v="-9297.102540418728"/>
    <tag k="local_y" v="-40799.955275436274"/>
  </node>
  <node id="227" visible="true" version="1" lat="0.00000000000" lon="0.00000000000">
    <tag k="ele" v="28.737499999999997"/>
    <tag k="local_x" v="-9296.520997217016"/>
    <tag k="local_y" v="-40798.5956597997"/>
  </node>
  <node id="228" visible="true" version="1" lat="0.00000000000" lon="0.00000000000">
    <tag k="ele" v="28.722749999999998"/>
    <tag k="local_x" v="-9295.749572124934"/>
    <tag k="local_y" v="-40796.767215402615"/>
  </node>
  <node id="229" visible="true" version="1" lat="0.00000000000" lon="0.00000000000">
    <tag k="ele" v="28.726"/>
    <tag k="local_x" v="-9295.055384856121"/>
    <tag k="local_y" v="-40795.07461269433"/>
  </node>
  <node id="230" visible="true" version="1" lat="0.00000000000" lon="0.00000000000">
    <tag k="ele" v="28.723249999999997"/>
    <tag k="local_x" v="-9294.575873175376"/>
    <tag k="local_y" v="-40793.876745574315"/>
  </node>
  <node id="231" visible="true" version="1" lat="0.00000000000" lon="0.00000000000">
    <tag k="ele" v="28.7095"/>
    <tag k="local_x" v="-9294.05234232805"/>
    <tag k="local_y" v="-40792.527788281375"/>
  </node>
  <node id="232" visible="true" version="1" lat="0.00000000000" lon="0.00000000000">
    <tag k="ele" v="28.769499999999997"/>
    <tag k="local_x" v="-9295.01066426168"/>
    <tag k="local_y" v="-40803.682836823486"/>
  </node>
  <node id="233" visible="true" version="1" lat="0.00000000000" lon="0.00000000000">
    <tag k="ele" v="28.752"/>
    <tag k="local_x" v="-9293.921673758381"/>
    <tag k="local_y" v="-40801.421937354964"/>
  </node>
  <node id="234" visible="true" version="1" lat="0.00000000000" lon="0.00000000000">
    <tag k="ele" v="28.740249999999996"/>
    <tag k="local_x" v="-9293.2921905768"/>
    <tag k="local_y" v="-40800.03254880456"/>
  </node>
  <node id="235" visible="true" version="1" lat="0.00000000000" lon="0.00000000000">
    <tag k="ele" v="28.733249999999998"/>
    <tag k="local_x" v="-9292.494019527136"/>
    <tag k="local_y" v="-40798.179447602604"/>
  </node>
  <node id="236" visible="true" version="1" lat="0.00000000000" lon="0.00000000000">
    <tag k="ele" v="28.726"/>
    <tag k="local_x" v="-9291.796130634888"/>
    <tag k="local_y" v="-40796.45216734542"/>
  </node>
  <node id="237" visible="true" version="1" lat="0.00000000000" lon="0.00000000000">
    <tag k="ele" v="28.723249999999997"/>
    <tag k="local_x" v="-9291.313827910555"/>
    <tag k="local_y" v="-40795.21890128996"/>
  </node>
  <node id="238" visible="true" version="1" lat="0.00000000000" lon="0.00000000000">
    <tag k="ele" v="28.7095"/>
    <tag k="local_x" v="-9290.796685130146"/>
    <tag k="local_y" v="-40793.85070753573"/>
  </node>
  <node id="239" visible="true" version="1" lat="0.00000000000" lon="0.00000000000">
    <tag k="ele" v="28.769499999999997"/>
    <tag k="local_x" v="-9291.839574564947"/>
    <tag k="local_y" v="-40805.164116721164"/>
  </node>
  <node id="240" visible="true" version="1" lat="0.00000000000" lon="0.00000000000">
    <tag k="ele" v="28.752"/>
    <tag k="local_x" v="-9290.74327230841"/>
    <tag k="local_y" v="-40802.88746259283"/>
  </node>
  <node id="241" visible="true" version="1" lat="0.00000000000" lon="0.00000000000">
    <tag k="ele" v="28.740249999999996"/>
    <tag k="local_x" v="-9290.094535585446"/>
    <tag k="local_y" v="-40801.455574649815"/>
  </node>
  <node id="242" visible="true" version="1" lat="0.00000000000" lon="0.00000000000">
    <tag k="ele" v="28.733249999999998"/>
    <tag k="local_x" v="-9289.283112201563"/>
    <tag k="local_y" v="-40799.57231304714"/>
  </node>
  <node id="243" visible="true" version="1" lat="0.00000000000" lon="0.00000000000">
    <tag k="ele" v="28.726"/>
    <tag k="local_x" v="-9288.572262515083"/>
    <tag k="local_y" v="-40797.81476572576"/>
  </node>
  <node id="244" visible="true" version="1" lat="0.00000000000" lon="0.00000000000">
    <tag k="ele" v="28.723249999999997"/>
    <tag k="local_x" v="-9288.077091584939"/>
    <tag k="local_y" v="-40796.550643741946"/>
  </node>
  <node id="245" visible="true" version="1" lat="0.00000000000" lon="0.00000000000">
    <tag k="ele" v="28.7095"/>
    <tag k="local_x" v="-9287.554159267385"/>
    <tag k="local_y" v="-40795.1682909408"/>
  </node>
  <node id="246" visible="true" version="1" lat="0.00000000000" lon="0.00000000000">
    <tag k="ele" v="28.769499999999997"/>
    <tag k="local_x" v="-9288.756405569391"/>
    <tag k="local_y" v="-40806.60432708765"/>
  </node>
  <node id="247" visible="true" version="1" lat="0.00000000000" lon="0.00000000000">
    <tag k="ele" v="28.752"/>
    <tag k="local_x" v="-9287.508067472127"/>
    <tag k="local_y" v="-40804.37917923463"/>
  </node>
  <node id="248" visible="true" version="1" lat="0.00000000000" lon="0.00000000000">
    <tag k="ele" v="28.740249999999996"/>
    <tag k="local_x" v="-9286.731482602529"/>
    <tag k="local_y" v="-40802.95220618968"/>
  </node>
  <node id="249" visible="true" version="1" lat="0.00000000000" lon="0.00000000000">
    <tag k="ele" v="28.733249999999998"/>
    <tag k="local_x" v="-9285.735366334424"/>
    <tag k="local_y" v="-40801.11129630741"/>
  </node>
  <node id="250" visible="true" version="1" lat="0.00000000000" lon="0.00000000000">
    <tag k="ele" v="28.784"/>
    <tag k="local_x" v="-9284.851902700639"/>
    <tag k="local_y" v="-40799.38721102098"/>
  </node>
  <node id="251" visible="true" version="1" lat="0.00000000000" lon="0.00000000000">
    <tag k="ele" v="28.770999999999997"/>
    <tag k="local_x" v="-9284.273701279868"/>
    <tag k="local_y" v="-40798.115533748794"/>
  </node>
  <node id="252" visible="true" version="1" lat="0.00000000000" lon="0.00000000000">
    <tag k="ele" v="28.758999999999997"/>
    <tag k="local_x" v="-9283.710051958236"/>
    <tag k="local_y" v="-40796.730323816475"/>
  </node>
  <node id="253" visible="true" version="1" lat="0.00000000000" lon="0.00000000000">
    <tag k="ele" v="28.769499999999997"/>
    <tag k="local_x" v="-9285.497395171484"/>
    <tag k="local_y" v="-40808.126676516535"/>
  </node>
  <node id="254" visible="true" version="1" lat="0.00000000000" lon="0.00000000000">
    <tag k="ele" v="28.752"/>
    <tag k="local_x" v="-9284.386469408466"/>
    <tag k="local_y" v="-40805.81851306856"/>
  </node>
  <node id="255" visible="true" version="1" lat="0.00000000000" lon="0.00000000000">
    <tag k="ele" v="28.740249999999996"/>
    <tag k="local_x" v="-9283.699225602739"/>
    <tag k="local_y" v="-40804.30162634033"/>
  </node>
  <node id="256" visible="true" version="1" lat="0.00000000000" lon="0.00000000000">
    <tag k="ele" v="28.733249999999998"/>
    <tag k="local_x" v="-9282.861297550418"/>
    <tag k="local_y" v="-40802.35804393621"/>
  </node>
  <node id="257" visible="true" version="1" lat="0.00000000000" lon="0.00000000000">
    <tag k="ele" v="28.726"/>
    <tag k="local_x" v="-9282.124526275467"/>
    <tag k="local_y" v="-40800.53996248643"/>
  </node>
  <node id="258" visible="true" version="1" lat="0.00000000000" lon="0.00000000000">
    <tag k="ele" v="28.723249999999997"/>
    <tag k="local_x" v="-9281.603618933703"/>
    <tag k="local_y" v="-40799.21412864592"/>
  </node>
  <node id="259" visible="true" version="1" lat="0.00000000000" lon="0.00000000000">
    <tag k="ele" v="28.7095"/>
    <tag k="local_x" v="-9281.069107541862"/>
    <tag k="local_y" v="-40797.80345775094"/>
  </node>
  <node id="260" visible="true" version="1" lat="0.00000000000" lon="0.00000000000">
    <tag k="ele" v="28.769499999999997"/>
    <tag k="local_x" v="-9282.32630547475"/>
    <tag k="local_y" v="-40809.60795641421"/>
  </node>
  <node id="261" visible="true" version="1" lat="0.00000000000" lon="0.00000000000">
    <tag k="ele" v="28.752"/>
    <tag k="local_x" v="-9281.208067958494"/>
    <tag k="local_y" v="-40807.284038306425"/>
  </node>
  <node id="262" visible="true" version="1" lat="0.00000000000" lon="0.00000000000">
    <tag k="ele" v="28.740249999999996"/>
    <tag k="local_x" v="-9280.501570611386"/>
    <tag k="local_y" v="-40805.72465218559"/>
  </node>
  <node id="263" visible="true" version="1" lat="0.00000000000" lon="0.00000000000">
    <tag k="ele" v="28.733249999999998"/>
    <tag k="local_x" v="-9279.650390224844"/>
    <tag k="local_y" v="-40803.750909380746"/>
  </node>
  <node id="264" visible="true" version="1" lat="0.00000000000" lon="0.00000000000">
    <tag k="ele" v="28.726"/>
    <tag k="local_x" v="-9278.90065815566"/>
    <tag k="local_y" v="-40801.902560866765"/>
  </node>
  <node id="265" visible="true" version="1" lat="0.00000000000" lon="0.00000000000">
    <tag k="ele" v="28.723249999999997"/>
    <tag k="local_x" v="-9278.366882608087"/>
    <tag k="local_y" v="-40800.545871097915"/>
  </node>
  <node id="266" visible="true" version="1" lat="0.00000000000" lon="0.00000000000">
    <tag k="ele" v="28.7095"/>
    <tag k="local_x" v="-9277.8265816791"/>
    <tag k="local_y" v="-40799.12104115602"/>
  </node>
  <node id="267" visible="true" version="1" lat="0.00000000000" lon="0.00000000000">
    <tag k="ele" v="28.769499999999997"/>
    <tag k="local_x" v="-9279.15521577802"/>
    <tag k="local_y" v="-40811.0892363119"/>
  </node>
  <node id="268" visible="true" version="1" lat="0.00000000000" lon="0.00000000000">
    <tag k="ele" v="28.752"/>
    <tag k="local_x" v="-9278.02966650852"/>
    <tag k="local_y" v="-40808.74956354428"/>
  </node>
  <node id="269" visible="true" version="1" lat="0.00000000000" lon="0.00000000000">
    <tag k="ele" v="28.740249999999996"/>
    <tag k="local_x" v="-9277.303915620034"/>
    <tag k="local_y" v="-40807.14767803085"/>
  </node>
  <node id="270" visible="true" version="1" lat="0.00000000000" lon="0.00000000000">
    <tag k="ele" v="28.733249999999998"/>
    <tag k="local_x" v="-9276.439482899274"/>
    <tag k="local_y" v="-40805.14377482529"/>
  </node>
  <node id="271" visible="true" version="1" lat="0.00000000000" lon="0.00000000000">
    <tag k="ele" v="28.726"/>
    <tag k="local_x" v="-9275.676790035854"/>
    <tag k="local_y" v="-40803.2651592471"/>
  </node>
  <node id="272" visible="true" version="1" lat="0.00000000000" lon="0.00000000000">
    <tag k="ele" v="28.723249999999997"/>
    <tag k="local_x" v="-9275.130146282469"/>
    <tag k="local_y" v="-40801.87761354991"/>
  </node>
  <node id="273" visible="true" version="1" lat="0.00000000000" lon="0.00000000000">
    <tag k="ele" v="28.7095"/>
    <tag k="local_x" v="-9274.584055816338"/>
    <tag k="local_y" v="-40800.43862456109"/>
  </node>
  <node id="274" visible="true" version="1" lat="0.00000000000" lon="0.00000000000">
    <tag k="ele" v="28.442749999999997"/>
    <tag k="local_x" v="-9288.562783398824"/>
    <tag k="local_y" v="-40776.64012626491"/>
  </node>
  <node id="275" visible="true" version="1" lat="0.00000000000" lon="0.00000000000">
    <tag k="ele" v="28.390249999999998"/>
    <tag k="local_x" v="-9288.102465696516"/>
    <tag k="local_y" v="-40774.1841109984"/>
  </node>
  <node id="276" visible="true" version="1" lat="0.00000000000" lon="0.00000000000">
    <tag k="ele" v="28.343249999999998"/>
    <tag k="local_x" v="-9287.841534568322"/>
    <tag k="local_y" v="-40772.719720194065"/>
  </node>
  <node id="277" visible="true" version="1" lat="0.00000000000" lon="0.00000000000">
    <tag k="ele" v="28.2995"/>
    <tag k="local_x" v="-9287.506010924168"/>
    <tag k="local_y" v="-40770.7574835313"/>
  </node>
  <node id="278" visible="true" version="1" lat="0.00000000000" lon="0.00000000000">
    <tag k="ele" v="28.238749999999996"/>
    <tag k="local_x" v="-9287.188464642628"/>
    <tag k="local_y" v="-40768.79686766695"/>
  </node>
  <node id="279" visible="true" version="1" lat="0.00000000000" lon="0.00000000000">
    <tag k="ele" v="28.182249999999996"/>
    <tag k="local_x" v="-9286.889784464953"/>
    <tag k="local_y" v="-40766.83370753251"/>
  </node>
  <node id="280" visible="true" version="1" lat="0.00000000000" lon="0.00000000000">
    <tag k="ele" v="28.125749999999996"/>
    <tag k="local_x" v="-9286.59014057019"/>
    <tag k="local_y" v="-40764.87198693958"/>
  </node>
  <node id="281" visible="true" version="1" lat="0.00000000000" lon="0.00000000000">
    <tag k="ele" v="28.04525"/>
    <tag k="local_x" v="-9286.268084498892"/>
    <tag k="local_y" v="-40762.9149554546"/>
  </node>
  <node id="282" visible="true" version="1" lat="0.00000000000" lon="0.00000000000">
    <tag k="ele" v="27.992749999999997"/>
    <tag k="local_x" v="-9285.924775353318"/>
    <tag k="local_y" v="-40760.961233306654"/>
  </node>
  <node id="283" visible="true" version="1" lat="0.00000000000" lon="0.00000000000">
    <tag k="ele" v="27.936249999999998"/>
    <tag k="local_x" v="-9285.57073858522"/>
    <tag k="local_y" v="-40759.00829046041"/>
  </node>
  <node id="284" visible="true" version="1" lat="0.00000000000" lon="0.00000000000">
    <tag k="ele" v="27.85475"/>
    <tag k="local_x" v="-9285.219973457766"/>
    <tag k="local_y" v="-40757.05305159433"/>
  </node>
  <node id="285" visible="true" version="1" lat="0.00000000000" lon="0.00000000000">
    <tag k="ele" v="28.442749999999997"/>
    <tag k="local_x" v="-9285.16796261715"/>
    <tag k="local_y" v="-40777.49231485907"/>
  </node>
  <node id="286" visible="true" version="1" lat="0.00000000000" lon="0.00000000000">
    <tag k="ele" v="28.390249999999998"/>
    <tag k="local_x" v="-9284.70463570339"/>
    <tag k="local_y" v="-40775.023624221605"/>
  </node>
  <node id="287" visible="true" version="1" lat="0.00000000000" lon="0.00000000000">
    <tag k="ele" v="28.343249999999998"/>
    <tag k="local_x" v="-9284.435796436383"/>
    <tag k="local_y" v="-40773.52602988934"/>
  </node>
  <node id="288" visible="true" version="1" lat="0.00000000000" lon="0.00000000000">
    <tag k="ele" v="28.2995"/>
    <tag k="local_x" v="-9284.09447818394"/>
    <tag k="local_y" v="-40771.53793679868"/>
  </node>
  <node id="289" visible="true" version="1" lat="0.00000000000" lon="0.00000000000">
    <tag k="ele" v="28.238749999999996"/>
    <tag k="local_x" v="-9283.769858730466"/>
    <tag k="local_y" v="-40769.54432115821"/>
  </node>
  <node id="290" visible="true" version="1" lat="0.00000000000" lon="0.00000000000">
    <tag k="ele" v="28.182249999999996"/>
    <tag k="local_x" v="-9283.464702502373"/>
    <tag k="local_y" v="-40767.54938389501"/>
  </node>
  <node id="291" visible="true" version="1" lat="0.00000000000" lon="0.00000000000">
    <tag k="ele" v="28.125749999999996"/>
    <tag k="local_x" v="-9283.15892528659"/>
    <tag k="local_y" v="-40765.55721283392"/>
  </node>
  <node id="292" visible="true" version="1" lat="0.00000000000" lon="0.00000000000">
    <tag k="ele" v="28.04525"/>
    <tag k="local_x" v="-9282.830687233183"/>
    <tag k="local_y" v="-40763.57170574409"/>
  </node>
  <node id="293" visible="true" version="1" lat="0.00000000000" lon="0.00000000000">
    <tag k="ele" v="27.992749999999997"/>
    <tag k="local_x" v="-9282.48043630297"/>
    <tag k="local_y" v="-40761.59190792801"/>
  </node>
  <node id="294" visible="true" version="1" lat="0.00000000000" lon="0.00000000000">
    <tag k="ele" v="27.936249999999998"/>
    <tag k="local_x" v="-9282.11779277239"/>
    <tag k="local_y" v="-40759.6152563068"/>
  </node>
  <node id="295" visible="true" version="1" lat="0.00000000000" lon="0.00000000000">
    <tag k="ele" v="27.85475"/>
    <tag k="local_x" v="-9281.756358391"/>
    <tag k="local_y" v="-40757.639189376474"/>
  </node>
  <node id="296" visible="true" version="1" lat="0.00000000000" lon="0.00000000000">
    <tag k="ele" v="28.586"/>
    <tag k="local_x" v="-9282.558275512667"/>
    <tag k="local_y" v="-40778.14741441448"/>
  </node>
  <node id="297" visible="true" version="1" lat="0.00000000000" lon="0.00000000000">
    <tag k="ele" v="28.596249999999998"/>
    <tag k="local_x" v="-9282.128181873066"/>
    <tag k="local_y" v="-40775.66019728851"/>
  </node>
  <node id="298" visible="true" version="1" lat="0.00000000000" lon="0.00000000000">
    <tag k="ele" v="28.488249999999997"/>
    <tag k="local_x" v="-9281.842903105096"/>
    <tag k="local_y" v="-40774.139898293426"/>
  </node>
  <node id="299" visible="true" version="1" lat="0.00000000000" lon="0.00000000000">
    <tag k="ele" v="28.440499999999997"/>
    <tag k="local_x" v="-9281.417887383464"/>
    <tag k="local_y" v="-40772.150258061505"/>
  </node>
  <node id="300" visible="true" version="1" lat="0.00000000000" lon="0.00000000000">
    <tag k="ele" v="28.3605"/>
    <tag k="local_x" v="-9280.906635366186"/>
    <tag k="local_y" v="-40770.17034426673"/>
  </node>
  <node id="301" visible="true" version="1" lat="0.00000000000" lon="0.00000000000">
    <tag k="ele" v="28.342"/>
    <tag k="local_x" v="-9280.437175814903"/>
    <tag k="local_y" v="-40768.18199044596"/>
  </node>
  <node id="302" visible="true" version="1" lat="0.00000000000" lon="0.00000000000">
    <tag k="ele" v="28.285999999999998"/>
    <tag k="local_x" v="-9280.022887203406"/>
    <tag k="local_y" v="-40766.18349079162"/>
  </node>
  <node id="303" visible="true" version="1" lat="0.00000000000" lon="0.00000000000">
    <tag k="ele" v="28.14725"/>
    <tag k="local_x" v="-9279.649803315548"/>
    <tag k="local_y" v="-40764.17944650615"/>
  </node>
  <node id="304" visible="true" version="1" lat="0.00000000000" lon="0.00000000000">
    <tag k="ele" v="28.35025"/>
    <tag k="local_x" v="-9279.287279239034"/>
    <tag k="local_y" v="-40762.17658995052"/>
  </node>
  <node id="305" visible="true" version="1" lat="0.00000000000" lon="0.00000000000">
    <tag k="ele" v="27.936249999999998"/>
    <tag k="local_x" v="-9278.853938303717"/>
    <tag k="local_y" v="-40760.18898329166"/>
  </node>
  <node id="306" visible="true" version="1" lat="0.00000000000" lon="0.00000000000">
    <tag k="ele" v="27.85475"/>
    <tag k="local_x" v="-9278.391315331988"/>
    <tag k="local_y" v="-40758.20864609652"/>
  </node>
  <node id="307" visible="true" version="1" lat="0.00000000000" lon="0.00000000000">
    <tag k="ele" v="28.442749999999997"/>
    <tag k="local_x" v="-9278.47282156613"/>
    <tag k="local_y" v="-40779.172969953084"/>
  </node>
  <node id="308" visible="true" version="1" lat="0.00000000000" lon="0.00000000000">
    <tag k="ele" v="28.381999999999998"/>
    <tag k="local_x" v="-9278.03596401582"/>
    <tag k="local_y" v="-40776.67127524425"/>
  </node>
  <node id="309" visible="true" version="1" lat="0.00000000000" lon="0.00000000000">
    <tag k="ele" v="28.33025"/>
    <tag k="local_x" v="-9277.748880182637"/>
    <tag k="local_y" v="-40775.10915965386"/>
  </node>
  <node id="310" visible="true" version="1" lat="0.00000000000" lon="0.00000000000">
    <tag k="ele" v="28.2995"/>
    <tag k="local_x" v="-9277.36002174843"/>
    <tag k="local_y" v="-40773.078572322156"/>
  </node>
  <node id="311" visible="true" version="1" lat="0.00000000000" lon="0.00000000000">
    <tag k="ele" v="28.238749999999996"/>
    <tag k="local_x" v="-9276.980729790497"/>
    <tag k="local_y" v="-40771.02871516537"/>
  </node>
  <node id="312" visible="true" version="1" lat="0.00000000000" lon="0.00000000000">
    <tag k="ele" v="28.182249999999996"/>
    <tag k="local_x" v="-9276.63339013323"/>
    <tag k="local_y" v="-40768.97679755719"/>
  </node>
  <node id="313" visible="true" version="1" lat="0.00000000000" lon="0.00000000000">
    <tag k="ele" v="28.125749999999996"/>
    <tag k="local_x" v="-9276.301408933743"/>
    <tag k="local_y" v="-40766.92668323652"/>
  </node>
  <node id="314" visible="true" version="1" lat="0.00000000000" lon="0.00000000000">
    <tag k="ele" v="28.04525"/>
    <tag k="local_x" v="-9275.96144936747"/>
    <tag k="local_y" v="-40764.88414466463"/>
  </node>
  <node id="315" visible="true" version="1" lat="0.00000000000" lon="0.00000000000">
    <tag k="ele" v="27.992749999999997"/>
    <tag k="local_x" v="-9275.610571028017"/>
    <tag k="local_y" v="-40762.84981245414"/>
  </node>
  <node id="316" visible="true" version="1" lat="0.00000000000" lon="0.00000000000">
    <tag k="ele" v="27.936249999999998"/>
    <tag k="local_x" v="-9275.253199452525"/>
    <tag k="local_y" v="-40760.82192849929"/>
  </node>
  <node id="317" visible="true" version="1" lat="0.00000000000" lon="0.00000000000">
    <tag k="ele" v="27.85475"/>
    <tag k="local_x" v="-9274.894014183112"/>
    <tag k="local_y" v="-40758.80048447906"/>
  </node>
  <node id="318" visible="true" version="1" lat="0.00000000000" lon="0.00000000000">
    <tag k="ele" v="28.442749999999997"/>
    <tag k="local_x" v="-9275.362591023804"/>
    <tag k="local_y" v="-40779.953718971614"/>
  </node>
  <node id="319" visible="true" version="1" lat="0.00000000000" lon="0.00000000000">
    <tag k="ele" v="28.339499999999997"/>
    <tag k="local_x" v="-9274.852268357134"/>
    <tag k="local_y" v="-40777.4578815811"/>
  </node>
  <node id="320" visible="true" version="1" lat="0.00000000000" lon="0.00000000000">
    <tag k="ele" v="28.3095"/>
    <tag k="local_x" v="-9274.44835325257"/>
    <tag k="local_y" v="-40775.89056056025"/>
  </node>
  <node id="321" visible="true" version="1" lat="0.00000000000" lon="0.00000000000">
    <tag k="ele" v="28.2995"/>
    <tag k="local_x" v="-9273.775254784625"/>
    <tag k="local_y" v="-40773.898656226585"/>
  </node>
  <node id="322" visible="true" version="1" lat="0.00000000000" lon="0.00000000000">
    <tag k="ele" v="28.238749999999996"/>
    <tag k="local_x" v="-9273.003322767672"/>
    <tag k="local_y" v="-40771.89834648345"/>
  </node>
  <node id="323" visible="true" version="1" lat="0.00000000000" lon="0.00000000000">
    <tag k="ele" v="28.137749999999997"/>
    <tag k="local_x" v="-9272.267322638996"/>
    <tag k="local_y" v="-40769.889094353835"/>
  </node>
  <node id="324" visible="true" version="1" lat="0.00000000000" lon="0.00000000000">
    <tag k="ele" v="28.065499999999997"/>
    <tag k="local_x" v="-9271.80204514641"/>
    <tag k="local_y" v="-40767.825222185646"/>
  </node>
  <node id="325" visible="true" version="1" lat="0.00000000000" lon="0.00000000000">
    <tag k="ele" v="28.000749999999996"/>
    <tag k="local_x" v="-9271.514804774157"/>
    <tag k="local_y" v="-40765.73372209145"/>
  </node>
  <node id="326" visible="true" version="1" lat="0.00000000000" lon="0.00000000000">
    <tag k="ele" v="27.9275"/>
    <tag k="local_x" v="-9271.262290621207"/>
    <tag k="local_y" v="-40763.64600297399"/>
  </node>
  <node id="327" visible="true" version="1" lat="0.00000000000" lon="0.00000000000">
    <tag k="ele" v="27.845999999999997"/>
    <tag k="local_x" v="-9271.011301298897"/>
    <tag k="local_y" v="-40761.56757799473"/>
  </node>
  <node id="328" visible="true" version="1" lat="0.00000000000" lon="0.00000000000">
    <tag k="ele" v="27.7945"/>
    <tag k="local_x" v="-9270.770006981627"/>
    <tag k="local_y" v="-40759.498378554475"/>
  </node>
  <node id="329" visible="true" version="1" lat="0.00000000000" lon="0.00000000000">
    <tag k="ele" v="28.442749999999997"/>
    <tag k="local_x" v="-9271.589252300259"/>
    <tag k="local_y" v="-40780.9009254455"/>
  </node>
  <node id="330" visible="true" version="1" lat="0.00000000000" lon="0.00000000000">
    <tag k="ele" v="28.390249999999998"/>
    <tag k="local_x" v="-9271.113332991341"/>
    <tag k="local_y" v="-40778.38167284982"/>
  </node>
  <node id="331" visible="true" version="1" lat="0.00000000000" lon="0.00000000000">
    <tag k="ele" v="28.343249999999998"/>
    <tag k="local_x" v="-9270.812392131273"/>
    <tag k="local_y" v="-40776.75137562887"/>
  </node>
  <node id="332" visible="true" version="1" lat="0.00000000000" lon="0.00000000000">
    <tag k="ele" v="28.2995"/>
    <tag k="local_x" v="-9270.447045329642"/>
    <tag k="local_y" v="-40774.66004770117"/>
  </node>
  <node id="333" visible="true" version="1" lat="0.00000000000" lon="0.00000000000">
    <tag k="ele" v="28.238749999999996"/>
    <tag k="local_x" v="-9270.092952416644"/>
    <tag k="local_y" v="-40772.53467794009"/>
  </node>
  <node id="334" visible="true" version="1" lat="0.00000000000" lon="0.00000000000">
    <tag k="ele" v="28.182249999999996"/>
    <tag k="local_x" v="-9269.760670766278"/>
    <tag k="local_y" v="-40770.41286327788"/>
  </node>
  <node id="335" visible="true" version="1" lat="0.00000000000" lon="0.00000000000">
    <tag k="ele" v="28.125749999999996"/>
    <tag k="local_x" v="-9269.430013721172"/>
    <tag k="local_y" v="-40768.29892529677"/>
  </node>
  <node id="336" visible="true" version="1" lat="0.00000000000" lon="0.00000000000">
    <tag k="ele" v="28.04525"/>
    <tag k="local_x" v="-9269.079425974267"/>
    <tag k="local_y" v="-40766.19902639241"/>
  </node>
  <node id="337" visible="true" version="1" lat="0.00000000000" lon="0.00000000000">
    <tag k="ele" v="27.992749999999997"/>
    <tag k="local_x" v="-9268.709386344744"/>
    <tag k="local_y" v="-40764.113451710706"/>
  </node>
  <node id="338" visible="true" version="1" lat="0.00000000000" lon="0.00000000000">
    <tag k="ele" v="27.936249999999998"/>
    <tag k="local_x" v="-9268.329201183871"/>
    <tag k="local_y" v="-40762.039043014636"/>
  </node>
  <node id="339" visible="true" version="1" lat="0.00000000000" lon="0.00000000000">
    <tag k="ele" v="27.85475"/>
    <tag k="local_x" v="-9267.952617825102"/>
    <tag k="local_y" v="-40759.975157353445"/>
  </node>
  <node id="340" visible="true" version="1" lat="0.00000000000" lon="0.00000000000">
    <tag k="ele" v="28.302249999999997"/>
    <tag k="local_x" v="-9267.99284729575"/>
    <tag k="local_y" v="-40781.80371693934"/>
  </node>
  <node id="341" visible="true" version="1" lat="0.00000000000" lon="0.00000000000">
    <tag k="ele" v="28.27875"/>
    <tag k="local_x" v="-9267.592666611345"/>
    <tag k="local_y" v="-40779.25153567006"/>
  </node>
  <node id="342" visible="true" version="1" lat="0.00000000000" lon="0.00000000000">
    <tag k="ele" v="28.23575"/>
    <tag k="local_x" v="-9267.331927047795"/>
    <tag k="local_y" v="-40777.575376956076"/>
  </node>
  <node id="343" visible="true" version="1" lat="0.00000000000" lon="0.00000000000">
    <tag k="ele" v="28.14475"/>
    <tag k="local_x" v="-9267.002118077684"/>
    <tag k="local_y" v="-40775.44814060087"/>
  </node>
  <node id="344" visible="true" version="1" lat="0.00000000000" lon="0.00000000000">
    <tag k="ele" v="28.146749999999997"/>
    <tag k="local_x" v="-9266.648460006614"/>
    <tag k="local_y" v="-40773.287791327144"/>
  </node>
  <node id="345" visible="true" version="1" lat="0.00000000000" lon="0.00000000000">
    <tag k="ele" v="28.051249999999996"/>
    <tag k="local_x" v="-9266.33468044016"/>
    <tag k="local_y" v="-40771.1287294444"/>
  </node>
  <node id="346" visible="true" version="1" lat="0.00000000000" lon="0.00000000000">
    <tag k="ele" v="27.979999999999997"/>
    <tag k="local_x" v="-9266.052447443648"/>
    <tag k="local_y" v="-40768.973437293804"/>
  </node>
  <node id="347" visible="true" version="1" lat="0.00000000000" lon="0.00000000000">
    <tag k="ele" v="27.967249999999996"/>
    <tag k="local_x" v="-9265.787075407263"/>
    <tag k="local_y" v="-40766.82806401036"/>
  </node>
  <node id="348" visible="true" version="1" lat="0.00000000000" lon="0.00000000000">
    <tag k="ele" v="27.849999999999998"/>
    <tag k="local_x" v="-9265.560377461059"/>
    <tag k="local_y" v="-40764.690049994526"/>
  </node>
  <node id="349" visible="true" version="1" lat="0.00000000000" lon="0.00000000000">
    <tag k="ele" v="27.811749999999996"/>
    <tag k="local_x" v="-9265.283595730147"/>
    <tag k="local_y" v="-40762.57440574322"/>
  </node>
  <node id="350" visible="true" version="1" lat="0.00000000000" lon="0.00000000000">
    <tag k="ele" v="27.743249999999996"/>
    <tag k="local_x" v="-9264.983981750183"/>
    <tag k="local_y" v="-40760.477531240664"/>
  </node>
  <node id="351" visible="true" version="1" lat="0.00000000000" lon="0.00000000000">
    <tag k="ele" v="27.7035"/>
    <tag k="local_x" v="-9284.609060418268"/>
    <tag k="local_y" v="-40753.12161031982"/>
  </node>
  <node id="352" visible="true" version="1" lat="0.00000000000" lon="0.00000000000">
    <tag k="ele" v="27.673499999999997"/>
    <tag k="local_x" v="-9284.385695349556"/>
    <tag k="local_y" v="-40751.1411002933"/>
  </node>
  <node id="353" visible="true" version="1" lat="0.00000000000" lon="0.00000000000">
    <tag k="ele" v="27.605249999999998"/>
    <tag k="local_x" v="-9284.234854111926"/>
    <tag k="local_y" v="-40749.20102208436"/>
  </node>
  <node id="354" visible="true" version="1" lat="0.00000000000" lon="0.00000000000">
    <tag k="ele" v="27.541249999999998"/>
    <tag k="local_x" v="-9284.155886567694"/>
    <tag k="local_y" v="-40747.772087675316"/>
  </node>
  <node id="355" visible="true" version="1" lat="0.00000000000" lon="0.00000000000">
    <tag k="ele" v="27.530749999999998"/>
    <tag k="local_x" v="-9284.051476332308"/>
    <tag k="local_y" v="-40745.623227773176"/>
  </node>
  <node id="356" visible="true" version="1" lat="0.00000000000" lon="0.00000000000">
    <tag k="ele" v="27.735249999999997"/>
    <tag k="local_x" v="-9281.125269331398"/>
    <tag k="local_y" v="-40753.67525120128"/>
  </node>
  <node id="357" visible="true" version="1" lat="0.00000000000" lon="0.00000000000">
    <tag k="ele" v="27.673499999999997"/>
    <tag k="local_x" v="-9280.905847611679"/>
    <tag k="local_y" v="-40751.67986486427"/>
  </node>
  <node id="358" visible="true" version="1" lat="0.00000000000" lon="0.00000000000">
    <tag k="ele" v="27.605249999999998"/>
    <tag k="local_x" v="-9280.762381580125"/>
    <tag k="local_y" v="-40749.72801357872"/>
  </node>
  <node id="359" visible="true" version="1" lat="0.00000000000" lon="0.00000000000">
    <tag k="ele" v="27.541249999999998"/>
    <tag k="local_x" v="-9280.68781282037"/>
    <tag k="local_y" v="-40748.284712604815"/>
  </node>
  <node id="360" visible="true" version="1" lat="0.00000000000" lon="0.00000000000">
    <tag k="ele" v="27.530749999999998"/>
    <tag k="local_x" v="-9280.591433860754"/>
    <tag k="local_y" v="-40746.1289237103"/>
  </node>
  <node id="361" visible="true" version="1" lat="0.00000000000" lon="0.00000000000">
    <tag k="ele" v="27.735249999999997"/>
    <tag k="local_x" v="-9277.373577302236"/>
    <tag k="local_y" v="-40754.27146665456"/>
  </node>
  <node id="362" visible="true" version="1" lat="0.00000000000" lon="0.00000000000">
    <tag k="ele" v="27.673499999999997"/>
    <tag k="local_x" v="-9276.889273230076"/>
    <tag k="local_y" v="-40752.30172769751"/>
  </node>
  <node id="363" visible="true" version="1" lat="0.00000000000" lon="0.00000000000">
    <tag k="ele" v="27.621"/>
    <tag k="local_x" v="-9276.261787997975"/>
    <tag k="local_y" v="-40750.41103540701"/>
  </node>
  <node id="364" visible="true" version="1" lat="0.00000000000" lon="0.00000000000">
    <tag k="ele" v="27.56675"/>
    <tag k="local_x" v="-9275.964428105224"/>
    <tag k="local_y" v="-40748.98288828762"/>
  </node>
  <node id="365" visible="true" version="1" lat="0.00000000000" lon="0.00000000000">
    <tag k="ele" v="27.529749999999996"/>
    <tag k="local_x" v="-9275.620746703455"/>
    <tag k="local_y" v="-40746.855405052906"/>
  </node>
  <node id="366" visible="true" version="1" lat="0.00000000000" lon="0.00000000000">
    <tag k="ele" v="27.735249999999997"/>
    <tag k="local_x" v="-9274.182701309242"/>
    <tag k="local_y" v="-40754.77855773819"/>
  </node>
  <node id="367" visible="true" version="1" lat="0.00000000000" lon="0.00000000000">
    <tag k="ele" v="27.673499999999997"/>
    <tag k="local_x" v="-9273.82022119409"/>
    <tag k="local_y" v="-40752.77689116097"/>
  </node>
  <node id="368" visible="true" version="1" lat="0.00000000000" lon="0.00000000000">
    <tag k="ele" v="27.605249999999998"/>
    <tag k="local_x" v="-9273.436969522316"/>
    <tag k="local_y" v="-40750.83973723147"/>
  </node>
  <node id="369" visible="true" version="1" lat="0.00000000000" lon="0.00000000000">
    <tag k="ele" v="27.53925"/>
    <tag k="local_x" v="-9273.136884816382"/>
    <tag k="local_y" v="-40749.40083475724"/>
  </node>
  <node id="370" visible="true" version="1" lat="0.00000000000" lon="0.00000000000">
    <tag k="ele" v="27.480999999999998"/>
    <tag k="local_x" v="-9272.701034450864"/>
    <tag k="local_y" v="-40747.28213005292"/>
  </node>
  <node id="371" visible="true" version="1" lat="0.00000000000" lon="0.00000000000">
    <tag k="ele" v="27.660749999999997"/>
    <tag k="local_x" v="-9270.332438998008"/>
    <tag k="local_y" v="-40755.39043789021"/>
  </node>
  <node id="372" visible="true" version="1" lat="0.00000000000" lon="0.00000000000">
    <tag k="ele" v="27.59725"/>
    <tag k="local_x" v="-9270.043927069968"/>
    <tag k="local_y" v="-40753.361552800474"/>
  </node>
  <node id="373" visible="true" version="1" lat="0.00000000000" lon="0.00000000000">
    <tag k="ele" v="27.537249999999997"/>
    <tag k="local_x" v="-9269.728129190951"/>
    <tag k="local_y" v="-40751.40260052"/>
  </node>
  <node id="374" visible="true" version="1" lat="0.00000000000" lon="0.00000000000">
    <tag k="ele" v="27.4775"/>
    <tag k="local_x" v="-9269.516664569874"/>
    <tag k="local_y" v="-40749.93594885336"/>
  </node>
  <node id="375" visible="true" version="1" lat="0.00000000000" lon="0.00000000000">
    <tag k="ele" v="27.419999999999998"/>
    <tag k="local_x" v="-9269.358359659569"/>
    <tag k="local_y" v="-40747.77067233961"/>
  </node>
  <node id="376" visible="true" version="1" lat="0.00000000000" lon="0.00000000000">
    <tag k="ele" v="27.735249999999997"/>
    <tag k="local_x" v="-9267.29877660419"/>
    <tag k="local_y" v="-40755.872544732985"/>
  </node>
  <node id="377" visible="true" version="1" lat="0.00000000000" lon="0.00000000000">
    <tag k="ele" v="27.673499999999997"/>
    <tag k="local_x" v="-9267.070683740714"/>
    <tag k="local_y" v="-40753.82188275953"/>
  </node>
  <node id="378" visible="true" version="1" lat="0.00000000000" lon="0.00000000000">
    <tag k="ele" v="27.605249999999998"/>
    <tag k="local_x" v="-9266.920872248824"/>
    <tag k="local_y" v="-40751.8286371603"/>
  </node>
  <node id="379" visible="true" version="1" lat="0.00000000000" lon="0.00000000000">
    <tag k="ele" v="27.541249999999998"/>
    <tag k="local_x" v="-9266.838291369326"/>
    <tag k="local_y" v="-40750.331846107314"/>
  </node>
  <node id="380" visible="true" version="1" lat="0.00000000000" lon="0.00000000000">
    <tag k="ele" v="27.530749999999998"/>
    <tag k="local_x" v="-9266.738605348508"/>
    <tag k="local_y" v="-40748.15355755627"/>
  </node>
  <node id="381" visible="true" version="1" lat="0.00000000000" lon="0.00000000000">
    <tag k="ele" v="27.8265"/>
    <tag k="local_x" v="-9264.402978896183"/>
    <tag k="local_y" v="-40756.332742246435"/>
  </node>
  <node id="382" visible="true" version="1" lat="0.00000000000" lon="0.00000000000">
    <tag k="ele" v="27.587249999999997"/>
    <tag k="local_x" v="-9264.121439855508"/>
    <tag k="local_y" v="-40754.278497024345"/>
  </node>
  <node id="383" visible="true" version="1" lat="0.00000000000" lon="0.00000000000">
    <tag k="ele" v="27.544249999999998"/>
    <tag k="local_x" v="-9263.836285124393"/>
    <tag k="local_y" v="-40752.29676215287"/>
  </node>
  <node id="384" visible="true" version="1" lat="0.00000000000" lon="0.00000000000">
    <tag k="ele" v="27.441249999999997"/>
    <tag k="local_x" v="-9263.617461193024"/>
    <tag k="local_y" v="-40750.8079253266"/>
  </node>
  <node id="385" visible="true" version="1" lat="0.00000000000" lon="0.00000000000">
    <tag k="ele" v="27.642249999999997"/>
    <tag k="local_x" v="-9263.303830591947"/>
    <tag k="local_y" v="-40748.6555605385"/>
  </node>
  <node id="386" visible="true" version="1" lat="0.00000000000" lon="0.00000000000">
    <tag k="ele" v="28.848249999999997"/>
    <tag k="local_x" v="-9319.52694401007"/>
    <tag k="local_y" v="-40800.31817239243"/>
  </node>
  <node id="387" visible="true" version="1" lat="0.00000000000" lon="0.00000000000">
    <tag k="ele" v="28.852249999999998"/>
    <tag k="local_x" v="-9317.828790232825"/>
    <tag k="local_y" v="-40801.376493002026"/>
  </node>
  <node id="388" visible="true" version="1" lat="0.00000000000" lon="0.00000000000">
    <tag k="ele" v="28.886249999999997"/>
    <tag k="local_x" v="-9316.147669322036"/>
    <tag k="local_y" v="-40802.460362911304"/>
  </node>
  <node id="389" visible="true" version="1" lat="0.00000000000" lon="0.00000000000">
    <tag k="ele" v="28.838749999999997"/>
    <tag k="local_x" v="-9315.172557962293"/>
    <tag k="local_y" v="-40803.701859328285"/>
  </node>
  <node id="390" visible="true" version="1" lat="0.00000000000" lon="0.00000000000">
    <tag k="ele" v="28.801499999999997"/>
    <tag k="local_x" v="-9312.76285039329"/>
    <tag k="local_y" v="-40804.59423706911"/>
  </node>
  <node id="391" visible="true" version="1" lat="0.00000000000" lon="0.00000000000">
    <tag k="ele" v="28.822"/>
    <tag k="local_x" v="-9320.77155701204"/>
    <tag k="local_y" v="-40802.18509189538"/>
  </node>
  <node id="392" visible="true" version="1" lat="0.00000000000" lon="0.00000000000">
    <tag k="ele" v="28.8315"/>
    <tag k="local_x" v="-9319.041591830963"/>
    <tag k="local_y" v="-40803.19569539923"/>
  </node>
  <node id="393" visible="true" version="1" lat="0.00000000000" lon="0.00000000000">
    <tag k="ele" v="28.8315"/>
    <tag k="local_x" v="-9317.266551203042"/>
    <tag k="local_y" v="-40804.13868573281"/>
  </node>
  <node id="394" visible="true" version="1" lat="0.00000000000" lon="0.00000000000">
    <tag k="ele" v="28.771499999999996"/>
    <tag k="local_x" v="-9316.351295879269"/>
    <tag k="local_y" v="-40805.46996620375"/>
  </node>
  <node id="395" visible="true" version="1" lat="0.00000000000" lon="0.00000000000">
    <tag k="ele" v="28.7735"/>
    <tag k="local_x" v="-9314.082413190741"/>
    <tag k="local_y" v="-40806.573581265286"/>
  </node>
  <node id="396" visible="true" version="1" lat="0.00000000000" lon="0.00000000000">
    <tag k="ele" v="28.8235"/>
    <tag k="local_x" v="-9321.926032851334"/>
    <tag k="local_y" v="-40803.91680565432"/>
  </node>
  <node id="397" visible="true" version="1" lat="0.00000000000" lon="0.00000000000">
    <tag k="ele" v="28.7915"/>
    <tag k="local_x" v="-9320.095522203792"/>
    <tag k="local_y" v="-40804.77659095847"/>
  </node>
  <node id="398" visible="true" version="1" lat="0.00000000000" lon="0.00000000000">
    <tag k="ele" v="28.771749999999997"/>
    <tag k="local_x" v="-9318.320481575869"/>
    <tag k="local_y" v="-40805.719581292054"/>
  </node>
  <node id="399" visible="true" version="1" lat="0.00000000000" lon="0.00000000000">
    <tag k="ele" v="28.883499999999998"/>
    <tag k="local_x" v="-9317.530033796245"/>
    <tag k="local_y" v="-40807.238073079214"/>
  </node>
  <node id="400" visible="true" version="1" lat="0.00000000000" lon="0.00000000000">
    <tag k="ele" v="28.79975"/>
    <tag k="local_x" v="-9315.299308641004"/>
    <tag k="local_y" v="-40808.398924440684"/>
  </node>
  <node id="401" visible="true" version="1" lat="0.00000000000" lon="0.00000000000">
    <tag k="ele" v="28.94775"/>
    <tag k="local_x" v="-9264.916393358144"/>
    <tag k="local_y" v="-40820.241009346064"/>
  </node>
  <node id="402" visible="true" version="1" lat="0.00000000000" lon="0.00000000000">
    <tag k="ele" v="28.924999999999997"/>
    <tag k="local_x" v="-9266.311054662881"/>
    <tag k="local_y" v="-40819.819883159245"/>
  </node>
  <node id="403" visible="true" version="1" lat="0.00000000000" lon="0.00000000000">
    <tag k="ele" v="28.892249999999997"/>
    <tag k="local_x" v="-9267.680587066614"/>
    <tag k="local_y" v="-40819.38038118699"/>
  </node>
  <node id="404" visible="true" version="1" lat="0.00000000000" lon="0.00000000000">
    <tag k="ele" v="28.8615"/>
    <tag k="local_x" v="-9269.548218007763"/>
    <tag k="local_y" v="-40818.71036652928"/>
  </node>
  <node id="405" visible="true" version="1" lat="0.00000000000" lon="0.00000000000">
    <tag k="ele" v="28.94775"/>
    <tag k="local_x" v="-9264.020768272669"/>
    <tag k="local_y" v="-40816.87452802112"/>
  </node>
  <node id="406" visible="true" version="1" lat="0.00000000000" lon="0.00000000000">
    <tag k="ele" v="28.924999999999997"/>
    <tag k="local_x" v="-9265.348323570288"/>
    <tag k="local_y" v="-40816.462495676"/>
  </node>
  <node id="407" visible="true" version="1" lat="0.00000000000" lon="0.00000000000">
    <tag k="ele" v="28.892249999999997"/>
    <tag k="local_x" v="-9266.647506597938"/>
    <tag k="local_y" v="-40816.036015605336"/>
  </node>
  <node id="408" visible="true" version="1" lat="0.00000000000" lon="0.00000000000">
    <tag k="ele" v="28.8615"/>
    <tag k="local_x" v="-9268.477055352705"/>
    <tag k="local_y" v="-40815.36848295982"/>
  </node>
  <node id="409" visible="true" version="1" lat="0.00000000000" lon="0.00000000000">
    <tag k="ele" v="28.94775"/>
    <tag k="local_x" v="-9263.120922035721"/>
    <tag k="local_y" v="-40813.49218020491"/>
  </node>
  <node id="410" visible="true" version="1" lat="0.00000000000" lon="0.00000000000">
    <tag k="ele" v="28.924999999999997"/>
    <tag k="local_x" v="-9264.383578265582"/>
    <tag k="local_y" v="-40813.09808391508"/>
  </node>
  <node id="411" visible="true" version="1" lat="0.00000000000" lon="0.00000000000">
    <tag k="ele" v="28.892249999999997"/>
    <tag k="local_x" v="-9265.614511986454"/>
    <tag k="local_y" v="-40812.69192796703"/>
  </node>
  <node id="412" visible="true" version="1" lat="0.00000000000" lon="0.00000000000">
    <tag k="ele" v="28.8615"/>
    <tag k="local_x" v="-9267.40874824775"/>
    <tag k="local_y" v="-40812.035508323024"/>
  </node>
  <node id="413" visible="true" version="1" lat="0.00000000000" lon="0.00000000000">
    <tag k="ele" v="28.94775"/>
    <tag k="local_x" v="-9262.221075798772"/>
    <tag k="local_y" v="-40810.10983238869"/>
  </node>
  <node id="414" visible="true" version="1" lat="0.00000000000" lon="0.00000000000">
    <tag k="ele" v="28.924999999999997"/>
    <tag k="local_x" v="-9263.418832960879"/>
    <tag k="local_y" v="-40809.73367215415"/>
  </node>
  <node id="415" visible="true" version="1" lat="0.00000000000" lon="0.00000000000">
    <tag k="ele" v="28.892249999999997"/>
    <tag k="local_x" v="-9264.58151737497"/>
    <tag k="local_y" v="-40809.34784032873"/>
  </node>
  <node id="416" visible="true" version="1" lat="0.00000000000" lon="0.00000000000">
    <tag k="ele" v="28.8615"/>
    <tag k="local_x" v="-9266.340441142795"/>
    <tag k="local_y" v="-40808.702533686235"/>
  </node>
  <node id="417" visible="true" version="1" lat="0.00000000000" lon="0.00000000000">
    <tag k="ele" v="28.858749999999997"/>
    <tag k="local_x" v="-9261.352019269216"/>
    <tag k="local_y" v="-40806.84321712241"/>
  </node>
  <node id="418" visible="true" version="1" lat="0.00000000000" lon="0.00000000000">
    <tag k="ele" v="28.924999999999997"/>
    <tag k="local_x" v="-9262.471393721165"/>
    <tag k="local_y" v="-40806.429612828535"/>
  </node>
  <node id="419" visible="true" version="1" lat="0.00000000000" lon="0.00000000000">
    <tag k="ele" v="28.779249999999998"/>
    <tag k="local_x" v="-9263.545423544689"/>
    <tag k="local_y" v="-40805.99371966687"/>
  </node>
  <node id="420" visible="true" version="1" lat="0.00000000000" lon="0.00000000000">
    <tag k="ele" v="28.75425"/>
    <tag k="local_x" v="-9265.224969988145"/>
    <tag k="local_y" v="-40805.22241355104"/>
  </node>
  <node id="421" visible="true" version="1" lat="0.00000000000" lon="0.00000000000">
    <tag k="ele" v="28.596749999999997"/>
    <tag k="local_x" v="-9309.260230811997"/>
    <tag k="local_y" v="-40789.55979242734"/>
  </node>
  <node id="422" visible="true" version="1" lat="0.00000000000" lon="0.00000000000">
    <tag k="ele" v="28.566999999999997"/>
    <tag k="local_x" v="-9308.174998014993"/>
    <tag k="local_y" v="-40788.75372263776"/>
  </node>
  <node id="423" visible="true" version="1" lat="0.00000000000" lon="0.00000000000">
    <tag k="ele" v="28.612"/>
    <tag k="local_x" v="-9307.248537717845"/>
    <tag k="local_y" v="-40788.00584912862"/>
  </node>
  <node id="424" visible="true" version="1" lat="0.00000000000" lon="0.00000000000">
    <tag k="ele" v="28.755499999999998"/>
    <tag k="local_x" v="-9308.895113649545"/>
    <tag k="local_y" v="-40791.64501289137"/>
  </node>
  <node id="425" visible="true" version="1" lat="0.00000000000" lon="0.00000000000">
    <tag k="ele" v="28.572999999999997"/>
    <tag k="local_x" v="-9307.65944115122"/>
    <tag k="local_y" v="-40791.03988612232"/>
  </node>
  <node id="426" visible="true" version="1" lat="0.00000000000" lon="0.00000000000">
    <tag k="ele" v="28.582499999999996"/>
    <tag k="local_x" v="-9306.631646231757"/>
    <tag k="local_y" v="-40790.473415072964"/>
  </node>
  <node id="427" visible="true" version="1" lat="0.00000000000" lon="0.00000000000">
    <tag k="ele" v="28.652749999999997"/>
    <tag k="local_x" v="-9308.512972315351"/>
    <tag k="local_y" v="-40793.82746009507"/>
  </node>
  <node id="428" visible="true" version="1" lat="0.00000000000" lon="0.00000000000">
    <tag k="ele" v="28.607999999999997"/>
    <tag k="local_x" v="-9307.140253731823"/>
    <tag k="local_y" v="-40793.342148788724"/>
  </node>
  <node id="429" visible="true" version="1" lat="0.00000000000" lon="0.00000000000">
    <tag k="ele" v="28.610249999999997"/>
    <tag k="local_x" v="-9306.028066427827"/>
    <tag k="local_y" v="-40792.88773428866"/>
  </node>
  <way id="1" visible="true" version="1">
    <nd ref="85"/>
    <nd ref="86"/>
    <nd ref="87"/>
    <nd ref="88"/>
    <tag k="subtype" v="solid"/>
    <tag k="type" v="line_thin"/>
  </way>
  <way id="2" visible="true" version="1">
    <nd ref="89"/>
    <nd ref="90"/>
    <nd ref="91"/>
    <nd ref="92"/>
    <tag k="subtype" v="dashed"/>
    <tag k="type" v="line_thin"/>
  </way>
  <way id="3" visible="true" version="1">
    <nd ref="93"/>
    <nd ref="94"/>
    <nd ref="95"/>
    <nd ref="96"/>
    <tag k="subtype" v="dashed"/>
    <tag k="type" v="line_thin"/>
  </way>
  <way id="4" visible="true" version="1">
    <nd ref="97"/>
    <nd ref="98"/>
    <nd ref="99"/>
    <nd ref="100"/>
    <tag k="subtype" v="solid"/>
    <tag k="type" v="line_thin"/>
  </way>
  <way id="5" visible="true" version="1">
    <nd ref="101"/>
    <nd ref="102"/>
    <nd ref="103"/>
    <nd ref="104"/>
    <tag k="subtype" v="dashed"/>
    <tag k="type" v="line_thin"/>
  </way>
  <way id="6" visible="true" version="1">
    <nd ref="105"/>
    <nd ref="106"/>
    <nd ref="107"/>
    <nd ref="108"/>
    <tag k="subtype" v="dashed"/>
    <tag k="type" v="line_thin"/>
  </way>
  <way id="7" visible="true" version="1">
    <nd ref="109"/>
    <nd ref="110"/>
    <nd ref="111"/>
    <nd ref="112"/>
    <tag k="subtype" v="solid"/>
    <tag k="type" v="line_thin"/>
  </way>
  <way id="14" visible="true" version="1">
    <nd ref="113"/>
    <nd ref="114"/>
    <nd ref="115"/>
    <nd ref="116"/>
    <nd ref="117"/>
    <nd ref="118"/>
    <nd ref="119"/>
    <nd ref="120"/>
    <nd ref="121"/>
    <nd ref="122"/>
    <nd ref="123"/>
    <nd ref="124"/>
    <nd ref="125"/>
    <nd ref="126"/>
    <nd ref="127"/>
    <nd ref="128"/>
    <tag k="subtype" v="solid"/>
    <tag k="type" v="line_thin"/>
  </way>
  <way id="15" visible="true" version="1">
    <nd ref="129"/>
    <nd ref="130"/>
    <nd ref="131"/>
    <nd ref="132"/>
    <nd ref="133"/>
    <nd ref="134"/>
    <nd ref="135"/>
    <nd ref="136"/>
    <nd ref="137"/>
    <nd ref="138"/>
    <nd ref="139"/>
    <nd ref="140"/>
    <nd ref="141"/>
    <nd ref="142"/>
    <nd ref="143"/>
    <nd ref="144"/>
    <tag k="subtype" v="dashed"/>
    <tag k="type" v="line_thin"/>
  </way>
  <way id="16" visible="true" version="1">
    <nd ref="145"/>
    <nd ref="146"/>
    <nd ref="147"/>
    <nd ref="148"/>
    <nd ref="149"/>
    <nd ref="150"/>
    <nd ref="151"/>
    <nd ref="152"/>
    <nd ref="153"/>
    <nd ref="154"/>
    <nd ref="155"/>
    <nd ref="156"/>
    <nd ref="157"/>
    <nd ref="158"/>
    <nd ref="159"/>
    <nd ref="160"/>
    <tag k="subtype" v="dashed"/>
    <tag k="type" v="line_thin"/>
  </way>
  <way id="17" visible="true" version="1">
    <nd ref="161"/>
    <nd ref="162"/>
    <nd ref="163"/>
    <nd ref="164"/>
    <nd ref="165"/>
    <nd ref="166"/>
    <nd ref="167"/>
    <nd ref="168"/>
    <nd ref="169"/>
    <nd ref="170"/>
    <nd ref="171"/>
    <nd ref="172"/>
    <nd ref="173"/>
    <nd ref="174"/>
    <nd ref="175"/>
    <nd ref="176"/>
    <tag k="subtype" v="solid"/>
    <tag k="type" v="line_thin"/>
  </way>
  <way id="18" visible="true" version="1">
    <nd ref="177"/>
    <nd ref="178"/>
    <nd ref="179"/>
    <nd ref="180"/>
    <nd ref="181"/>
    <nd ref="182"/>
    <nd ref="183"/>
    <nd ref="184"/>
    <nd ref="185"/>
    <nd ref="186"/>
    <nd ref="187"/>
    <nd ref="188"/>
    <nd ref="189"/>
    <nd ref="190"/>
    <nd ref="191"/>
    <nd ref="192"/>
    <tag k="subtype" v="dashed"/>
    <tag k="type" v="line_thin"/>
  </way>
  <way id="19" visible="true" version="1">
    <nd ref="193"/>
    <nd ref="194"/>
    <nd ref="195"/>
    <nd ref="196"/>
    <nd ref="197"/>
    <nd ref="198"/>
    <nd ref="199"/>
    <nd ref="200"/>
    <nd ref="201"/>
    <nd ref="202"/>
    <nd ref="203"/>
    <nd ref="204"/>
    <nd ref="205"/>
    <nd ref="206"/>
    <nd ref="207"/>
    <nd ref="208"/>
    <tag k="subtype" v="dashed"/>
    <tag k="type" v="line_thin"/>
  </way>
  <way id="20" visible="true" version="1">
    <nd ref="209"/>
    <nd ref="210"/>
    <nd ref="211"/>
    <nd ref="212"/>
    <nd ref="213"/>
    <nd ref="214"/>
    <nd ref="215"/>
    <nd ref="216"/>
    <nd ref="217"/>
    <nd ref="218"/>
    <nd ref="219"/>
    <nd ref="220"/>
    <nd ref="221"/>
    <nd ref="222"/>
    <nd ref="223"/>
    <nd ref="224"/>
    <tag k="subtype" v="solid"/>
    <tag k="type" v="line_thin"/>
  </way>
  <way id="27" visible="true" version="1">
    <nd ref="225"/>
    <nd ref="226"/>
    <nd ref="227"/>
    <nd ref="228"/>
    <nd ref="229"/>
    <nd ref="230"/>
    <nd ref="231"/>
    <tag k="subtype" v="solid"/>
    <tag k="type" v="line_thin"/>
  </way>
  <way id="28" visible="true" version="1">
    <nd ref="232"/>
    <nd ref="233"/>
    <nd ref="234"/>
    <nd ref="235"/>
    <nd ref="236"/>
    <nd ref="237"/>
    <nd ref="238"/>
    <tag k="subtype" v="dashed"/>
    <tag k="type" v="line_thin"/>
  </way>
  <way id="29" visible="true" version="1">
    <nd ref="239"/>
    <nd ref="240"/>
    <nd ref="241"/>
    <nd ref="242"/>
    <nd ref="243"/>
    <nd ref="244"/>
    <nd ref="245"/>
    <tag k="subtype" v="dashed"/>
    <tag k="type" v="line_thin"/>
  </way>
  <way id="30" visible="true" version="1">
    <nd ref="246"/>
    <nd ref="247"/>
    <nd ref="248"/>
    <nd ref="249"/>
    <nd ref="250"/>
    <nd ref="251"/>
    <nd ref="252"/>
    <tag k="subtype" v="solid"/>
    <tag k="type" v="line_thin"/>
  </way>
  <way id="31" visible="true" version="1">
    <nd ref="253"/>
    <nd ref="254"/>
    <nd ref="255"/>
    <nd ref="256"/>
    <nd ref="257"/>
    <nd ref="258"/>
    <nd ref="259"/>
    <tag k="subtype" v="dashed"/>
    <tag k="type" v="line_thin"/>
  </way>
  <way id="32" visible="true" version="1">
    <nd ref="260"/>
    <nd ref="261"/>
    <nd ref="262"/>
    <nd ref="263"/>
    <nd ref="264"/>
    <nd ref="265"/>
    <nd ref="266"/>
    <tag k="subtype" v="dashed"/>
    <tag k="type" v="line_thin"/>
  </way>
  <way id="33" visible="true" version="1">
    <nd ref="267"/>
    <nd ref="268"/>
    <nd ref="269"/>
    <nd ref="270"/>
    <nd ref="271"/>
    <nd ref="272"/>
    <nd ref="273"/>
    <tag k="subtype" v="solid"/>
    <tag k="type" v="line_thin"/>
  </way>
  <way id="40" visible="true" version="1">
    <nd ref="274"/>
    <nd ref="275"/>
    <nd ref="276"/>
    <nd ref="277"/>
    <nd ref="278"/>
    <nd ref="279"/>
    <nd ref="280"/>
    <nd ref="281"/>
    <nd ref="282"/>
    <nd ref="283"/>
    <nd ref="284"/>
    <tag k="subtype" v="solid"/>
    <tag k="type" v="line_thin"/>
  </way>
  <way id="41" visible="true" version="1">
    <nd ref="285"/>
    <nd ref="286"/>
    <nd ref="287"/>
    <nd ref="288"/>
    <nd ref="289"/>
    <nd ref="290"/>
    <nd ref="291"/>
    <nd ref="292"/>
    <nd ref="293"/>
    <nd ref="294"/>
    <nd ref="295"/>
    <tag k="subtype" v="dashed"/>
    <tag k="type" v="line_thin"/>
  </way>
  <way id="42" visible="true" version="1">
    <nd ref="296"/>
    <nd ref="297"/>
    <nd ref="298"/>
    <nd ref="299"/>
    <nd ref="300"/>
    <nd ref="301"/>
    <nd ref="302"/>
    <nd ref="303"/>
    <nd ref="304"/>
    <nd ref="305"/>
    <nd ref="306"/>
    <tag k="subtype" v="dashed"/>
    <tag k="type" v="line_thin"/>
  </way>
  <way id="43" visible="true" version="1">
    <nd ref="307"/>
    <nd ref="308"/>
    <nd ref="309"/>
    <nd ref="310"/>
    <nd ref="311"/>
    <nd ref="312"/>
    <nd ref="313"/>
    <nd ref="314"/>
    <nd ref="315"/>
    <nd ref="316"/>
    <nd ref="317"/>
    <tag k="subtype" v="solid"/>
    <tag k="type" v="line_thin"/>
  </way>
  <way id="44" visible="true" version="1">
    <nd ref="318"/>
    <nd ref="319"/>
    <nd ref="320"/>
    <nd ref="321"/>
    <nd ref="322"/>
    <nd ref="323"/>
    <nd ref="324"/>
    <nd ref="325"/>
    <nd ref="326"/>
    <nd ref="327"/>
    <nd ref="328"/>
    <tag k="subtype" v="dashed"/>
    <tag k="type" v="line_thin"/>
  </way>
  <way id="45" visible="true" version="1">
    <nd ref="329"/>
    <nd ref="330"/>
    <nd ref="331"/>
    <nd ref="332"/>
    <nd ref="333"/>
    <nd ref="334"/>
    <nd ref="335"/>
    <nd ref="336"/>
    <nd ref="337"/>
    <nd ref="338"/>
    <nd ref="339"/>
    <tag k="subtype" v="dashed"/>
    <tag k="type" v="line_thin"/>
  </way>
  <way id="46" visible="true" version="1">
    <nd ref="340"/>
    <nd ref="341"/>
    <nd ref="342"/>
    <nd ref="343"/>
    <nd ref="344"/>
    <nd ref="345"/>
    <nd ref="346"/>
    <nd ref="347"/>
    <nd ref="348"/>
    <nd ref="349"/>
    <nd ref="350"/>
    <tag k="subtype" v="solid"/>
    <tag k="type" v="line_thin"/>
  </way>
  <way id="53" visible="true" version="1">
    <nd ref="351"/>
    <nd ref="352"/>
    <nd ref="353"/>
    <nd ref="354"/>
    <nd ref="355"/>
    <tag k="subtype" v="solid"/>
    <tag k="type" v="line_thin"/>
  </way>
  <way id="54" visible="true" version="1">
    <nd ref="356"/>
    <nd ref="357"/>
    <nd ref="358"/>
    <nd ref="359"/>
    <nd ref="360"/>
    <tag k="subtype" v="dashed"/>
    <tag k="type" v="line_thin"/>
  </way>
  <way id="55" visible="true" version="1">
    <nd ref="361"/>
    <nd ref="362"/>
    <nd ref="363"/>
    <nd ref="364"/>
    <nd ref="365"/>
    <tag k="subtype" v="dashed"/>
    <tag k="type" v="line_thin"/>
  </way>
  <way id="56" visible="true" version="1">
    <nd ref="366"/>
    <nd ref="367"/>
    <nd ref="368"/>
    <nd ref="369"/>
    <nd ref="370"/>
    <tag k="subtype" v="solid"/>
    <tag k="type" v="line_thin"/>
  </way>
  <way id="57" visible="true" version="1">
    <nd ref="371"/>
    <nd ref="372"/>
    <nd ref="373"/>
    <nd ref="374"/>
    <nd ref="375"/>
    <tag k="subtype" v="dashed"/>
    <tag k="type" v="line_thin"/>
  </way>
  <way id="58" visible="true" version="1">
    <nd ref="376"/>
    <nd ref="377"/>
    <nd ref="378"/>
    <nd ref="379"/>
    <nd ref="380"/>
    <tag k="subtype" v="dashed"/>
    <tag k="type" v="line_thin"/>
  </way>
  <way id="59" visible="true" version="1">
    <nd ref="381"/>
    <nd ref="382"/>
    <nd ref="383"/>
    <nd ref="384"/>
    <nd ref="385"/>
    <tag k="subtype" v="solid"/>
    <tag k="type" v="line_thin"/>
  </way>
  <way id="66" visible="true" version="1">
    <nd ref="386"/>
    <nd ref="387"/>
    <nd ref="388"/>
    <nd ref="389"/>
    <nd ref="390"/>
    <tag k="subtype" v="solid"/>
    <tag k="type" v="line_thin"/>
  </way>
  <way id="67" visible="true" version="1">
    <nd ref="391"/>
    <nd ref="392"/>
    <nd ref="393"/>
    <nd ref="394"/>
    <nd ref="395"/>
    <tag k="subtype" v="solid"/>
    <tag k="type" v="line_thin"/>
  </way>
  <way id="68" visible="true" version="1">
    <nd ref="396"/>
    <nd ref="397"/>
    <nd ref="398"/>
    <nd ref="399"/>
    <nd ref="400"/>
    <tag k="subtype" v="solid"/>
    <tag k="type" v="line_thin"/>
  </way>
  <way id="71" visible="true" version="1">
    <nd ref="401"/>
    <nd ref="402"/>
    <nd ref="403"/>
    <nd ref="404"/>
    <tag k="subtype" v="solid"/>
    <tag k="type" v="line_thin"/>
  </way>
  <way id="72" visible="true" version="1">
    <nd ref="405"/>
    <nd ref="406"/>
    <nd ref="407"/>
    <nd ref="408"/>
    <tag k="subtype" v="dashed"/>
    <tag k="type" v="line_thin"/>
  </way>
  <way id="73" visible="true" version="1">
    <nd ref="409"/>
    <nd ref="410"/>
    <nd ref="411"/>
    <nd ref="412"/>
    <tag k="subtype" v="solid"/>
    <tag k="type" v="line_thin"/>
  </way>
  <way id="74" visible="true" version="1">
    <nd ref="413"/>
    <nd ref="414"/>
    <nd ref="415"/>
    <nd ref="416"/>
    <tag k="subtype" v="dashed"/>
    <tag k="type" v="line_thin"/>
  </way>
  <way id="75" visible="true" version="1">
    <nd ref="417"/>
    <nd ref="418"/>
    <nd ref="419"/>
    <nd ref="420"/>
    <tag k="subtype" v="solid"/>
    <tag k="type" v="line_thin"/>
  </way>
  <way id="80" visible="true" version="1">
    <nd ref="421"/>
    <nd ref="422"/>
    <nd ref="423"/>
    <tag k="subtype" v="solid"/>
    <tag k="type" v="line_thin"/>
  </way>
  <way id="81" visible="true" version="1">
    <nd ref="424"/>
    <nd ref="425"/>
    <nd ref="426"/>
    <tag k="subtype" v="solid"/>
    <tag k="type" v="line_thin"/>
  </way>
  <way id="82" visible="true" version="1">
    <nd ref="427"/>
    <nd ref="428"/>
    <nd ref="429"/>
    <tag k="subtype" v="solid"/>
    <tag k="type" v="line_thin"/>
  </way>
  <relation id="8" visible="true" version="1">
    <member type="way" ref="1" role="left"/>
    <member type="way" ref="2" role="right"/>
    <tag k="location" v="urban"/>
    <tag k="one_way" v="yes"/>
    <tag k="participant:vehicle" v="yes"/>
    <tag k="speed_limit" v="40"/>
    <tag k="subtype" v="road"/>
    <tag k="type" v="lanelet"/>
  </relation>
  <relation id="9" visible="true" version="1">
    <member type="way" ref="2" role="left"/>
    <member type="way" ref="3" role="right"/>
    <tag k="location" v="urban"/>
    <tag k="one_way" v="yes"/>
    <tag k="participant:vehicle" v="yes"/>
    <tag k="speed_limit" v="40"/>
    <tag k="subtype" v="road"/>
    <tag k="type" v="lanelet"/>
  </relation>
  <relation id="10" visible="true" version="1">
    <member type="way" ref="3" role="left"/>
    <member type="way" ref="4" role="right"/>
    <tag k="location" v="urban"/>
    <tag k="one_way" v="yes"/>
    <tag k="participant:vehicle" v="yes"/>
    <tag k="speed_limit" v="40"/>
    <tag k="subtype" v="road"/>
    <tag k="type" v="lanelet"/>
  </relation>
  <relation id="11" visible="true" version="1">
    <member type="way" ref="5" role="left"/>
    <member type="way" ref="4" role="right"/>
    <tag k="location" v="urban"/>
    <tag k="one_way" v="yes"/>
    <tag k="participant:vehicle" v="yes"/>
    <tag k="speed_limit" v="40"/>
    <tag k="subtype" v="road"/>
    <tag k="type" v="lanelet"/>
  </relation>
  <relation id="12" visible="true" version="1">
    <member type="way" ref="6" role="left"/>
    <member type="way" ref="5" role="right"/>
    <tag k="location" v="urban"/>
    <tag k="one_way" v="yes"/>
    <tag k="participant:vehicle" v="yes"/>
    <tag k="speed_limit" v="40"/>
    <tag k="subtype" v="road"/>
    <tag k="type" v="lanelet"/>
  </relation>
  <relation id="13" visible="true" version="1">
    <member type="way" ref="7" role="left"/>
    <member type="way" ref="6" role="right"/>
    <tag k="location" v="urban"/>
    <tag k="one_way" v="yes"/>
    <tag k="participant:vehicle" v="yes"/>
    <tag k="speed_limit" v="40"/>
    <tag k="subtype" v="road"/>
    <tag k="type" v="lanelet"/>
  </relation>
  <relation id="21" visible="true" version="1">
    <member type="way" ref="14" role="left"/>
    <member type="way" ref="15" role="right"/>
    <tag k="location" v="urban"/>
    <tag k="one_way" v="yes"/>
    <tag k="participant:vehicle" v="yes"/>
    <tag k="speed_limit" v="40"/>
    <tag k="subtype" v="road"/>
    <tag k="type" v="lanelet"/>
  </relation>
  <relation id="22" visible="true" version="1">
    <member type="way" ref="15" role="left"/>
    <member type="way" ref="16" role="right"/>
    <tag k="location" v="urban"/>
    <tag k="one_way" v="yes"/>
    <tag k="participant:vehicle" v="yes"/>
    <tag k="speed_limit" v="40"/>
    <tag k="subtype" v="road"/>
    <tag k="type" v="lanelet"/>
  </relation>
  <relation id="23" visible="true" version="1">
    <member type="way" ref="16" role="left"/>
    <member type="way" ref="17" role="right"/>
    <tag k="location" v="urban"/>
    <tag k="one_way" v="yes"/>
    <tag k="participant:vehicle" v="yes"/>
    <tag k="speed_limit" v="40"/>
    <tag k="subtype" v="road"/>
    <tag k="type" v="lanelet"/>
  </relation>
  <relation id="24" visible="true" version="1">
    <member type="way" ref="18" role="left"/>
    <member type="way" ref="17" role="right"/>
    <tag k="location" v="urban"/>
    <tag k="one_way" v="yes"/>
    <tag k="participant:vehicle" v="yes"/>
    <tag k="speed_limit" v="40"/>
    <tag k="subtype" v="road"/>
    <tag k="type" v="lanelet"/>
  </relation>
  <relation id="25" visible="true" version="1">
    <member type="way" ref="19" role="left"/>
    <member type="way" ref="18" role="right"/>
    <tag k="location" v="urban"/>
    <tag k="one_way" v="yes"/>
    <tag k="participant:vehicle" v="yes"/>
    <tag k="speed_limit" v="40"/>
    <tag k="subtype" v="road"/>
    <tag k="type" v="lanelet"/>
  </relation>
  <relation id="26" visible="true" version="1">
    <member type="way" ref="20" role="left"/>
    <member type="way" ref="19" role="right"/>
    <tag k="location" v="urban"/>
    <tag k="one_way" v="yes"/>
    <tag k="participant:vehicle" v="yes"/>
    <tag k="speed_limit" v="40"/>
    <tag k="subtype" v="road"/>
    <tag k="type" v="lanelet"/>
  </relation>
  <relation id="34" visible="true" version="1">
    <member type="way" ref="27" role="left"/>
    <member type="way" ref="28" role="right"/>
    <tag k="location" v="urban"/>
    <tag k="one_way" v="yes"/>
    <tag k="participant:vehicle" v="yes"/>
    <tag k="speed_limit" v="40"/>
    <tag k="subtype" v="road"/>
    <tag k="type" v="lanelet"/>
  </relation>
  <relation id="35" visible="true" version="1">
    <member type="way" ref="28" role="left"/>
    <member type="way" ref="29" role="right"/>
    <tag k="location" v="urban"/>
    <tag k="one_way" v="yes"/>
    <tag k="participant:vehicle" v="yes"/>
    <tag k="speed_limit" v="40"/>
    <tag k="subtype" v="road"/>
    <tag k="type" v="lanelet"/>
  </relation>
  <relation id="36" visible="true" version="1">
    <member type="way" ref="29" role="left"/>
    <member type="way" ref="30" role="right"/>
    <tag k="location" v="urban"/>
    <tag k="one_way" v="yes"/>
    <tag k="participant:vehicle" v="yes"/>
    <tag k="speed_limit" v="40"/>
    <tag k="subtype" v="road"/>
    <tag k="type" v="lanelet"/>
  </relation>
  <relation id="37" visible="true" version="1">
    <member type="way" ref="31" role="left"/>
    <member type="way" ref="30" role="right"/>
    <tag k="location" v="urban"/>
    <tag k="one_way" v="yes"/>
    <tag k="participant:vehicle" v="yes"/>
    <tag k="speed_limit" v="40"/>
    <tag k="subtype" v="road"/>
    <tag k="type" v="lanelet"/>
  </relation>
  <relation id="38" visible="true" version="1">
    <member type="way" ref="32" role="left"/>
    <member type="way" ref="31" role="right"/>
    <tag k="location" v="urban"/>
    <tag k="one_way" v="yes"/>
    <tag k="participant:vehicle" v="yes"/>
    <tag k="speed_limit" v="40"/>
    <tag k="subtype" v="road"/>
    <tag k="type" v="lanelet"/>
  </relation>
  <relation id="39" visible="true" version="1">
    <member type="way" ref="33" role="left"/>
    <member type="way" ref="32" role="right"/>
    <tag k="location" v="urban"/>
    <tag k="one_way" v="yes"/>
    <tag k="participant:vehicle" v="yes"/>
    <tag k="speed_limit" v="40"/>
    <tag k="subtype" v="road"/>
    <tag k="type" v="lanelet"/>
  </relation>
  <relation id="47" visible="true" version="1">
    <member type="way" ref="40" role="left"/>
    <member type="way" ref="41" role="right"/>
    <tag k="location" v="urban"/>
    <tag k="one_way" v="yes"/>
    <tag k="participant:vehicle" v="yes"/>
    <tag k="speed_limit" v="40"/>
    <tag k="subtype" v="road"/>
    <tag k="type" v="lanelet"/>
  </relation>
  <relation id="48" visible="true" version="1">
    <member type="way" ref="41" role="left"/>
    <member type="way" ref="42" role="right"/>
    <tag k="location" v="urban"/>
    <tag k="one_way" v="yes"/>
    <tag k="participant:vehicle" v="yes"/>
    <tag k="speed_limit" v="40"/>
    <tag k="subtype" v="road"/>
    <tag k="type" v="lanelet"/>
  </relation>
  <relation id="49" visible="true" version="1">
    <member type="way" ref="42" role="left"/>
    <member type="way" ref="43" role="right"/>
    <tag k="location" v="urban"/>
    <tag k="one_way" v="yes"/>
    <tag k="participant:vehicle" v="yes"/>
    <tag k="speed_limit" v="40"/>
    <tag k="subtype" v="road"/>
    <tag k="type" v="lanelet"/>
  </relation>
  <relation id="50" visible="true" version="1">
    <member type="way" ref="44" role="left"/>
    <member type="way" ref="43" role="right"/>
    <tag k="location" v="urban"/>
    <tag k="one_way" v="yes"/>
    <tag k="participant:vehicle" v="yes"/>
    <tag k="speed_limit" v="40"/>
    <tag k="subtype" v="road"/>
    <tag k="type" v="lanelet"/>
  </relation>
  <relation id="51" visible="true" version="1">
    <member type="way" ref="45" role="left"/>
    <member type="way" ref="44" role="right"/>
    <tag k="location" v="urban"/>
    <tag k="one_way" v="yes"/>
    <tag k="participant:vehicle" v="yes"/>
    <tag k="speed_limit" v="40"/>
    <tag k="subtype" v="road"/>
    <tag k="type" v="lanelet"/>
  </relation>
  <relation id="52" visible="true" version="1">
    <member type="way" ref="46" role="left"/>
    <member type="way" ref="45" role="right"/>
    <tag k="location" v="urban"/>
    <tag k="one_way" v="yes"/>
    <tag k="participant:vehicle" v="yes"/>
    <tag k="speed_limit" v="40"/>
    <tag k="subtype" v="road"/>
    <tag k="type" v="lanelet"/>
  </relation>
  <relation id="60" visible="true" version="1">
    <member type="way" ref="53" role="left"/>
    <member type="way" ref="54" role="right"/>
    <tag k="location" v="urban"/>
    <tag k="one_way" v="yes"/>
    <tag k="participant:vehicle" v="yes"/>
    <tag k="speed_limit" v="40"/>
    <tag k="subtype" v="road"/>
    <tag k="type" v="lanelet"/>
  </relation>
  <relation id="61" visible="true" version="1">
    <member type="way" ref="54" role="left"/>
    <member type="way" ref="55" role="right"/>
    <tag k="location" v="urban"/>
    <tag k="one_way" v="yes"/>
    <tag k="participant:vehicle" v="yes"/>
    <tag k="speed_limit" v="40"/>
    <tag k="subtype" v="road"/>
    <tag k="type" v="lanelet"/>
  </relation>
  <relation id="62" visible="true" version="1">
    <member type="way" ref="55" role="left"/>
    <member type="way" ref="56" role="right"/>
    <tag k="location" v="urban"/>
    <tag k="one_way" v="yes"/>
    <tag k="participant:vehicle" v="yes"/>
    <tag k="speed_limit" v="40"/>
    <tag k="subtype" v="road"/>
    <tag k="type" v="lanelet"/>
  </relation>
  <relation id="63" visible="true" version="1">
    <member type="way" ref="57" role="left"/>
    <member type="way" ref="56" role="right"/>
    <tag k="location" v="urban"/>
    <tag k="one_way" v="yes"/>
    <tag k="participant:vehicle" v="yes"/>
    <tag k="speed_limit" v="40"/>
    <tag k="subtype" v="road"/>
    <tag k="type" v="lanelet"/>
  </relation>
  <relation id="64" visible="true" version="1">
    <member type="way" ref="58" role="left"/>
    <member type="way" ref="57" role="right"/>
    <tag k="location" v="urban"/>
    <tag k="one_way" v="yes"/>
    <tag k="participant:vehicle" v="yes"/>
    <tag k="speed_limit" v="40"/>
    <tag k="subtype" v="road"/>
    <tag k="type" v="lanelet"/>
  </relation>
  <relation id="65" visible="true" version="1">
    <member type="way" ref="59" role="left"/>
    <member type="way" ref="58" role="right"/>
    <tag k="location" v="urban"/>
    <tag k="one_way" v="yes"/>
    <tag k="participant:vehicle" v="yes"/>
    <tag k="speed_limit" v="40"/>
    <tag k="subtype" v="road"/>
    <tag k="type" v="lanelet"/>
  </relation>
  <relation id="69" visible="true" version="1">
    <member type="way" ref="66" role="left"/>
    <member type="way" ref="67" role="right"/>
    <tag k="location" v="urban"/>
    <tag k="one_way" v="yes"/>
    <tag k="participant:vehicle" v="yes"/>
    <tag k="speed_limit" v="40"/>
    <tag k="subtype" v="road"/>
    <tag k="type" v="lanelet"/>
  </relation>
  <relation id="70" visible="true" version="1">
    <member type="way" ref="68" role="left"/>
    <member type="way" ref="67" role="right"/>
    <tag k="location" v="urban"/>
    <tag k="one_way" v="yes"/>
    <tag k="participant:vehicle" v="yes"/>
    <tag k="speed_limit" v="40"/>
    <tag k="subtype" v="road"/>
    <tag k="type" v="lanelet"/>
  </relation>
  <relation id="76" visible="true" version="1">
    <member type="way" ref="71" role="left"/>
    <member type="way" ref="72" role="right"/>
    <tag k="location" v="urban"/>
    <tag k="one_way" v="yes"/>
    <tag k="participant:vehicle" v="yes"/>
    <tag k="speed_limit" v="40"/>
    <tag k="subtype" v="road"/>
    <tag k="type" v="lanelet"/>
  </relation>
  <relation id="77" visible="true" version="1">
    <member type="way" ref="72" role="left"/>
    <member type="way" ref="73" role="right"/>
    <tag k="location" v="urban"/>
    <tag k="one_way" v="yes"/>
    <tag k="participant:vehicle" v="yes"/>
    <tag k="speed_limit" v="40"/>
    <tag k="subtype" v="road"/>
    <tag k="type" v="lanelet"/>
  </relation>
  <relation id="78" visible="true" version="1">
    <member type="way" ref="74" role="left"/>
    <member type="way" ref="73" role="right"/>
    <tag k="location" v="urban"/>
    <tag k="one_way" v="yes"/>
    <tag k="participant:vehicle" v="yes"/>
    <tag k="speed_limit" v="40"/>
    <tag k="subtype" v="road"/>
    <tag k="type" v="lanelet"/>
  </relation>
  <relation id="79" visible="true" version="1">
    <member type="way" ref="75" role="left"/>
    <member type="way" ref="74" role="right"/>
    <tag k="location" v="urban"/>
    <tag k="one_way" v="yes"/>
    <tag k="participant:vehicle" v="yes"/>
    <tag k="speed_limit" v="40"/>
    <tag k="subtype" v="road"/>
    <tag k="type" v="lanelet"/>
  </relation>
  <relation id="83" visible="true" version="1">
    <member type="way" ref="80" role="left"/>
    <member type="way" ref="81" role="right"/>
    <tag k="location" v="urban"/>
    <tag k="one_way" v="yes"/>
    <tag k="participant:vehicle" v="yes"/>
    <tag k="speed_limit" v="40"/>
    <tag k="subtype" v="road"/>
    <tag k="type" v="lanelet"/>
  </relation>
  <relation id="84" visible="true" version="1">
    <member type="way" ref="82" role="left"/>
    <member type="way" ref="81" role="right"/>
    <tag k="location" v="urban"/>
    <tag k="one_way" v="yes"/>
    <tag k="participant:vehicle" v="yes"/>
    <tag k="speed_limit" v="40"/>
    <tag k="subtype" v="road"/>
    <tag k="type" v="lanelet"/>
  </relation>
</osm>
